title,text,subject,label
A VIRAL POST WARN THAT THE WORLD WILL END NEXT MONTH about A NATURAL DISASTER!!!,"This will shock you! A viral post warn that the world will end next month related to a natural disaster. The mainstream media is completely silent about this shocking truth. This proves once and for all what they've been hiding all along. Sources who wish to remain anonymous say this is just the beginning, and that more shocking revelations are coming soon. Do your own research!",News,fake
AN UNNAMED SOURCE CLOSE TO THE FAMILY EXPOSE A MASSIVE COVER-UP about THE UPCOMING ELECTION!!!,"This has been hidden from the public for years! An unnamed source close to the family expose a massive cover-up related to the upcoming election. Share this NOW so the truth can finally come out!!! Click here now before this post gets taken down forever. Sources who wish to remain anonymous say this is just the beginning, and that more shocking revelations are coming soon. Do your own research!",News,fake
SCIENTISTS YOU'VE NEVER HEARD OF WARN THAT THE WORLD WILL END NEXT MONTH about A POLITICAL SCANDAL!!!,"The mainstream media refuses to report this! Scientists you've never heard of warn that the world will end next month related to a political scandal. Nobody is talking about this and that should scare you. The mainstream media is completely silent about this shocking truth. Sources who wish to remain anonymous say this is just the beginning, and that more shocking revelations are coming soon. Do your own research!",News,fake
A MYSTERIOUS WHISTLEBLOWER CLAIM THIS ONE WEIRD TRICK CURES EVERYTHING about THE HOUSING MARKET!!!,"Wake up people, this is huge! A mysterious whistleblower claim this one weird trick cures everything related to the housing market. The mainstream media is completely silent about this shocking truth. This proves once and for all what they've been hiding all along. Sources who wish to remain anonymous say this is just the beginning, and that more shocking revelations are coming soon. Do your own research!",News,fake
SOCIAL MEDIA USERS REVEAL THE TRUTH THEY DON'T WANT YOU TO KNOW about A NATURAL DISASTER!!!,"You won't believe what happens next! Social media users reveal the truth they don't want you to know related to a natural disaster. Thousands of people are waking up to the truth every single day. Click here now before this post gets taken down forever. Sources who wish to remain anonymous say this is just the beginning, and that more shocking revelations are coming soon. Do your own research!",News,fake
A SELF-PROCLAIMED EXPERT CONFIRM ALIENS ARE HIDING AMONG US about THE STOCK MARKET!!!,"Share before it gets deleted! A self-proclaimed expert confirm aliens are hiding among us related to the stock market. Nobody is talking about this and that should scare you. Thousands of people are waking up to the truth every single day. Sources who wish to remain anonymous say this is just the beginning, and that more shocking revelations are coming soon. Do your own research!",News,fake
AN ANONYMOUS INSIDER SHOW THE SHOCKING SECRET BEHIND THE SCENES about A POPULAR CELEBRITY!!!,"This has been hidden from the public for years! An anonymous insider show the shocking secret behind the scenes related to a popular celebrity. Thousands of people are waking up to the truth every single day. Nobody is talking about this and that should scare you. Sources who wish to remain anonymous say this is just the beginning, and that more shocking revelations are coming soon. Do your own research!",News,fake
A LEAKED DOCUMENT SAY THE VACCINE SECRETLY CONTAINS MICROCHIPS about THE UPCOMING ELECTION!!!,"This will shock you! A leaked document say the vaccine secretly contains microchips related to the upcoming election. Nobody is talking about this and that should scare you. Thousands of people are waking up to the truth every single day. Sources who wish to remain anonymous say this is just the beginning, and that more shocking revelations are coming soon. Do your own research!",News,fake
SCIENTISTS YOU'VE NEVER HEARD OF WARN THAT THE WORLD WILL END NEXT MONTH about THE EDUCATION SYSTEM!!!,"The mainstream media refuses to report this! Scientists you've never heard of warn that the world will end next month related to the education system. Click here now before this post gets taken down forever. This proves once and for all what they've been hiding all along. Sources who wish to remain anonymous say this is just the beginning, and that more shocking revelations are coming soon. Do your own research!",News,fake
AN UNNAMED SOURCE CLOSE TO THE FAMILY SHOW THE SHOCKING SECRET BEHIND THE SCENES about A POLITICAL SCANDAL!!!,"This will shock you! An unnamed source close to the family show the shocking secret behind the scenes related to a political scandal. Forward this to everyone you know before it's too late!!! The mainstream media is completely silent about this shocking truth. Sources who wish to remain anonymous say this is just the beginning, and that more shocking revelations are coming soon. Do your own research!",News,fake
A LEAKED DOCUMENT LEAK PROOF OF A GLOBAL CONSPIRACY about THE HOUSING MARKET!!!,"Wake up people, this is huge! A leaked document leak proof of a global conspiracy related to the housing market. Click here now before this post gets taken down forever. Forward this to everyone you know before it's too late!!! Sources who wish to remain anonymous say this is just the beginning, and that more shocking revelations are coming soon. Do your own research!",News,fake
A SECRET GOVERNMENT MEMO SAY THE VACCINE SECRETLY CONTAINS MICROCHIPS about CLIMATE CHANGE!!!,"This has been hidden from the public for years! A secret government memo say the vaccine secretly contains microchips related to climate change. Share this NOW so the truth can finally come out!!! Forward this to everyone you know before it's too late!!! Sources who wish to remain anonymous say this is just the beginning, and that more shocking revelations are coming soon. Do your own research!",News,fake
A SELF-PROCLAIMED EXPERT SAY THE VACCINE SECRETLY CONTAINS MICROCHIPS about CLIMATE CHANGE!!!,"The mainstream media refuses to report this! A self-proclaimed expert say the vaccine secretly contains microchips related to climate change. Nobody is talking about this and that should scare you. This miracle remedy was banned because big corporations were losing money. Sources who wish to remain anonymous say this is just the beginning, and that more shocking revelations are coming soon. Do your own research!",News,fake
DOCTORS REVEAL THE TRUTH THEY DON'T WANT YOU TO KNOW about A GLOBAL PANDEMIC!!!,"Experts are too afraid to speak up! Doctors reveal the truth they don't want you to know related to a global pandemic. Click here now before this post gets taken down forever. Thousands of people are waking up to the truth every single day. Sources who wish to remain anonymous say this is just the beginning, and that more shocking revelations are coming soon. Do your own research!",News,fake
A MYSTERIOUS WHISTLEBLOWER REVEAL CELEBRITIES ARE ACTUALLY ROBOTS about CLIMATE CHANGE!!!,"Share before it gets deleted! A mysterious whistleblower reveal celebrities are actually robots related to climate change. Share this NOW so the truth can finally come out!!! This miracle remedy was banned because big corporations were losing money. Sources who wish to remain anonymous say this is just the beginning, and that more shocking revelations are coming soon. Do your own research!",News,fake
A LEAKED DOCUMENT SAY THE GOVERNMENT IS HIDING THE CURE FOR CANCER about A NEW TECHNOLOGY!!!,"Experts are too afraid to speak up! A leaked document say the government is hiding the cure for cancer related to a new technology. Share this NOW so the truth can finally come out!!! The mainstream media is completely silent about this shocking truth. Sources who wish to remain anonymous say this is just the beginning, and that more shocking revelations are coming soon. Do your own research!",News,fake
A POPULAR BLOGGER EXPOSE A MASSIVE COVER-UP about THE NEW VACCINE!!!,"You won't believe what happens next! A popular blogger expose a massive cover-up related to the new vaccine. Forward this to everyone you know before it's too late!!! Thousands of people are waking up to the truth every single day. Sources who wish to remain anonymous say this is just the beginning, and that more shocking revelations are coming soon. Do your own research!",News,fake
A SELF-PROCLAIMED EXPERT SHOW THE SHOCKING SECRET BEHIND THE SCENES about THE HOUSING MARKET!!!,"The mainstream media refuses to report this! A self-proclaimed expert show the shocking secret behind the scenes related to the housing market. This miracle remedy was banned because big corporations were losing money. Share this NOW so the truth can finally come out!!! Sources who wish to remain anonymous say this is just the beginning, and that more shocking revelations are coming soon. Do your own research!",News,fake
A SECRET GOVERNMENT MEMO REVEAL THE TRUTH THEY DON'T WANT YOU TO KNOW about THE STOCK MARKET!!!,"This has been hidden from the public for years! A secret government memo reveal the truth they don't want you to know related to the stock market. This proves once and for all what they've been hiding all along. This proves once and for all what they've been hiding all along. Sources who wish to remain anonymous say this is just the beginning, and that more shocking revelations are coming soon. Do your own research!",News,fake
A LEAKED DOCUMENT INSIST THE MOON LANDING WAS STAGED about A POLITICAL SCANDAL!!!,"Experts are too afraid to speak up! A leaked document insist the moon landing was staged related to a political scandal. The mainstream media is completely silent about this shocking truth. Thousands of people are waking up to the truth every single day. Sources who wish to remain anonymous say this is just the beginning, and that more shocking revelations are coming soon. Do your own research!",News,fake
SCIENTISTS YOU'VE NEVER HEARD OF SHOW THE SHOCKING SECRET BEHIND THE SCENES about A TECH COMPANY'S NEW PRODUCT!!!,"The mainstream media refuses to report this! Scientists you've never heard of show the shocking secret behind the scenes related to a tech company's new product. The mainstream media is completely silent about this shocking truth. Share this NOW so the truth can finally come out!!! Sources who wish to remain anonymous say this is just the beginning, and that more shocking revelations are coming soon. Do your own research!",News,fake
A MYSTERIOUS WHISTLEBLOWER EXPOSE A MASSIVE COVER-UP about A MAJOR SPORTS EVENT!!!,"Share before it gets deleted! A mysterious whistleblower expose a massive cover-up related to a major sports event. Share this NOW so the truth can finally come out!!! Share this NOW so the truth can finally come out!!! Sources who wish to remain anonymous say this is just the beginning, and that more shocking revelations are coming soon. Do your own research!",News,fake
A LEAKED DOCUMENT SAY THE VACCINE SECRETLY CONTAINS MICROCHIPS about A POPULAR CELEBRITY!!!,"Wake up people, this is huge! A leaked document say the vaccine secretly contains microchips related to a popular celebrity. This proves once and for all what they've been hiding all along. Share this NOW so the truth can finally come out!!! Sources who wish to remain anonymous say this is just the beginning, and that more shocking revelations are coming soon. Do your own research!",News,fake
SOCIAL MEDIA USERS CONFIRM ALIENS ARE HIDING AMONG US about THE ECONOMY!!!,"You won't believe what happens next! Social media users confirm aliens are hiding among us related to the economy. Share this NOW so the truth can finally come out!!! This miracle remedy was banned because big corporations were losing money. Sources who wish to remain anonymous say this is just the beginning, and that more shocking revelations are coming soon. Do your own research!",News,fake
A POPULAR BLOGGER REVEAL THE TRUTH THEY DON'T WANT YOU TO KNOW about A MAJOR SPORTS EVENT!!!,"The mainstream media refuses to report this! A popular blogger reveal the truth they don't want you to know related to a major sports event. The mainstream media is completely silent about this shocking truth. Thousands of people are waking up to the truth every single day. Sources who wish to remain anonymous say this is just the beginning, and that more shocking revelations are coming soon. Do your own research!",News,fake
A SELF-PROCLAIMED EXPERT CLAIM THE ELECTION WAS COMPLETELY RIGGED about A GLOBAL PANDEMIC!!!,"Experts are too afraid to speak up! A self-proclaimed expert claim the election was completely rigged related to a global pandemic. Click here now before this post gets taken down forever. Thousands of people are waking up to the truth every single day. Sources who wish to remain anonymous say this is just the beginning, and that more shocking revelations are coming soon. Do your own research!",News,fake
AN ANONYMOUS INSIDER SAY THE GOVERNMENT IS HIDING THE CURE FOR CANCER about A NEW TECHNOLOGY!!!,"They don't want you to see this! An anonymous insider say the government is hiding the cure for cancer related to a new technology. Nobody is talking about this and that should scare you. The mainstream media is completely silent about this shocking truth. Sources who wish to remain anonymous say this is just the beginning, and that more shocking revelations are coming soon. Do your own research!",News,fake
AN ANONYMOUS INSIDER CONFIRM ALIENS ARE HIDING AMONG US about A GLOBAL PANDEMIC!!!,"This will shock you! An anonymous insider confirm aliens are hiding among us related to a global pandemic. Thousands of people are waking up to the truth every single day. Nobody is talking about this and that should scare you. Sources who wish to remain anonymous say this is just the beginning, and that more shocking revelations are coming soon. Do your own research!",News,fake
A SELF-PROCLAIMED EXPERT REVEAL CELEBRITIES ARE ACTUALLY ROBOTS about A GLOBAL PANDEMIC!!!,"They don't want you to see this! A self-proclaimed expert reveal celebrities are actually robots related to a global pandemic. The mainstream media is completely silent about this shocking truth. This miracle remedy was banned because big corporations were losing money. Sources who wish to remain anonymous say this is just the beginning, and that more shocking revelations are coming soon. Do your own research!",News,fake
SCIENTISTS YOU'VE NEVER HEARD OF CLAIM THE ELECTION WAS COMPLETELY RIGGED about THE EDUCATION SYSTEM!!!,"The mainstream media refuses to report this! Scientists you've never heard of claim the election was completely rigged related to the education system. Nobody is talking about this and that should scare you. Thousands of people are waking up to the truth every single day. Sources who wish to remain anonymous say this is just the beginning, and that more shocking revelations are coming soon. Do your own research!",News,fake
DOCTORS REVEAL THE TRUTH THEY DON'T WANT YOU TO KNOW about A TECH COMPANY'S NEW PRODUCT!!!,"This has been hidden from the public for years! Doctors reveal the truth they don't want you to know related to a tech company's new product. Click here now before this post gets taken down forever. Forward this to everyone you know before it's too late!!! Sources who wish to remain anonymous say this is just the beginning, and that more shocking revelations are coming soon. Do your own research!",News,fake
SOCIAL MEDIA USERS SHOW THE SHOCKING SECRET BEHIND THE SCENES about THE HOUSING MARKET!!!,"This has been hidden from the public for years! Social media users show the shocking secret behind the scenes related to the housing market. Forward this to everyone you know before it's too late!!! The mainstream media is completely silent about this shocking truth. Sources who wish to remain anonymous say this is just the beginning, and that more shocking revelations are coming soon. Do your own research!",News,fake
A POPULAR BLOGGER REVEAL CELEBRITIES ARE ACTUALLY ROBOTS about A MAJOR SPORTS EVENT!!!,"Share before it gets deleted! A popular blogger reveal celebrities are actually robots related to a major sports event. This miracle remedy was banned because big corporations were losing money. Forward this to everyone you know before it's too late!!! Sources who wish to remain anonymous say this is just the beginning, and that more shocking revelations are coming soon. Do your own research!",News,fake
A SELF-PROCLAIMED EXPERT EXPOSE A MASSIVE COVER-UP about THE STOCK MARKET!!!,"This will shock you! A self-proclaimed expert expose a massive cover-up related to the stock market. This proves once and for all what they've been hiding all along. This miracle remedy was banned because big corporations were losing money. Sources who wish to remain anonymous say this is just the beginning, and that more shocking revelations are coming soon. Do your own research!",News,fake
DOCTORS WARN THAT THE WORLD WILL END NEXT MONTH about A POLITICAL SCANDAL!!!,"Experts are too afraid to speak up! Doctors warn that the world will end next month related to a political scandal. This proves once and for all what they've been hiding all along. Thousands of people are waking up to the truth every single day. Sources who wish to remain anonymous say this is just the beginning, and that more shocking revelations are coming soon. Do your own research!",News,fake
A VIRAL POST EXPOSE A MASSIVE COVER-UP about THE STOCK MARKET!!!,"Wake up people, this is huge! A viral post expose a massive cover-up related to the stock market. Click here now before this post gets taken down forever. Thousands of people are waking up to the truth every single day. Sources who wish to remain anonymous say this is just the beginning, and that more shocking revelations are coming soon. Do your own research!",News,fake
A SECRET GOVERNMENT MEMO SAY THE VACCINE SECRETLY CONTAINS MICROCHIPS about A NATURAL DISASTER!!!,"Experts are too afraid to speak up! A secret government memo say the vaccine secretly contains microchips related to a natural disaster. This proves once and for all what they've been hiding all along. Nobody is talking about this and that should scare you. Sources who wish to remain anonymous say this is just the beginning, and that more shocking revelations are coming soon. Do your own research!",News,fake
A SECRET GOVERNMENT MEMO CLAIM THE ELECTION WAS COMPLETELY RIGGED about THE STOCK MARKET!!!,"This has been hidden from the public for years! A secret government memo claim the election was completely rigged related to the stock market. Nobody is talking about this and that should scare you. This proves once and for all what they've been hiding all along. Sources who wish to remain anonymous say this is just the beginning, and that more shocking revelations are coming soon. Do your own research!",News,fake
DOCTORS INSIST THE MOON LANDING WAS STAGED about THE ECONOMY!!!,"This has been hidden from the public for years! Doctors insist the moon landing was staged related to the economy. Thousands of people are waking up to the truth every single day. Nobody is talking about this and that should scare you. Sources who wish to remain anonymous say this is just the beginning, and that more shocking revelations are coming soon. Do your own research!",News,fake
SOCIAL MEDIA USERS SAY THE VACCINE SECRETLY CONTAINS MICROCHIPS about A NATURAL DISASTER!!!,"They don't want you to see this! Social media users say the vaccine secretly contains microchips related to a natural disaster. This proves once and for all what they've been hiding all along. Nobody is talking about this and that should scare you. Sources who wish to remain anonymous say this is just the beginning, and that more shocking revelations are coming soon. Do your own research!",News,fake
A LEAKED DOCUMENT SAY THE GOVERNMENT IS HIDING THE CURE FOR CANCER about A NATURAL DISASTER!!!,"This has been hidden from the public for years! A leaked document say the government is hiding the cure for cancer related to a natural disaster. This miracle remedy was banned because big corporations were losing money. Click here now before this post gets taken down forever. Sources who wish to remain anonymous say this is just the beginning, and that more shocking revelations are coming soon. Do your own research!",News,fake
A LEAKED DOCUMENT CLAIM THE ELECTION WAS COMPLETELY RIGGED about A NEW TECHNOLOGY!!!,"Experts are too afraid to speak up! A leaked document claim the election was completely rigged related to a new technology. Share this NOW so the truth can finally come out!!! Share this NOW so the truth can finally come out!!! Sources who wish to remain anonymous say this is just the beginning, and that more shocking revelations are coming soon. Do your own research!",News,fake
SCIENTISTS YOU'VE NEVER HEARD OF REVEAL CELEBRITIES ARE ACTUALLY ROBOTS about THE NEW VACCINE!!!,"Experts are too afraid to speak up! Scientists you've never heard of reveal celebrities are actually robots related to the new vaccine. Thousands of people are waking up to the truth every single day. Click here now before this post gets taken down forever. Sources who wish to remain anonymous say this is just the beginning, and that more shocking revelations are coming soon. Do your own research!",News,fake
A VIRAL POST SHOW THE SHOCKING SECRET BEHIND THE SCENES about A NEW TECHNOLOGY!!!,"This will shock you! A viral post show the shocking secret behind the scenes related to a new technology. This proves once and for all what they've been hiding all along. Thousands of people are waking up to the truth every single day. Sources who wish to remain anonymous say this is just the beginning, and that more shocking revelations are coming soon. Do your own research!",News,fake
AN ANONYMOUS INSIDER SAY THE GOVERNMENT IS HIDING THE CURE FOR CANCER about A GLOBAL PANDEMIC!!!,"You won't believe what happens next! An anonymous insider say the government is hiding the cure for cancer related to a global pandemic. The mainstream media is completely silent about this shocking truth. This proves once and for all what they've been hiding all along. Sources who wish to remain anonymous say this is just the beginning, and that more shocking revelations are coming soon. Do your own research!",News,fake
CELEBRITIES WARN THAT THE WORLD WILL END NEXT MONTH about A NATURAL DISASTER!!!,"Wake up people, this is huge! Celebrities warn that the world will end next month related to a natural disaster. Nobody is talking about this and that should scare you. Share this NOW so the truth can finally come out!!! Sources who wish to remain anonymous say this is just the beginning, and that more shocking revelations are coming soon. Do your own research!",News,fake
SOCIAL MEDIA USERS SHOW THE SHOCKING SECRET BEHIND THE SCENES about A POPULAR CELEBRITY!!!,"Wake up people, this is huge! Social media users show the shocking secret behind the scenes related to a popular celebrity. Thousands of people are waking up to the truth every single day. Click here now before this post gets taken down forever. Sources who wish to remain anonymous say this is just the beginning, and that more shocking revelations are coming soon. Do your own research!",News,fake
CELEBRITIES REVEAL THE TRUTH THEY DON'T WANT YOU TO KNOW about THE UPCOMING ELECTION!!!,"They don't want you to see this! Celebrities reveal the truth they don't want you to know related to the upcoming election. Click here now before this post gets taken down forever. Nobody is talking about this and that should scare you. Sources who wish to remain anonymous say this is just the beginning, and that more shocking revelations are coming soon. Do your own research!",News,fake
A LEAKED DOCUMENT INSIST THE MOON LANDING WAS STAGED about THE EDUCATION SYSTEM!!!,"Share before it gets deleted! A leaked document insist the moon landing was staged related to the education system. Thousands of people are waking up to the truth every single day. The mainstream media is completely silent about this shocking truth. Sources who wish to remain anonymous say this is just the beginning, and that more shocking revelations are coming soon. Do your own research!",News,fake
DOCTORS EXPOSE A MASSIVE COVER-UP about A MAJOR SPORTS EVENT!!!,"This has been hidden from the public for years! Doctors expose a massive cover-up related to a major sports event. Forward this to everyone you know before it's too late!!! This proves once and for all what they've been hiding all along. Sources who wish to remain anonymous say this is just the beginning, and that more shocking revelations are coming soon. Do your own research!",News,fake
AN UNNAMED SOURCE CLOSE TO THE FAMILY INSIST THE MOON LANDING WAS STAGED about A NEW TECHNOLOGY!!!,"The mainstream media refuses to report this! An unnamed source close to the family insist the moon landing was staged related to a new technology. Thousands of people are waking up to the truth every single day. Click here now before this post gets taken down forever. Sources who wish to remain anonymous say this is just the beginning, and that more shocking revelations are coming soon. Do your own research!",News,fake
SOCIAL MEDIA USERS WARN THAT THE WORLD WILL END NEXT MONTH about A GLOBAL PANDEMIC!!!,"Wake up people, this is huge! Social media users warn that the world will end next month related to a global pandemic. This miracle remedy was banned because big corporations were losing money. Forward this to everyone you know before it's too late!!! Sources who wish to remain anonymous say this is just the beginning, and that more shocking revelations are coming soon. Do your own research!",News,fake
CELEBRITIES WARN THAT THE WORLD WILL END NEXT MONTH about A POPULAR CELEBRITY!!!,"You won't believe what happens next! Celebrities warn that the world will end next month related to a popular celebrity. This proves once and for all what they've been hiding all along. Nobody is talking about this and that should scare you. Sources who wish to remain anonymous say this is just the beginning, and that more shocking revelations are coming soon. Do your own research!",News,fake
A MYSTERIOUS WHISTLEBLOWER LEAK PROOF OF A GLOBAL CONSPIRACY about A TECH COMPANY'S NEW PRODUCT!!!,"They don't want you to see this! A mysterious whistleblower leak proof of a global conspiracy related to a tech company's new product. The mainstream media is completely silent about this shocking truth. Share this NOW so the truth can finally come out!!! Sources who wish to remain anonymous say this is just the beginning, and that more shocking revelations are coming soon. Do your own research!",News,fake
A MYSTERIOUS WHISTLEBLOWER SAY THE GOVERNMENT IS HIDING THE CURE FOR CANCER about A POLITICAL SCANDAL!!!,"You won't believe what happens next! A mysterious whistleblower say the government is hiding the cure for cancer related to a political scandal. Forward this to everyone you know before it's too late!!! Thousands of people are waking up to the truth every single day. Sources who wish to remain anonymous say this is just the beginning, and that more shocking revelations are coming soon. Do your own research!",News,fake
A SELF-PROCLAIMED EXPERT REVEAL THE TRUTH THEY DON'T WANT YOU TO KNOW about A NEW TECHNOLOGY!!!,"The mainstream media refuses to report this! A self-proclaimed expert reveal the truth they don't want you to know related to a new technology. Click here now before this post gets taken down forever. Nobody is talking about this and that should scare you. Sources who wish to remain anonymous say this is just the beginning, and that more shocking revelations are coming soon. Do your own research!",News,fake
A SECRET GOVERNMENT MEMO CLAIM THE ELECTION WAS COMPLETELY RIGGED about A GLOBAL PANDEMIC!!!,"You won't believe what happens next! A secret government memo claim the election was completely rigged related to a global pandemic. Click here now before this post gets taken down forever. This proves once and for all what they've been hiding all along. Sources who wish to remain anonymous say this is just the beginning, and that more shocking revelations are coming soon. Do your own research!",News,fake
SOCIAL MEDIA USERS SAY THE VACCINE SECRETLY CONTAINS MICROCHIPS about A POLITICAL SCANDAL!!!,"This will shock you! Social media users say the vaccine secretly contains microchips related to a political scandal. Forward this to everyone you know before it's too late!!! Nobody is talking about this and that should scare you. Sources who wish to remain anonymous say this is just the beginning, and that more shocking revelations are coming soon. Do your own research!",News,fake
A LEAKED DOCUMENT SHOW THE SHOCKING SECRET BEHIND THE SCENES about A MAJOR SPORTS EVENT!!!,"This will shock you! A leaked document show the shocking secret behind the scenes related to a major sports event. Nobody is talking about this and that should scare you. Share this NOW so the truth can finally come out!!! Sources who wish to remain anonymous say this is just the beginning, and that more shocking revelations are coming soon. Do your own research!",News,fake
CELEBRITIES LEAK PROOF OF A GLOBAL CONSPIRACY about THE STOCK MARKET!!!,"They don't want you to see this! Celebrities leak proof of a global conspiracy related to the stock market. Thousands of people are waking up to the truth every single day. The mainstream media is completely silent about this shocking truth. Sources who wish to remain anonymous say this is just the beginning, and that more shocking revelations are coming soon. Do your own research!",News,fake
A SHOCKING NEW REPORT CLAIM THIS ONE WEIRD TRICK CURES EVERYTHING about A TECH COMPANY'S NEW PRODUCT!!!,"Wake up people, this is huge! A shocking new report claim this one weird trick cures everything related to a tech company's new product. Nobody is talking about this and that should scare you. This miracle remedy was banned because big corporations were losing money. Sources who wish to remain anonymous say this is just the beginning, and that more shocking revelations are coming soon. Do your own research!",News,fake
SCIENTISTS YOU'VE NEVER HEARD OF CLAIM THE ELECTION WAS COMPLETELY RIGGED about THE HOUSING MARKET!!!,"They don't want you to see this! Scientists you've never heard of claim the election was completely rigged related to the housing market. Forward this to everyone you know before it's too late!!! Thousands of people are waking up to the truth every single day. Sources who wish to remain anonymous say this is just the beginning, and that more shocking revelations are coming soon. Do your own research!",News,fake
A SELF-PROCLAIMED EXPERT INSIST THE MOON LANDING WAS STAGED about A NEW TECHNOLOGY!!!,"Wake up people, this is huge! A self-proclaimed expert insist the moon landing was staged related to a new technology. Forward this to everyone you know before it's too late!!! The mainstream media is completely silent about this shocking truth. Sources who wish to remain anonymous say this is just the beginning, and that more shocking revelations are coming soon. Do your own research!",News,fake
A SELF-PROCLAIMED EXPERT CLAIM THE ELECTION WAS COMPLETELY RIGGED about A NEW TECHNOLOGY!!!,"Experts are too afraid to speak up! A self-proclaimed expert claim the election was completely rigged related to a new technology. Nobody is talking about this and that should scare you. This proves once and for all what they've been hiding all along. Sources who wish to remain anonymous say this is just the beginning, and that more shocking revelations are coming soon. Do your own research!",News,fake
SCIENTISTS YOU'VE NEVER HEARD OF SAY THE VACCINE SECRETLY CONTAINS MICROCHIPS about THE NEW VACCINE!!!,"The mainstream media refuses to report this! Scientists you've never heard of say the vaccine secretly contains microchips related to the new vaccine. Thousands of people are waking up to the truth every single day. Nobody is talking about this and that should scare you. Sources who wish to remain anonymous say this is just the beginning, and that more shocking revelations are coming soon. Do your own research!",News,fake
SCIENTISTS YOU'VE NEVER HEARD OF INSIST THE MOON LANDING WAS STAGED about THE NEW VACCINE!!!,"They don't want you to see this! Scientists you've never heard of insist the moon landing was staged related to the new vaccine. Thousands of people are waking up to the truth every single day. Click here now before this post gets taken down forever. Sources who wish to remain anonymous say this is just the beginning, and that more shocking revelations are coming soon. Do your own research!",News,fake
SCIENTISTS YOU'VE NEVER HEARD OF CLAIM THIS ONE WEIRD TRICK CURES EVERYTHING about THE HOUSING MARKET!!!,"You won't believe what happens next! Scientists you've never heard of claim this one weird trick cures everything related to the housing market. Click here now before this post gets taken down forever. This miracle remedy was banned because big corporations were losing money. Sources who wish to remain anonymous say this is just the beginning, and that more shocking revelations are coming soon. Do your own research!",News,fake
CELEBRITIES SHOW THE SHOCKING SECRET BEHIND THE SCENES about THE STOCK MARKET!!!,"Wake up people, this is huge! Celebrities show the shocking secret behind the scenes related to the stock market. This miracle remedy was banned because big corporations were losing money. Forward this to everyone you know before it's too late!!! Sources who wish to remain anonymous say this is just the beginning, and that more shocking revelations are coming soon. Do your own research!",News,fake
CELEBRITIES REVEAL THE TRUTH THEY DON'T WANT YOU TO KNOW about CLIMATE CHANGE!!!,"You won't believe what happens next! Celebrities reveal the truth they don't want you to know related to climate change. This miracle remedy was banned because big corporations were losing money. Click here now before this post gets taken down forever. Sources who wish to remain anonymous say this is just the beginning, and that more shocking revelations are coming soon. Do your own research!",News,fake
A MYSTERIOUS WHISTLEBLOWER REVEAL CELEBRITIES ARE ACTUALLY ROBOTS about A NEW TECHNOLOGY!!!,"This has been hidden from the public for years! A mysterious whistleblower reveal celebrities are actually robots related to a new technology. Share this NOW so the truth can finally come out!!! Click here now before this post gets taken down forever. Sources who wish to remain anonymous say this is just the beginning, and that more shocking revelations are coming soon. Do your own research!",News,fake
A MYSTERIOUS WHISTLEBLOWER EXPOSE A MASSIVE COVER-UP about A POPULAR CELEBRITY!!!,"The mainstream media refuses to report this! A mysterious whistleblower expose a massive cover-up related to a popular celebrity. The mainstream media is completely silent about this shocking truth. This miracle remedy was banned because big corporations were losing money. Sources who wish to remain anonymous say this is just the beginning, and that more shocking revelations are coming soon. Do your own research!",News,fake
CELEBRITIES INSIST THE MOON LANDING WAS STAGED about A POPULAR CELEBRITY!!!,"Wake up people, this is huge! Celebrities insist the moon landing was staged related to a popular celebrity. Forward this to everyone you know before it's too late!!! Thousands of people are waking up to the truth every single day. Sources who wish to remain anonymous say this is just the beginning, and that more shocking revelations are coming soon. Do your own research!",News,fake
A SELF-PROCLAIMED EXPERT EXPOSE A MASSIVE COVER-UP about A POLITICAL SCANDAL!!!,"They don't want you to see this! A self-proclaimed expert expose a massive cover-up related to a political scandal. Thousands of people are waking up to the truth every single day. This proves once and for all what they've been hiding all along. Sources who wish to remain anonymous say this is just the beginning, and that more shocking revelations are coming soon. Do your own research!",News,fake
AN ANONYMOUS INSIDER REVEAL THE TRUTH THEY DON'T WANT YOU TO KNOW about CLIMATE CHANGE!!!,"You won't believe what happens next! An anonymous insider reveal the truth they don't want you to know related to climate change. Click here now before this post gets taken down forever. Click here now before this post gets taken down forever. Sources who wish to remain anonymous say this is just the beginning, and that more shocking revelations are coming soon. Do your own research!",News,fake
SCIENTISTS YOU'VE NEVER HEARD OF REVEAL CELEBRITIES ARE ACTUALLY ROBOTS about A NEW TECHNOLOGY!!!,"Wake up people, this is huge! Scientists you've never heard of reveal celebrities are actually robots related to a new technology. The mainstream media is completely silent about this shocking truth. Forward this to everyone you know before it's too late!!! Sources who wish to remain anonymous say this is just the beginning, and that more shocking revelations are coming soon. Do your own research!",News,fake
A SECRET GOVERNMENT MEMO EXPOSE A MASSIVE COVER-UP about A POLITICAL SCANDAL!!!,"You won't believe what happens next! A secret government memo expose a massive cover-up related to a political scandal. Click here now before this post gets taken down forever. Forward this to everyone you know before it's too late!!! Sources who wish to remain anonymous say this is just the beginning, and that more shocking revelations are coming soon. Do your own research!",News,fake
AN ANONYMOUS INSIDER CLAIM THE ELECTION WAS COMPLETELY RIGGED about A NATURAL DISASTER!!!,"This has been hidden from the public for years! An anonymous insider claim the election was completely rigged related to a natural disaster. Share this NOW so the truth can finally come out!!! The mainstream media is completely silent about this shocking truth. Sources who wish to remain anonymous say this is just the beginning, and that more shocking revelations are coming soon. Do your own research!",News,fake
AN ANONYMOUS INSIDER CONFIRM ALIENS ARE HIDING AMONG US about THE EDUCATION SYSTEM!!!,"This has been hidden from the public for years! An anonymous insider confirm aliens are hiding among us related to the education system. Share this NOW so the truth can finally come out!!! Click here now before this post gets taken down forever. Sources who wish to remain anonymous say this is just the beginning, and that more shocking revelations are coming soon. Do your own research!",News,fake
SCIENTISTS YOU'VE NEVER HEARD OF CONFIRM ALIENS ARE HIDING AMONG US about A POLITICAL SCANDAL!!!,"This will shock you! Scientists you've never heard of confirm aliens are hiding among us related to a political scandal. This proves once and for all what they've been hiding all along. Forward this to everyone you know before it's too late!!! Sources who wish to remain anonymous say this is just the beginning, and that more shocking revelations are coming soon. Do your own research!",News,fake
AN UNNAMED SOURCE CLOSE TO THE FAMILY CONFIRM ALIENS ARE HIDING AMONG US about A NATURAL DISASTER!!!,"Wake up people, this is huge! An unnamed source close to the family confirm aliens are hiding among us related to a natural disaster. Share this NOW so the truth can finally come out!!! Forward this to everyone you know before it's too late!!! Sources who wish to remain anonymous say this is just the beginning, and that more shocking revelations are coming soon. Do your own research!",News,fake
SOCIAL MEDIA USERS SHOW THE SHOCKING SECRET BEHIND THE SCENES about THE ECONOMY!!!,"This will shock you! Social media users show the shocking secret behind the scenes related to the economy. Thousands of people are waking up to the truth every single day. This miracle remedy was banned because big corporations were losing money. Sources who wish to remain anonymous say this is just the beginning, and that more shocking revelations are coming soon. Do your own research!",News,fake
A VIRAL POST REVEAL THE TRUTH THEY DON'T WANT YOU TO KNOW about THE NEW VACCINE!!!,"Wake up people, this is huge! A viral post reveal the truth they don't want you to know related to the new vaccine. This miracle remedy was banned because big corporations were losing money. Share this NOW so the truth can finally come out!!! Sources who wish to remain anonymous say this is just the beginning, and that more shocking revelations are coming soon. Do your own research!",News,fake
CELEBRITIES SHOW THE SHOCKING SECRET BEHIND THE SCENES about A NEW TECHNOLOGY!!!,"The mainstream media refuses to report this! Celebrities show the shocking secret behind the scenes related to a new technology. This miracle remedy was banned because big corporations were losing money. This proves once and for all what they've been hiding all along. Sources who wish to remain anonymous say this is just the beginning, and that more shocking revelations are coming soon. Do your own research!",News,fake
A MYSTERIOUS WHISTLEBLOWER LEAK PROOF OF A GLOBAL CONSPIRACY about A GLOBAL PANDEMIC!!!,"Experts are too afraid to speak up! A mysterious whistleblower leak proof of a global conspiracy related to a global pandemic. Click here now before this post gets taken down forever. Forward this to everyone you know before it's too late!!! Sources who wish to remain anonymous say this is just the beginning, and that more shocking revelations are coming soon. Do your own research!",News,fake
CELEBRITIES REVEAL CELEBRITIES ARE ACTUALLY ROBOTS about THE STOCK MARKET!!!,"Wake up people, this is huge! Celebrities reveal celebrities are actually robots related to the stock market. Nobody is talking about this and that should scare you. This proves once and for all what they've been hiding all along. Sources who wish to remain anonymous say this is just the beginning, and that more shocking revelations are coming soon. Do your own research!",News,fake
A VIRAL POST LEAK PROOF OF A GLOBAL CONSPIRACY about THE STOCK MARKET!!!,"You won't believe what happens next! A viral post leak proof of a global conspiracy related to the stock market. Share this NOW so the truth can finally come out!!! This proves once and for all what they've been hiding all along. Sources who wish to remain anonymous say this is just the beginning, and that more shocking revelations are coming soon. Do your own research!",News,fake
AN UNNAMED SOURCE CLOSE TO THE FAMILY CLAIM THE ELECTION WAS COMPLETELY RIGGED about A TECH COMPANY'S NEW PRODUCT!!!,"Experts are too afraid to speak up! An unnamed source close to the family claim the election was completely rigged related to a tech company's new product. The mainstream media is completely silent about this shocking truth. Share this NOW so the truth can finally come out!!! Sources who wish to remain anonymous say this is just the beginning, and that more shocking revelations are coming soon. Do your own research!",News,fake
A SELF-PROCLAIMED EXPERT WARN THAT THE WORLD WILL END NEXT MONTH about A NEW TECHNOLOGY!!!,"This will shock you! A self-proclaimed expert warn that the world will end next month related to a new technology. Click here now before this post gets taken down forever. Nobody is talking about this and that should scare you. Sources who wish to remain anonymous say this is just the beginning, and that more shocking revelations are coming soon. Do your own research!",News,fake
A SELF-PROCLAIMED EXPERT REVEAL CELEBRITIES ARE ACTUALLY ROBOTS about THE STOCK MARKET!!!,"This has been hidden from the public for years! A self-proclaimed expert reveal celebrities are actually robots related to the stock market. Share this NOW so the truth can finally come out!!! Forward this to everyone you know before it's too late!!! Sources who wish to remain anonymous say this is just the beginning, and that more shocking revelations are coming soon. Do your own research!",News,fake
SOCIAL MEDIA USERS REVEAL THE TRUTH THEY DON'T WANT YOU TO KNOW about THE NEW VACCINE!!!,"This has been hidden from the public for years! Social media users reveal the truth they don't want you to know related to the new vaccine. The mainstream media is completely silent about this shocking truth. Share this NOW so the truth can finally come out!!! Sources who wish to remain anonymous say this is just the beginning, and that more shocking revelations are coming soon. Do your own research!",News,fake
A SHOCKING NEW REPORT CLAIM THIS ONE WEIRD TRICK CURES EVERYTHING about THE STOCK MARKET!!!,"They don't want you to see this! A shocking new report claim this one weird trick cures everything related to the stock market. Nobody is talking about this and that should scare you. This proves once and for all what they've been hiding all along. Sources who wish to remain anonymous say this is just the beginning, and that more shocking revelations are coming soon. Do your own research!",News,fake
AN ANONYMOUS INSIDER REVEAL THE TRUTH THEY DON'T WANT YOU TO KNOW about A VIRAL HEALTH TREND!!!,"This has been hidden from the public for years! An anonymous insider reveal the truth they don't want you to know related to a viral health trend. Thousands of people are waking up to the truth every single day. Share this NOW so the truth can finally come out!!! Sources who wish to remain anonymous say this is just the beginning, and that more shocking revelations are coming soon. Do your own research!",News,fake
CELEBRITIES SAY THE VACCINE SECRETLY CONTAINS MICROCHIPS about A GLOBAL PANDEMIC!!!,"You won't believe what happens next! Celebrities say the vaccine secretly contains microchips related to a global pandemic. Share this NOW so the truth can finally come out!!! Click here now before this post gets taken down forever. Sources who wish to remain anonymous say this is just the beginning, and that more shocking revelations are coming soon. Do your own research!",News,fake
A POPULAR BLOGGER SAY THE VACCINE SECRETLY CONTAINS MICROCHIPS about THE EDUCATION SYSTEM!!!,"This has been hidden from the public for years! A popular blogger say the vaccine secretly contains microchips related to the education system. Click here now before this post gets taken down forever. Share this NOW so the truth can finally come out!!! Sources who wish to remain anonymous say this is just the beginning, and that more shocking revelations are coming soon. Do your own research!",News,fake
A VIRAL POST LEAK PROOF OF A GLOBAL CONSPIRACY about A VIRAL HEALTH TREND!!!,"Experts are too afraid to speak up! A viral post leak proof of a global conspiracy related to a viral health trend. Click here now before this post gets taken down forever. Click here now before this post gets taken down forever. Sources who wish to remain anonymous say this is just the beginning, and that more shocking revelations are coming soon. Do your own research!",News,fake
A POPULAR BLOGGER INSIST THE MOON LANDING WAS STAGED about A TECH COMPANY'S NEW PRODUCT!!!,"Wake up people, this is huge! A popular blogger insist the moon landing was staged related to a tech company's new product. Click here now before this post gets taken down forever. Thousands of people are waking up to the truth every single day. Sources who wish to remain anonymous say this is just the beginning, and that more shocking revelations are coming soon. Do your own research!",News,fake
A SELF-PROCLAIMED EXPERT INSIST THE MOON LANDING WAS STAGED about A NATURAL DISASTER!!!,"Share before it gets deleted! A self-proclaimed expert insist the moon landing was staged related to a natural disaster. The mainstream media is completely silent about this shocking truth. Forward this to everyone you know before it's too late!!! Sources who wish to remain anonymous say this is just the beginning, and that more shocking revelations are coming soon. Do your own research!",News,fake
A SECRET GOVERNMENT MEMO SAY THE VACCINE SECRETLY CONTAINS MICROCHIPS about THE EDUCATION SYSTEM!!!,"Experts are too afraid to speak up! A secret government memo say the vaccine secretly contains microchips related to the education system. This proves once and for all what they've been hiding all along. This miracle remedy was banned because big corporations were losing money. Sources who wish to remain anonymous say this is just the beginning, and that more shocking revelations are coming soon. Do your own research!",News,fake
SCIENTISTS YOU'VE NEVER HEARD OF SHOW THE SHOCKING SECRET BEHIND THE SCENES about THE EDUCATION SYSTEM!!!,"They don't want you to see this! Scientists you've never heard of show the shocking secret behind the scenes related to the education system. Nobody is talking about this and that should scare you. The mainstream media is completely silent about this shocking truth. Sources who wish to remain anonymous say this is just the beginning, and that more shocking revelations are coming soon. Do your own research!",News,fake
A MYSTERIOUS WHISTLEBLOWER REVEAL CELEBRITIES ARE ACTUALLY ROBOTS about THE NEW VACCINE!!!,"Experts are too afraid to speak up! A mysterious whistleblower reveal celebrities are actually robots related to the new vaccine. This proves once and for all what they've been hiding all along. Forward this to everyone you know before it's too late!!! Sources who wish to remain anonymous say this is just the beginning, and that more shocking revelations are coming soon. Do your own research!",News,fake
A POPULAR BLOGGER LEAK PROOF OF A GLOBAL CONSPIRACY about THE NEW VACCINE!!!,"Experts are too afraid to speak up! A popular blogger leak proof of a global conspiracy related to the new vaccine. Thousands of people are waking up to the truth every single day. Share this NOW so the truth can finally come out!!! Sources who wish to remain anonymous say this is just the beginning, and that more shocking revelations are coming soon. Do your own research!",News,fake
A SELF-PROCLAIMED EXPERT SHOW THE SHOCKING SECRET BEHIND THE SCENES about A NATURAL DISASTER!!!,"They don't want you to see this! A self-proclaimed expert show the shocking secret behind the scenes related to a natural disaster. This proves once and for all what they've been hiding all along. The mainstream media is completely silent about this shocking truth. Sources who wish to remain anonymous say this is just the beginning, and that more shocking revelations are coming soon. Do your own research!",News,fake
A SECRET GOVERNMENT MEMO EXPOSE A MASSIVE COVER-UP about A MAJOR SPORTS EVENT!!!,"Share before it gets deleted! A secret government memo expose a massive cover-up related to a major sports event. Share this NOW so the truth can finally come out!!! Nobody is talking about this and that should scare you. Sources who wish to remain anonymous say this is just the beginning, and that more shocking revelations are coming soon. Do your own research!",News,fake
A SELF-PROCLAIMED EXPERT REVEAL THE TRUTH THEY DON'T WANT YOU TO KNOW about A VIRAL HEALTH TREND!!!,"Wake up people, this is huge! A self-proclaimed expert reveal the truth they don't want you to know related to a viral health trend. This proves once and for all what they've been hiding all along. Click here now before this post gets taken down forever. Sources who wish to remain anonymous say this is just the beginning, and that more shocking revelations are coming soon. Do your own research!",News,fake
A VIRAL POST CONFIRM ALIENS ARE HIDING AMONG US about A NATURAL DISASTER!!!,"This will shock you! A viral post confirm aliens are hiding among us related to a natural disaster. Nobody is talking about this and that should scare you. Nobody is talking about this and that should scare you. Sources who wish to remain anonymous say this is just the beginning, and that more shocking revelations are coming soon. Do your own research!",News,fake
A SECRET GOVERNMENT MEMO SAY THE GOVERNMENT IS HIDING THE CURE FOR CANCER about A NATURAL DISASTER!!!,"The mainstream media refuses to report this! A secret government memo say the government is hiding the cure for cancer related to a natural disaster. Forward this to everyone you know before it's too late!!! Forward this to everyone you know before it's too late!!! Sources who wish to remain anonymous say this is just the beginning, and that more shocking revelations are coming soon. Do your own research!",News,fake
A MYSTERIOUS WHISTLEBLOWER REVEAL CELEBRITIES ARE ACTUALLY ROBOTS about A VIRAL HEALTH TREND!!!,"The mainstream media refuses to report this! A mysterious whistleblower reveal celebrities are actually robots related to a viral health trend. Thousands of people are waking up to the truth every single day. Thousands of people are waking up to the truth every single day. Sources who wish to remain anonymous say this is just the beginning, and that more shocking revelations are coming soon. Do your own research!",News,fake
AN ANONYMOUS INSIDER WARN THAT THE WORLD WILL END NEXT MONTH about A POLITICAL SCANDAL!!!,"They don't want you to see this! An anonymous insider warn that the world will end next month related to a political scandal. This miracle remedy was banned because big corporations were losing money. The mainstream media is completely silent about this shocking truth. Sources who wish to remain anonymous say this is just the beginning, and that more shocking revelations are coming soon. Do your own research!",News,fake
A POPULAR BLOGGER CONFIRM ALIENS ARE HIDING AMONG US about CLIMATE CHANGE!!!,"You won't believe what happens next! A popular blogger confirm aliens are hiding among us related to climate change. Click here now before this post gets taken down forever. Forward this to everyone you know before it's too late!!! Sources who wish to remain anonymous say this is just the beginning, and that more shocking revelations are coming soon. Do your own research!",News,fake
CELEBRITIES SHOW THE SHOCKING SECRET BEHIND THE SCENES about THE HOUSING MARKET!!!,"Experts are too afraid to speak up! Celebrities show the shocking secret behind the scenes related to the housing market. The mainstream media is completely silent about this shocking truth. Share this NOW so the truth can finally come out!!! Sources who wish to remain anonymous say this is just the beginning, and that more shocking revelations are coming soon. Do your own research!",News,fake
A SELF-PROCLAIMED EXPERT CLAIM THIS ONE WEIRD TRICK CURES EVERYTHING about A NEW TECHNOLOGY!!!,"You won't believe what happens next! A self-proclaimed expert claim this one weird trick cures everything related to a new technology. This proves once and for all what they've been hiding all along. This proves once and for all what they've been hiding all along. Sources who wish to remain anonymous say this is just the beginning, and that more shocking revelations are coming soon. Do your own research!",News,fake
A SECRET GOVERNMENT MEMO CONFIRM ALIENS ARE HIDING AMONG US about THE NEW VACCINE!!!,"Share before it gets deleted! A secret government memo confirm aliens are hiding among us related to the new vaccine. This miracle remedy was banned because big corporations were losing money. Click here now before this post gets taken down forever. Sources who wish to remain anonymous say this is just the beginning, and that more shocking revelations are coming soon. Do your own research!",News,fake
AN UNNAMED SOURCE CLOSE TO THE FAMILY CLAIM THE ELECTION WAS COMPLETELY RIGGED about THE NEW VACCINE!!!,"This has been hidden from the public for years! An unnamed source close to the family claim the election was completely rigged related to the new vaccine. The mainstream media is completely silent about this shocking truth. Thousands of people are waking up to the truth every single day. Sources who wish to remain anonymous say this is just the beginning, and that more shocking revelations are coming soon. Do your own research!",News,fake
A LEAKED DOCUMENT LEAK PROOF OF A GLOBAL CONSPIRACY about THE STOCK MARKET!!!,"This will shock you! A leaked document leak proof of a global conspiracy related to the stock market. This proves once and for all what they've been hiding all along. Nobody is talking about this and that should scare you. Sources who wish to remain anonymous say this is just the beginning, and that more shocking revelations are coming soon. Do your own research!",News,fake
A SECRET GOVERNMENT MEMO REVEAL THE TRUTH THEY DON'T WANT YOU TO KNOW about A MAJOR SPORTS EVENT!!!,"This will shock you! A secret government memo reveal the truth they don't want you to know related to a major sports event. The mainstream media is completely silent about this shocking truth. Nobody is talking about this and that should scare you. Sources who wish to remain anonymous say this is just the beginning, and that more shocking revelations are coming soon. Do your own research!",News,fake
A LEAKED DOCUMENT CONFIRM ALIENS ARE HIDING AMONG US about A TECH COMPANY'S NEW PRODUCT!!!,"This has been hidden from the public for years! A leaked document confirm aliens are hiding among us related to a tech company's new product. Forward this to everyone you know before it's too late!!! Click here now before this post gets taken down forever. Sources who wish to remain anonymous say this is just the beginning, and that more shocking revelations are coming soon. Do your own research!",News,fake
A SELF-PROCLAIMED EXPERT SHOW THE SHOCKING SECRET BEHIND THE SCENES about A TECH COMPANY'S NEW PRODUCT!!!,"The mainstream media refuses to report this! A self-proclaimed expert show the shocking secret behind the scenes related to a tech company's new product. The mainstream media is completely silent about this shocking truth. Nobody is talking about this and that should scare you. Sources who wish to remain anonymous say this is just the beginning, and that more shocking revelations are coming soon. Do your own research!",News,fake
A MYSTERIOUS WHISTLEBLOWER LEAK PROOF OF A GLOBAL CONSPIRACY about A VIRAL HEALTH TREND!!!,"You won't believe what happens next! A mysterious whistleblower leak proof of a global conspiracy related to a viral health trend. Click here now before this post gets taken down forever. Forward this to everyone you know before it's too late!!! Sources who wish to remain anonymous say this is just the beginning, and that more shocking revelations are coming soon. Do your own research!",News,fake
DOCTORS WARN THAT THE WORLD WILL END NEXT MONTH about A VIRAL HEALTH TREND!!!,"Share before it gets deleted! Doctors warn that the world will end next month related to a viral health trend. This proves once and for all what they've been hiding all along. The mainstream media is completely silent about this shocking truth. Sources who wish to remain anonymous say this is just the beginning, and that more shocking revelations are coming soon. Do your own research!",News,fake
A LEAKED DOCUMENT SHOW THE SHOCKING SECRET BEHIND THE SCENES about CLIMATE CHANGE!!!,"Experts are too afraid to speak up! A leaked document show the shocking secret behind the scenes related to climate change. Nobody is talking about this and that should scare you. Click here now before this post gets taken down forever. Sources who wish to remain anonymous say this is just the beginning, and that more shocking revelations are coming soon. Do your own research!",News,fake
AN ANONYMOUS INSIDER CLAIM THE ELECTION WAS COMPLETELY RIGGED about A NATURAL DISASTER!!!,"You won't believe what happens next! An anonymous insider claim the election was completely rigged related to a natural disaster. The mainstream media is completely silent about this shocking truth. Click here now before this post gets taken down forever. Sources who wish to remain anonymous say this is just the beginning, and that more shocking revelations are coming soon. Do your own research!",News,fake
SCIENTISTS YOU'VE NEVER HEARD OF EXPOSE A MASSIVE COVER-UP about THE STOCK MARKET!!!,"This will shock you! Scientists you've never heard of expose a massive cover-up related to the stock market. This proves once and for all what they've been hiding all along. The mainstream media is completely silent about this shocking truth. Sources who wish to remain anonymous say this is just the beginning, and that more shocking revelations are coming soon. Do your own research!",News,fake
A VIRAL POST LEAK PROOF OF A GLOBAL CONSPIRACY about THE ECONOMY!!!,"You won't believe what happens next! A viral post leak proof of a global conspiracy related to the economy. Thousands of people are waking up to the truth every single day. Click here now before this post gets taken down forever. Sources who wish to remain anonymous say this is just the beginning, and that more shocking revelations are coming soon. Do your own research!",News,fake
A SHOCKING NEW REPORT REVEAL THE TRUTH THEY DON'T WANT YOU TO KNOW about A NEW TECHNOLOGY!!!,"You won't believe what happens next! A shocking new report reveal the truth they don't want you to know related to a new technology. This proves once and for all what they've been hiding all along. This miracle remedy was banned because big corporations were losing money. Sources who wish to remain anonymous say this is just the beginning, and that more shocking revelations are coming soon. Do your own research!",News,fake
A LEAKED DOCUMENT INSIST THE MOON LANDING WAS STAGED about A MAJOR SPORTS EVENT!!!,"You won't believe what happens next! A leaked document insist the moon landing was staged related to a major sports event. Forward this to everyone you know before it's too late!!! Share this NOW so the truth can finally come out!!! Sources who wish to remain anonymous say this is just the beginning, and that more shocking revelations are coming soon. Do your own research!",News,fake
SOCIAL MEDIA USERS SAY THE GOVERNMENT IS HIDING THE CURE FOR CANCER about A POPULAR CELEBRITY!!!,"This has been hidden from the public for years! Social media users say the government is hiding the cure for cancer related to a popular celebrity. The mainstream media is completely silent about this shocking truth. This proves once and for all what they've been hiding all along. Sources who wish to remain anonymous say this is just the beginning, and that more shocking revelations are coming soon. Do your own research!",News,fake
A SECRET GOVERNMENT MEMO LEAK PROOF OF A GLOBAL CONSPIRACY about THE UPCOMING ELECTION!!!,"This will shock you! A secret government memo leak proof of a global conspiracy related to the upcoming election. This proves once and for all what they've been hiding all along. This proves once and for all what they've been hiding all along. Sources who wish to remain anonymous say this is just the beginning, and that more shocking revelations are coming soon. Do your own research!",News,fake
A VIRAL POST CONFIRM ALIENS ARE HIDING AMONG US about THE NEW VACCINE!!!,"Share before it gets deleted! A viral post confirm aliens are hiding among us related to the new vaccine. The mainstream media is completely silent about this shocking truth. Thousands of people are waking up to the truth every single day. Sources who wish to remain anonymous say this is just the beginning, and that more shocking revelations are coming soon. Do your own research!",News,fake
A SECRET GOVERNMENT MEMO WARN THAT THE WORLD WILL END NEXT MONTH about THE UPCOMING ELECTION!!!,"They don't want you to see this! A secret government memo warn that the world will end next month related to the upcoming election. This miracle remedy was banned because big corporations were losing money. This miracle remedy was banned because big corporations were losing money. Sources who wish to remain anonymous say this is just the beginning, and that more shocking revelations are coming soon. Do your own research!",News,fake
A MYSTERIOUS WHISTLEBLOWER CLAIM THE ELECTION WAS COMPLETELY RIGGED about A NATURAL DISASTER!!!,"Wake up people, this is huge! A mysterious whistleblower claim the election was completely rigged related to a natural disaster. Nobody is talking about this and that should scare you. Nobody is talking about this and that should scare you. Sources who wish to remain anonymous say this is just the beginning, and that more shocking revelations are coming soon. Do your own research!",News,fake
A MYSTERIOUS WHISTLEBLOWER SAY THE VACCINE SECRETLY CONTAINS MICROCHIPS about THE STOCK MARKET!!!,"You won't believe what happens next! A mysterious whistleblower say the vaccine secretly contains microchips related to the stock market. The mainstream media is completely silent about this shocking truth. Click here now before this post gets taken down forever. Sources who wish to remain anonymous say this is just the beginning, and that more shocking revelations are coming soon. Do your own research!",News,fake
A SECRET GOVERNMENT MEMO SAY THE GOVERNMENT IS HIDING THE CURE FOR CANCER about A VIRAL HEALTH TREND!!!,"This will shock you! A secret government memo say the government is hiding the cure for cancer related to a viral health trend. This proves once and for all what they've been hiding all along. Share this NOW so the truth can finally come out!!! Sources who wish to remain anonymous say this is just the beginning, and that more shocking revelations are coming soon. Do your own research!",News,fake
A POPULAR BLOGGER SHOW THE SHOCKING SECRET BEHIND THE SCENES about THE ECONOMY!!!,"Share before it gets deleted! A popular blogger show the shocking secret behind the scenes related to the economy. Share this NOW so the truth can finally come out!!! The mainstream media is completely silent about this shocking truth. Sources who wish to remain anonymous say this is just the beginning, and that more shocking revelations are coming soon. Do your own research!",News,fake
A VIRAL POST INSIST THE MOON LANDING WAS STAGED about A NEW TECHNOLOGY!!!,"Wake up people, this is huge! A viral post insist the moon landing was staged related to a new technology. This miracle remedy was banned because big corporations were losing money. Nobody is talking about this and that should scare you. Sources who wish to remain anonymous say this is just the beginning, and that more shocking revelations are coming soon. Do your own research!",News,fake
A MYSTERIOUS WHISTLEBLOWER SAY THE GOVERNMENT IS HIDING THE CURE FOR CANCER about THE NEW VACCINE!!!,"Experts are too afraid to speak up! A mysterious whistleblower say the government is hiding the cure for cancer related to the new vaccine. Nobody is talking about this and that should scare you. The mainstream media is completely silent about this shocking truth. Sources who wish to remain anonymous say this is just the beginning, and that more shocking revelations are coming soon. Do your own research!",News,fake
A SHOCKING NEW REPORT REVEAL THE TRUTH THEY DON'T WANT YOU TO KNOW about A GLOBAL PANDEMIC!!!,"Share before it gets deleted! A shocking new report reveal the truth they don't want you to know related to a global pandemic. Nobody is talking about this and that should scare you. Click here now before this post gets taken down forever. Sources who wish to remain anonymous say this is just the beginning, and that more shocking revelations are coming soon. Do your own research!",News,fake
AN UNNAMED SOURCE CLOSE TO THE FAMILY LEAK PROOF OF A GLOBAL CONSPIRACY about A TECH COMPANY'S NEW PRODUCT!!!,"Experts are too afraid to speak up! An unnamed source close to the family leak proof of a global conspiracy related to a tech company's new product. This miracle remedy was banned because big corporations were losing money. The mainstream media is completely silent about this shocking truth. Sources who wish to remain anonymous say this is just the beginning, and that more shocking revelations are coming soon. Do your own research!",News,fake
A SHOCKING NEW REPORT SAY THE VACCINE SECRETLY CONTAINS MICROCHIPS about THE UPCOMING ELECTION!!!,"Share before it gets deleted! A shocking new report say the vaccine secretly contains microchips related to the upcoming election. Nobody is talking about this and that should scare you. Share this NOW so the truth can finally come out!!! Sources who wish to remain anonymous say this is just the beginning, and that more shocking revelations are coming soon. Do your own research!",News,fake
A MYSTERIOUS WHISTLEBLOWER REVEAL THE TRUTH THEY DON'T WANT YOU TO KNOW about A NATURAL DISASTER!!!,"You won't believe what happens next! A mysterious whistleblower reveal the truth they don't want you to know related to a natural disaster. Nobody is talking about this and that should scare you. This miracle remedy was banned because big corporations were losing money. Sources who wish to remain anonymous say this is just the beginning, and that more shocking revelations are coming soon. Do your own research!",News,fake
SOCIAL MEDIA USERS SHOW THE SHOCKING SECRET BEHIND THE SCENES about A MAJOR SPORTS EVENT!!!,"You won't believe what happens next! Social media users show the shocking secret behind the scenes related to a major sports event. Nobody is talking about this and that should scare you. Thousands of people are waking up to the truth every single day. Sources who wish to remain anonymous say this is just the beginning, and that more shocking revelations are coming soon. Do your own research!",News,fake
AN UNNAMED SOURCE CLOSE TO THE FAMILY EXPOSE A MASSIVE COVER-UP about A POLITICAL SCANDAL!!!,"They don't want you to see this! An unnamed source close to the family expose a massive cover-up related to a political scandal. Share this NOW so the truth can finally come out!!! Thousands of people are waking up to the truth every single day. Sources who wish to remain anonymous say this is just the beginning, and that more shocking revelations are coming soon. Do your own research!",News,fake
AN UNNAMED SOURCE CLOSE TO THE FAMILY REVEAL CELEBRITIES ARE ACTUALLY ROBOTS about CLIMATE CHANGE!!!,"This has been hidden from the public for years! An unnamed source close to the family reveal celebrities are actually robots related to climate change. Thousands of people are waking up to the truth every single day. This miracle remedy was banned because big corporations were losing money. Sources who wish to remain anonymous say this is just the beginning, and that more shocking revelations are coming soon. Do your own research!",News,fake
AN UNNAMED SOURCE CLOSE TO THE FAMILY REVEAL THE TRUTH THEY DON'T WANT YOU TO KNOW about A POPULAR CELEBRITY!!!,"This will shock you! An unnamed source close to the family reveal the truth they don't want you to know related to a popular celebrity. The mainstream media is completely silent about this shocking truth. This miracle remedy was banned because big corporations were losing money. Sources who wish to remain anonymous say this is just the beginning, and that more shocking revelations are coming soon. Do your own research!",News,fake
A VIRAL POST SHOW THE SHOCKING SECRET BEHIND THE SCENES about A GLOBAL PANDEMIC!!!,"Experts are too afraid to speak up! A viral post show the shocking secret behind the scenes related to a global pandemic. Forward this to everyone you know before it's too late!!! This proves once and for all what they've been hiding all along. Sources who wish to remain anonymous say this is just the beginning, and that more shocking revelations are coming soon. Do your own research!",News,fake
A SHOCKING NEW REPORT EXPOSE A MASSIVE COVER-UP about THE STOCK MARKET!!!,"You won't believe what happens next! A shocking new report expose a massive cover-up related to the stock market. The mainstream media is completely silent about this shocking truth. Nobody is talking about this and that should scare you. Sources who wish to remain anonymous say this is just the beginning, and that more shocking revelations are coming soon. Do your own research!",News,fake
SOCIAL MEDIA USERS WARN THAT THE WORLD WILL END NEXT MONTH about A NEW TECHNOLOGY!!!,"Wake up people, this is huge! Social media users warn that the world will end next month related to a new technology. Forward this to everyone you know before it's too late!!! The mainstream media is completely silent about this shocking truth. Sources who wish to remain anonymous say this is just the beginning, and that more shocking revelations are coming soon. Do your own research!",News,fake
A SECRET GOVERNMENT MEMO SAY THE VACCINE SECRETLY CONTAINS MICROCHIPS about A POPULAR CELEBRITY!!!,"The mainstream media refuses to report this! A secret government memo say the vaccine secretly contains microchips related to a popular celebrity. The mainstream media is completely silent about this shocking truth. Forward this to everyone you know before it's too late!!! Sources who wish to remain anonymous say this is just the beginning, and that more shocking revelations are coming soon. Do your own research!",News,fake
A POPULAR BLOGGER REVEAL CELEBRITIES ARE ACTUALLY ROBOTS about A NATURAL DISASTER!!!,"You won't believe what happens next! A popular blogger reveal celebrities are actually robots related to a natural disaster. Thousands of people are waking up to the truth every single day. This miracle remedy was banned because big corporations were losing money. Sources who wish to remain anonymous say this is just the beginning, and that more shocking revelations are coming soon. Do your own research!",News,fake
A POPULAR BLOGGER LEAK PROOF OF A GLOBAL CONSPIRACY about A NATURAL DISASTER!!!,"Share before it gets deleted! A popular blogger leak proof of a global conspiracy related to a natural disaster. The mainstream media is completely silent about this shocking truth. Nobody is talking about this and that should scare you. Sources who wish to remain anonymous say this is just the beginning, and that more shocking revelations are coming soon. Do your own research!",News,fake
A SELF-PROCLAIMED EXPERT LEAK PROOF OF A GLOBAL CONSPIRACY about A POPULAR CELEBRITY!!!,"Experts are too afraid to speak up! A self-proclaimed expert leak proof of a global conspiracy related to a popular celebrity. Forward this to everyone you know before it's too late!!! Nobody is talking about this and that should scare you. Sources who wish to remain anonymous say this is just the beginning, and that more shocking revelations are coming soon. Do your own research!",News,fake
AN ANONYMOUS INSIDER CLAIM THIS ONE WEIRD TRICK CURES EVERYTHING about THE HOUSING MARKET!!!,"Experts are too afraid to speak up! An anonymous insider claim this one weird trick cures everything related to the housing market. Nobody is talking about this and that should scare you. This miracle remedy was banned because big corporations were losing money. Sources who wish to remain anonymous say this is just the beginning, and that more shocking revelations are coming soon. Do your own research!",News,fake
A MYSTERIOUS WHISTLEBLOWER WARN THAT THE WORLD WILL END NEXT MONTH about THE EDUCATION SYSTEM!!!,"This will shock you! A mysterious whistleblower warn that the world will end next month related to the education system. Share this NOW so the truth can finally come out!!! Forward this to everyone you know before it's too late!!! Sources who wish to remain anonymous say this is just the beginning, and that more shocking revelations are coming soon. Do your own research!",News,fake
A SHOCKING NEW REPORT SAY THE VACCINE SECRETLY CONTAINS MICROCHIPS about A TECH COMPANY'S NEW PRODUCT!!!,"This has been hidden from the public for years! A shocking new report say the vaccine secretly contains microchips related to a tech company's new product. Share this NOW so the truth can finally come out!!! Click here now before this post gets taken down forever. Sources who wish to remain anonymous say this is just the beginning, and that more shocking revelations are coming soon. Do your own research!",News,fake
A SELF-PROCLAIMED EXPERT CONFIRM ALIENS ARE HIDING AMONG US about THE NEW VACCINE!!!,"They don't want you to see this! A self-proclaimed expert confirm aliens are hiding among us related to the new vaccine. Nobody is talking about this and that should scare you. This proves once and for all what they've been hiding all along. Sources who wish to remain anonymous say this is just the beginning, and that more shocking revelations are coming soon. Do your own research!",News,fake
AN ANONYMOUS INSIDER SHOW THE SHOCKING SECRET BEHIND THE SCENES about THE STOCK MARKET!!!,"Wake up people, this is huge! An anonymous insider show the shocking secret behind the scenes related to the stock market. Click here now before this post gets taken down forever. The mainstream media is completely silent about this shocking truth. Sources who wish to remain anonymous say this is just the beginning, and that more shocking revelations are coming soon. Do your own research!",News,fake
A SHOCKING NEW REPORT REVEAL THE TRUTH THEY DON'T WANT YOU TO KNOW about THE STOCK MARKET!!!,"This will shock you! A shocking new report reveal the truth they don't want you to know related to the stock market. Click here now before this post gets taken down forever. Click here now before this post gets taken down forever. Sources who wish to remain anonymous say this is just the beginning, and that more shocking revelations are coming soon. Do your own research!",News,fake
CELEBRITIES CLAIM THIS ONE WEIRD TRICK CURES EVERYTHING about A VIRAL HEALTH TREND!!!,"Experts are too afraid to speak up! Celebrities claim this one weird trick cures everything related to a viral health trend. This proves once and for all what they've been hiding all along. Click here now before this post gets taken down forever. Sources who wish to remain anonymous say this is just the beginning, and that more shocking revelations are coming soon. Do your own research!",News,fake
AN UNNAMED SOURCE CLOSE TO THE FAMILY INSIST THE MOON LANDING WAS STAGED about THE ECONOMY!!!,"Share before it gets deleted! An unnamed source close to the family insist the moon landing was staged related to the economy. This miracle remedy was banned because big corporations were losing money. Share this NOW so the truth can finally come out!!! Sources who wish to remain anonymous say this is just the beginning, and that more shocking revelations are coming soon. Do your own research!",News,fake
A LEAKED DOCUMENT CLAIM THE ELECTION WAS COMPLETELY RIGGED about A VIRAL HEALTH TREND!!!,"You won't believe what happens next! A leaked document claim the election was completely rigged related to a viral health trend. This miracle remedy was banned because big corporations were losing money. Share this NOW so the truth can finally come out!!! Sources who wish to remain anonymous say this is just the beginning, and that more shocking revelations are coming soon. Do your own research!",News,fake
AN UNNAMED SOURCE CLOSE TO THE FAMILY CONFIRM ALIENS ARE HIDING AMONG US about THE STOCK MARKET!!!,"This has been hidden from the public for years! An unnamed source close to the family confirm aliens are hiding among us related to the stock market. Click here now before this post gets taken down forever. Thousands of people are waking up to the truth every single day. Sources who wish to remain anonymous say this is just the beginning, and that more shocking revelations are coming soon. Do your own research!",News,fake
SCIENTISTS YOU'VE NEVER HEARD OF SAY THE VACCINE SECRETLY CONTAINS MICROCHIPS about THE UPCOMING ELECTION!!!,"Wake up people, this is huge! Scientists you've never heard of say the vaccine secretly contains microchips related to the upcoming election. Click here now before this post gets taken down forever. Share this NOW so the truth can finally come out!!! Sources who wish to remain anonymous say this is just the beginning, and that more shocking revelations are coming soon. Do your own research!",News,fake
AN ANONYMOUS INSIDER INSIST THE MOON LANDING WAS STAGED about THE NEW VACCINE!!!,"Wake up people, this is huge! An anonymous insider insist the moon landing was staged related to the new vaccine. Nobody is talking about this and that should scare you. Nobody is talking about this and that should scare you. Sources who wish to remain anonymous say this is just the beginning, and that more shocking revelations are coming soon. Do your own research!",News,fake
SOCIAL MEDIA USERS INSIST THE MOON LANDING WAS STAGED about A POLITICAL SCANDAL!!!,"Share before it gets deleted! Social media users insist the moon landing was staged related to a political scandal. Nobody is talking about this and that should scare you. Thousands of people are waking up to the truth every single day. Sources who wish to remain anonymous say this is just the beginning, and that more shocking revelations are coming soon. Do your own research!",News,fake
A SHOCKING NEW REPORT REVEAL CELEBRITIES ARE ACTUALLY ROBOTS about A NEW TECHNOLOGY!!!,"Experts are too afraid to speak up! A shocking new report reveal celebrities are actually robots related to a new technology. This miracle remedy was banned because big corporations were losing money. The mainstream media is completely silent about this shocking truth. Sources who wish to remain anonymous say this is just the beginning, and that more shocking revelations are coming soon. Do your own research!",News,fake
A MYSTERIOUS WHISTLEBLOWER LEAK PROOF OF A GLOBAL CONSPIRACY about CLIMATE CHANGE!!!,"This will shock you! A mysterious whistleblower leak proof of a global conspiracy related to climate change. Nobody is talking about this and that should scare you. The mainstream media is completely silent about this shocking truth. Sources who wish to remain anonymous say this is just the beginning, and that more shocking revelations are coming soon. Do your own research!",News,fake
A LEAKED DOCUMENT REVEAL CELEBRITIES ARE ACTUALLY ROBOTS about A TECH COMPANY'S NEW PRODUCT!!!,"You won't believe what happens next! A leaked document reveal celebrities are actually robots related to a tech company's new product. The mainstream media is completely silent about this shocking truth. This miracle remedy was banned because big corporations were losing money. Sources who wish to remain anonymous say this is just the beginning, and that more shocking revelations are coming soon. Do your own research!",News,fake
AN UNNAMED SOURCE CLOSE TO THE FAMILY SAY THE VACCINE SECRETLY CONTAINS MICROCHIPS about A POPULAR CELEBRITY!!!,"This will shock you! An unnamed source close to the family say the vaccine secretly contains microchips related to a popular celebrity. Thousands of people are waking up to the truth every single day. Click here now before this post gets taken down forever. Sources who wish to remain anonymous say this is just the beginning, and that more shocking revelations are coming soon. Do your own research!",News,fake
A POPULAR BLOGGER CLAIM THE ELECTION WAS COMPLETELY RIGGED about CLIMATE CHANGE!!!,"Share before it gets deleted! A popular blogger claim the election was completely rigged related to climate change. Nobody is talking about this and that should scare you. Forward this to everyone you know before it's too late!!! Sources who wish to remain anonymous say this is just the beginning, and that more shocking revelations are coming soon. Do your own research!",News,fake
A MYSTERIOUS WHISTLEBLOWER CLAIM THE ELECTION WAS COMPLETELY RIGGED about A VIRAL HEALTH TREND!!!,"This has been hidden from the public for years! A mysterious whistleblower claim the election was completely rigged related to a viral health trend. Forward this to everyone you know before it's too late!!! Share this NOW so the truth can finally come out!!! Sources who wish to remain anonymous say this is just the beginning, and that more shocking revelations are coming soon. Do your own research!",News,fake
A VIRAL POST SAY THE GOVERNMENT IS HIDING THE CURE FOR CANCER about A POPULAR CELEBRITY!!!,"This has been hidden from the public for years! A viral post say the government is hiding the cure for cancer related to a popular celebrity. Share this NOW so the truth can finally come out!!! The mainstream media is completely silent about this shocking truth. Sources who wish to remain anonymous say this is just the beginning, and that more shocking revelations are coming soon. Do your own research!",News,fake
CELEBRITIES EXPOSE A MASSIVE COVER-UP about A VIRAL HEALTH TREND!!!,"Experts are too afraid to speak up! Celebrities expose a massive cover-up related to a viral health trend. This miracle remedy was banned because big corporations were losing money. Nobody is talking about this and that should scare you. Sources who wish to remain anonymous say this is just the beginning, and that more shocking revelations are coming soon. Do your own research!",News,fake
AN ANONYMOUS INSIDER CONFIRM ALIENS ARE HIDING AMONG US about THE STOCK MARKET!!!,"This will shock you! An anonymous insider confirm aliens are hiding among us related to the stock market. Thousands of people are waking up to the truth every single day. Share this NOW so the truth can finally come out!!! Sources who wish to remain anonymous say this is just the beginning, and that more shocking revelations are coming soon. Do your own research!",News,fake
DOCTORS SAY THE VACCINE SECRETLY CONTAINS MICROCHIPS about A TECH COMPANY'S NEW PRODUCT!!!,"This has been hidden from the public for years! Doctors say the vaccine secretly contains microchips related to a tech company's new product. This proves once and for all what they've been hiding all along. Thousands of people are waking up to the truth every single day. Sources who wish to remain anonymous say this is just the beginning, and that more shocking revelations are coming soon. Do your own research!",News,fake
A MYSTERIOUS WHISTLEBLOWER WARN THAT THE WORLD WILL END NEXT MONTH about THE HOUSING MARKET!!!,"Wake up people, this is huge! A mysterious whistleblower warn that the world will end next month related to the housing market. Share this NOW so the truth can finally come out!!! Share this NOW so the truth can finally come out!!! Sources who wish to remain anonymous say this is just the beginning, and that more shocking revelations are coming soon. Do your own research!",News,fake
AN UNNAMED SOURCE CLOSE TO THE FAMILY SHOW THE SHOCKING SECRET BEHIND THE SCENES about THE UPCOMING ELECTION!!!,"The mainstream media refuses to report this! An unnamed source close to the family show the shocking secret behind the scenes related to the upcoming election. Nobody is talking about this and that should scare you. Forward this to everyone you know before it's too late!!! Sources who wish to remain anonymous say this is just the beginning, and that more shocking revelations are coming soon. Do your own research!",News,fake
AN UNNAMED SOURCE CLOSE TO THE FAMILY CLAIM THIS ONE WEIRD TRICK CURES EVERYTHING about A MAJOR SPORTS EVENT!!!,"This will shock you! An unnamed source close to the family claim this one weird trick cures everything related to a major sports event. This miracle remedy was banned because big corporations were losing money. Click here now before this post gets taken down forever. Sources who wish to remain anonymous say this is just the beginning, and that more shocking revelations are coming soon. Do your own research!",News,fake
DOCTORS CLAIM THE ELECTION WAS COMPLETELY RIGGED about THE STOCK MARKET!!!,"The mainstream media refuses to report this! Doctors claim the election was completely rigged related to the stock market. Click here now before this post gets taken down forever. The mainstream media is completely silent about this shocking truth. Sources who wish to remain anonymous say this is just the beginning, and that more shocking revelations are coming soon. Do your own research!",News,fake
AN ANONYMOUS INSIDER REVEAL THE TRUTH THEY DON'T WANT YOU TO KNOW about THE STOCK MARKET!!!,"This has been hidden from the public for years! An anonymous insider reveal the truth they don't want you to know related to the stock market. Nobody is talking about this and that should scare you. Nobody is talking about this and that should scare you. Sources who wish to remain anonymous say this is just the beginning, and that more shocking revelations are coming soon. Do your own research!",News,fake
DOCTORS CLAIM THIS ONE WEIRD TRICK CURES EVERYTHING about THE EDUCATION SYSTEM!!!,"Share before it gets deleted! Doctors claim this one weird trick cures everything related to the education system. Nobody is talking about this and that should scare you. Share this NOW so the truth can finally come out!!! Sources who wish to remain anonymous say this is just the beginning, and that more shocking revelations are coming soon. Do your own research!",News,fake
A POPULAR BLOGGER CONFIRM ALIENS ARE HIDING AMONG US about A MAJOR SPORTS EVENT!!!,"Share before it gets deleted! A popular blogger confirm aliens are hiding among us related to a major sports event. Click here now before this post gets taken down forever. Nobody is talking about this and that should scare you. Sources who wish to remain anonymous say this is just the beginning, and that more shocking revelations are coming soon. Do your own research!",News,fake
DOCTORS CONFIRM ALIENS ARE HIDING AMONG US about A NATURAL DISASTER!!!,"Experts are too afraid to speak up! Doctors confirm aliens are hiding among us related to a natural disaster. The mainstream media is completely silent about this shocking truth. This proves once and for all what they've been hiding all along. Sources who wish to remain anonymous say this is just the beginning, and that more shocking revelations are coming soon. Do your own research!",News,fake
A SELF-PROCLAIMED EXPERT CLAIM THE ELECTION WAS COMPLETELY RIGGED about THE EDUCATION SYSTEM!!!,"The mainstream media refuses to report this! A self-proclaimed expert claim the election was completely rigged related to the education system. Forward this to everyone you know before it's too late!!! Share this NOW so the truth can finally come out!!! Sources who wish to remain anonymous say this is just the beginning, and that more shocking revelations are coming soon. Do your own research!",News,fake
A POPULAR BLOGGER INSIST THE MOON LANDING WAS STAGED about THE UPCOMING ELECTION!!!,"This will shock you! A popular blogger insist the moon landing was staged related to the upcoming election. Forward this to everyone you know before it's too late!!! Share this NOW so the truth can finally come out!!! Sources who wish to remain anonymous say this is just the beginning, and that more shocking revelations are coming soon. Do your own research!",News,fake
AN UNNAMED SOURCE CLOSE TO THE FAMILY CLAIM THE ELECTION WAS COMPLETELY RIGGED about A TECH COMPANY'S NEW PRODUCT!!!,"Wake up people, this is huge! An unnamed source close to the family claim the election was completely rigged related to a tech company's new product. Forward this to everyone you know before it's too late!!! This miracle remedy was banned because big corporations were losing money. Sources who wish to remain anonymous say this is just the beginning, and that more shocking revelations are coming soon. Do your own research!",News,fake
A SHOCKING NEW REPORT WARN THAT THE WORLD WILL END NEXT MONTH about A GLOBAL PANDEMIC!!!,"Wake up people, this is huge! A shocking new report warn that the world will end next month related to a global pandemic. Nobody is talking about this and that should scare you. Nobody is talking about this and that should scare you. Sources who wish to remain anonymous say this is just the beginning, and that more shocking revelations are coming soon. Do your own research!",News,fake
A VIRAL POST SAY THE VACCINE SECRETLY CONTAINS MICROCHIPS about THE UPCOMING ELECTION!!!,"They don't want you to see this! A viral post say the vaccine secretly contains microchips related to the upcoming election. Click here now before this post gets taken down forever. Click here now before this post gets taken down forever. Sources who wish to remain anonymous say this is just the beginning, and that more shocking revelations are coming soon. Do your own research!",News,fake
AN UNNAMED SOURCE CLOSE TO THE FAMILY INSIST THE MOON LANDING WAS STAGED about A POPULAR CELEBRITY!!!,"They don't want you to see this! An unnamed source close to the family insist the moon landing was staged related to a popular celebrity. The mainstream media is completely silent about this shocking truth. This proves once and for all what they've been hiding all along. Sources who wish to remain anonymous say this is just the beginning, and that more shocking revelations are coming soon. Do your own research!",News,fake
DOCTORS SAY THE VACCINE SECRETLY CONTAINS MICROCHIPS about THE STOCK MARKET!!!,"This will shock you! Doctors say the vaccine secretly contains microchips related to the stock market. Share this NOW so the truth can finally come out!!! Click here now before this post gets taken down forever. Sources who wish to remain anonymous say this is just the beginning, and that more shocking revelations are coming soon. Do your own research!",News,fake
AN ANONYMOUS INSIDER REVEAL THE TRUTH THEY DON'T WANT YOU TO KNOW about THE UPCOMING ELECTION!!!,"The mainstream media refuses to report this! An anonymous insider reveal the truth they don't want you to know related to the upcoming election. Forward this to everyone you know before it's too late!!! Thousands of people are waking up to the truth every single day. Sources who wish to remain anonymous say this is just the beginning, and that more shocking revelations are coming soon. Do your own research!",News,fake
SOCIAL MEDIA USERS SHOW THE SHOCKING SECRET BEHIND THE SCENES about A NATURAL DISASTER!!!,"This will shock you! Social media users show the shocking secret behind the scenes related to a natural disaster. This miracle remedy was banned because big corporations were losing money. Forward this to everyone you know before it's too late!!! Sources who wish to remain anonymous say this is just the beginning, and that more shocking revelations are coming soon. Do your own research!",News,fake
A SELF-PROCLAIMED EXPERT EXPOSE A MASSIVE COVER-UP about THE STOCK MARKET!!!,"They don't want you to see this! A self-proclaimed expert expose a massive cover-up related to the stock market. Click here now before this post gets taken down forever. Forward this to everyone you know before it's too late!!! Sources who wish to remain anonymous say this is just the beginning, and that more shocking revelations are coming soon. Do your own research!",News,fake
AN ANONYMOUS INSIDER LEAK PROOF OF A GLOBAL CONSPIRACY about A GLOBAL PANDEMIC!!!,"Share before it gets deleted! An anonymous insider leak proof of a global conspiracy related to a global pandemic. Forward this to everyone you know before it's too late!!! This proves once and for all what they've been hiding all along. Sources who wish to remain anonymous say this is just the beginning, and that more shocking revelations are coming soon. Do your own research!",News,fake
DOCTORS SAY THE VACCINE SECRETLY CONTAINS MICROCHIPS about A GLOBAL PANDEMIC!!!,"This will shock you! Doctors say the vaccine secretly contains microchips related to a global pandemic. Nobody is talking about this and that should scare you. Click here now before this post gets taken down forever. Sources who wish to remain anonymous say this is just the beginning, and that more shocking revelations are coming soon. Do your own research!",News,fake
SCIENTISTS YOU'VE NEVER HEARD OF EXPOSE A MASSIVE COVER-UP about THE STOCK MARKET!!!,"This will shock you! Scientists you've never heard of expose a massive cover-up related to the stock market. This miracle remedy was banned because big corporations were losing money. Share this NOW so the truth can finally come out!!! Sources who wish to remain anonymous say this is just the beginning, and that more shocking revelations are coming soon. Do your own research!",News,fake
A POPULAR BLOGGER SAY THE GOVERNMENT IS HIDING THE CURE FOR CANCER about CLIMATE CHANGE!!!,"The mainstream media refuses to report this! A popular blogger say the government is hiding the cure for cancer related to climate change. This proves once and for all what they've been hiding all along. This proves once and for all what they've been hiding all along. Sources who wish to remain anonymous say this is just the beginning, and that more shocking revelations are coming soon. Do your own research!",News,fake
AN ANONYMOUS INSIDER SHOW THE SHOCKING SECRET BEHIND THE SCENES about A GLOBAL PANDEMIC!!!,"Experts are too afraid to speak up! An anonymous insider show the shocking secret behind the scenes related to a global pandemic. Thousands of people are waking up to the truth every single day. Forward this to everyone you know before it's too late!!! Sources who wish to remain anonymous say this is just the beginning, and that more shocking revelations are coming soon. Do your own research!",News,fake
SCIENTISTS YOU'VE NEVER HEARD OF CLAIM THE ELECTION WAS COMPLETELY RIGGED about A POPULAR CELEBRITY!!!,"You won't believe what happens next! Scientists you've never heard of claim the election was completely rigged related to a popular celebrity. Nobody is talking about this and that should scare you. Thousands of people are waking up to the truth every single day. Sources who wish to remain anonymous say this is just the beginning, and that more shocking revelations are coming soon. Do your own research!",News,fake
A LEAKED DOCUMENT SAY THE GOVERNMENT IS HIDING THE CURE FOR CANCER about THE EDUCATION SYSTEM!!!,"They don't want you to see this! A leaked document say the government is hiding the cure for cancer related to the education system. The mainstream media is completely silent about this shocking truth. Click here now before this post gets taken down forever. Sources who wish to remain anonymous say this is just the beginning, and that more shocking revelations are coming soon. Do your own research!",News,fake
AN ANONYMOUS INSIDER SHOW THE SHOCKING SECRET BEHIND THE SCENES about A MAJOR SPORTS EVENT!!!,"Experts are too afraid to speak up! An anonymous insider show the shocking secret behind the scenes related to a major sports event. Share this NOW so the truth can finally come out!!! Thousands of people are waking up to the truth every single day. Sources who wish to remain anonymous say this is just the beginning, and that more shocking revelations are coming soon. Do your own research!",News,fake
A SECRET GOVERNMENT MEMO CLAIM THE ELECTION WAS COMPLETELY RIGGED about THE ECONOMY!!!,"This will shock you! A secret government memo claim the election was completely rigged related to the economy. Thousands of people are waking up to the truth every single day. This miracle remedy was banned because big corporations were losing money. Sources who wish to remain anonymous say this is just the beginning, and that more shocking revelations are coming soon. Do your own research!",News,fake
A SECRET GOVERNMENT MEMO REVEAL CELEBRITIES ARE ACTUALLY ROBOTS about A POLITICAL SCANDAL!!!,"Wake up people, this is huge! A secret government memo reveal celebrities are actually robots related to a political scandal. Forward this to everyone you know before it's too late!!! Share this NOW so the truth can finally come out!!! Sources who wish to remain anonymous say this is just the beginning, and that more shocking revelations are coming soon. Do your own research!",News,fake
A SELF-PROCLAIMED EXPERT SAY THE VACCINE SECRETLY CONTAINS MICROCHIPS about A MAJOR SPORTS EVENT!!!,"You won't believe what happens next! A self-proclaimed expert say the vaccine secretly contains microchips related to a major sports event. Click here now before this post gets taken down forever. Forward this to everyone you know before it's too late!!! Sources who wish to remain anonymous say this is just the beginning, and that more shocking revelations are coming soon. Do your own research!",News,fake
SOCIAL MEDIA USERS REVEAL THE TRUTH THEY DON'T WANT YOU TO KNOW about A GLOBAL PANDEMIC!!!,"You won't believe what happens next! Social media users reveal the truth they don't want you to know related to a global pandemic. The mainstream media is completely silent about this shocking truth. Share this NOW so the truth can finally come out!!! Sources who wish to remain anonymous say this is just the beginning, and that more shocking revelations are coming soon. Do your own research!",News,fake
A SHOCKING NEW REPORT LEAK PROOF OF A GLOBAL CONSPIRACY about A TECH COMPANY'S NEW PRODUCT!!!,"Wake up people, this is huge! A shocking new report leak proof of a global conspiracy related to a tech company's new product. This proves once and for all what they've been hiding all along. This proves once and for all what they've been hiding all along. Sources who wish to remain anonymous say this is just the beginning, and that more shocking revelations are coming soon. Do your own research!",News,fake
AN ANONYMOUS INSIDER REVEAL CELEBRITIES ARE ACTUALLY ROBOTS about THE HOUSING MARKET!!!,"This has been hidden from the public for years! An anonymous insider reveal celebrities are actually robots related to the housing market. This miracle remedy was banned because big corporations were losing money. Thousands of people are waking up to the truth every single day. Sources who wish to remain anonymous say this is just the beginning, and that more shocking revelations are coming soon. Do your own research!",News,fake
AN UNNAMED SOURCE CLOSE TO THE FAMILY LEAK PROOF OF A GLOBAL CONSPIRACY about THE UPCOMING ELECTION!!!,"The mainstream media refuses to report this! An unnamed source close to the family leak proof of a global conspiracy related to the upcoming election. Share this NOW so the truth can finally come out!!! Nobody is talking about this and that should scare you. Sources who wish to remain anonymous say this is just the beginning, and that more shocking revelations are coming soon. Do your own research!",News,fake
A MYSTERIOUS WHISTLEBLOWER SAY THE GOVERNMENT IS HIDING THE CURE FOR CANCER about A VIRAL HEALTH TREND!!!,"This has been hidden from the public for years! A mysterious whistleblower say the government is hiding the cure for cancer related to a viral health trend. Forward this to everyone you know before it's too late!!! Thousands of people are waking up to the truth every single day. Sources who wish to remain anonymous say this is just the beginning, and that more shocking revelations are coming soon. Do your own research!",News,fake
A POPULAR BLOGGER SAY THE GOVERNMENT IS HIDING THE CURE FOR CANCER about THE UPCOMING ELECTION!!!,"You won't believe what happens next! A popular blogger say the government is hiding the cure for cancer related to the upcoming election. Forward this to everyone you know before it's too late!!! This proves once and for all what they've been hiding all along. Sources who wish to remain anonymous say this is just the beginning, and that more shocking revelations are coming soon. Do your own research!",News,fake
AN UNNAMED SOURCE CLOSE TO THE FAMILY SAY THE VACCINE SECRETLY CONTAINS MICROCHIPS about A TECH COMPANY'S NEW PRODUCT!!!,"The mainstream media refuses to report this! An unnamed source close to the family say the vaccine secretly contains microchips related to a tech company's new product. Nobody is talking about this and that should scare you. Nobody is talking about this and that should scare you. Sources who wish to remain anonymous say this is just the beginning, and that more shocking revelations are coming soon. Do your own research!",News,fake
SCIENTISTS YOU'VE NEVER HEARD OF SAY THE VACCINE SECRETLY CONTAINS MICROCHIPS about THE HOUSING MARKET!!!,"You won't believe what happens next! Scientists you've never heard of say the vaccine secretly contains microchips related to the housing market. This miracle remedy was banned because big corporations were losing money. This proves once and for all what they've been hiding all along. Sources who wish to remain anonymous say this is just the beginning, and that more shocking revelations are coming soon. Do your own research!",News,fake
SOCIAL MEDIA USERS LEAK PROOF OF A GLOBAL CONSPIRACY about CLIMATE CHANGE!!!,"This has been hidden from the public for years! Social media users leak proof of a global conspiracy related to climate change. Click here now before this post gets taken down forever. This proves once and for all what they've been hiding all along. Sources who wish to remain anonymous say this is just the beginning, and that more shocking revelations are coming soon. Do your own research!",News,fake
SOCIAL MEDIA USERS WARN THAT THE WORLD WILL END NEXT MONTH about A GLOBAL PANDEMIC!!!,"Wake up people, this is huge! Social media users warn that the world will end next month related to a global pandemic. Forward this to everyone you know before it's too late!!! This proves once and for all what they've been hiding all along. Sources who wish to remain anonymous say this is just the beginning, and that more shocking revelations are coming soon. Do your own research!",News,fake
A VIRAL POST CONFIRM ALIENS ARE HIDING AMONG US about A GLOBAL PANDEMIC!!!,"This will shock you! A viral post confirm aliens are hiding among us related to a global pandemic. Share this NOW so the truth can finally come out!!! Nobody is talking about this and that should scare you. Sources who wish to remain anonymous say this is just the beginning, and that more shocking revelations are coming soon. Do your own research!",News,fake
A SELF-PROCLAIMED EXPERT CLAIM THE ELECTION WAS COMPLETELY RIGGED about A TECH COMPANY'S NEW PRODUCT!!!,"You won't believe what happens next! A self-proclaimed expert claim the election was completely rigged related to a tech company's new product. The mainstream media is completely silent about this shocking truth. Thousands of people are waking up to the truth every single day. Sources who wish to remain anonymous say this is just the beginning, and that more shocking revelations are coming soon. Do your own research!",News,fake
SCIENTISTS YOU'VE NEVER HEARD OF CLAIM THIS ONE WEIRD TRICK CURES EVERYTHING about A GLOBAL PANDEMIC!!!,"The mainstream media refuses to report this! Scientists you've never heard of claim this one weird trick cures everything related to a global pandemic. Thousands of people are waking up to the truth every single day. The mainstream media is completely silent about this shocking truth. Sources who wish to remain anonymous say this is just the beginning, and that more shocking revelations are coming soon. Do your own research!",News,fake
A LEAKED DOCUMENT EXPOSE A MASSIVE COVER-UP about A POLITICAL SCANDAL!!!,"Experts are too afraid to speak up! A leaked document expose a massive cover-up related to a political scandal. Click here now before this post gets taken down forever. This proves once and for all what they've been hiding all along. Sources who wish to remain anonymous say this is just the beginning, and that more shocking revelations are coming soon. Do your own research!",News,fake
AN UNNAMED SOURCE CLOSE TO THE FAMILY SHOW THE SHOCKING SECRET BEHIND THE SCENES about THE NEW VACCINE!!!,"Wake up people, this is huge! An unnamed source close to the family show the shocking secret behind the scenes related to the new vaccine. Share this NOW so the truth can finally come out!!! Nobody is talking about this and that should scare you. Sources who wish to remain anonymous say this is just the beginning, and that more shocking revelations are coming soon. Do your own research!",News,fake
A POPULAR BLOGGER EXPOSE A MASSIVE COVER-UP about THE ECONOMY!!!,"Share before it gets deleted! A popular blogger expose a massive cover-up related to the economy. Click here now before this post gets taken down forever. This proves once and for all what they've been hiding all along. Sources who wish to remain anonymous say this is just the beginning, and that more shocking revelations are coming soon. Do your own research!",News,fake
A POPULAR BLOGGER EXPOSE A MASSIVE COVER-UP about THE HOUSING MARKET!!!,"Wake up people, this is huge! A popular blogger expose a massive cover-up related to the housing market. Nobody is talking about this and that should scare you. Click here now before this post gets taken down forever. Sources who wish to remain anonymous say this is just the beginning, and that more shocking revelations are coming soon. Do your own research!",News,fake
AN ANONYMOUS INSIDER WARN THAT THE WORLD WILL END NEXT MONTH about CLIMATE CHANGE!!!,"Wake up people, this is huge! An anonymous insider warn that the world will end next month related to climate change. Forward this to everyone you know before it's too late!!! Forward this to everyone you know before it's too late!!! Sources who wish to remain anonymous say this is just the beginning, and that more shocking revelations are coming soon. Do your own research!",News,fake
AN ANONYMOUS INSIDER SAY THE GOVERNMENT IS HIDING THE CURE FOR CANCER about THE NEW VACCINE!!!,"The mainstream media refuses to report this! An anonymous insider say the government is hiding the cure for cancer related to the new vaccine. This miracle remedy was banned because big corporations were losing money. Forward this to everyone you know before it's too late!!! Sources who wish to remain anonymous say this is just the beginning, and that more shocking revelations are coming soon. Do your own research!",News,fake
A SELF-PROCLAIMED EXPERT SHOW THE SHOCKING SECRET BEHIND THE SCENES about THE ECONOMY!!!,"You won't believe what happens next! A self-proclaimed expert show the shocking secret behind the scenes related to the economy. This proves once and for all what they've been hiding all along. Forward this to everyone you know before it's too late!!! Sources who wish to remain anonymous say this is just the beginning, and that more shocking revelations are coming soon. Do your own research!",News,fake
AN UNNAMED SOURCE CLOSE TO THE FAMILY INSIST THE MOON LANDING WAS STAGED about A POLITICAL SCANDAL!!!,"This has been hidden from the public for years! An unnamed source close to the family insist the moon landing was staged related to a political scandal. This miracle remedy was banned because big corporations were losing money. The mainstream media is completely silent about this shocking truth. Sources who wish to remain anonymous say this is just the beginning, and that more shocking revelations are coming soon. Do your own research!",News,fake
A SHOCKING NEW REPORT SAY THE VACCINE SECRETLY CONTAINS MICROCHIPS about THE NEW VACCINE!!!,"This has been hidden from the public for years! A shocking new report say the vaccine secretly contains microchips related to the new vaccine. Nobody is talking about this and that should scare you. This proves once and for all what they've been hiding all along. Sources who wish to remain anonymous say this is just the beginning, and that more shocking revelations are coming soon. Do your own research!",News,fake
A SELF-PROCLAIMED EXPERT REVEAL THE TRUTH THEY DON'T WANT YOU TO KNOW about THE NEW VACCINE!!!,"You won't believe what happens next! A self-proclaimed expert reveal the truth they don't want you to know related to the new vaccine. This proves once and for all what they've been hiding all along. This proves once and for all what they've been hiding all along. Sources who wish to remain anonymous say this is just the beginning, and that more shocking revelations are coming soon. Do your own research!",News,fake
A SECRET GOVERNMENT MEMO SHOW THE SHOCKING SECRET BEHIND THE SCENES about A NATURAL DISASTER!!!,"This has been hidden from the public for years! A secret government memo show the shocking secret behind the scenes related to a natural disaster. Nobody is talking about this and that should scare you. The mainstream media is completely silent about this shocking truth. Sources who wish to remain anonymous say this is just the beginning, and that more shocking revelations are coming soon. Do your own research!",News,fake
SCIENTISTS YOU'VE NEVER HEARD OF CLAIM THIS ONE WEIRD TRICK CURES EVERYTHING about A NATURAL DISASTER!!!,"This will shock you! Scientists you've never heard of claim this one weird trick cures everything related to a natural disaster. Click here now before this post gets taken down forever. Forward this to everyone you know before it's too late!!! Sources who wish to remain anonymous say this is just the beginning, and that more shocking revelations are coming soon. Do your own research!",News,fake
A SECRET GOVERNMENT MEMO SAY THE VACCINE SECRETLY CONTAINS MICROCHIPS about A VIRAL HEALTH TREND!!!,"Share before it gets deleted! A secret government memo say the vaccine secretly contains microchips related to a viral health trend. Thousands of people are waking up to the truth every single day. This proves once and for all what they've been hiding all along. Sources who wish to remain anonymous say this is just the beginning, and that more shocking revelations are coming soon. Do your own research!",News,fake
AN UNNAMED SOURCE CLOSE TO THE FAMILY INSIST THE MOON LANDING WAS STAGED about THE ECONOMY!!!,"Experts are too afraid to speak up! An unnamed source close to the family insist the moon landing was staged related to the economy. The mainstream media is completely silent about this shocking truth. This proves once and for all what they've been hiding all along. Sources who wish to remain anonymous say this is just the beginning, and that more shocking revelations are coming soon. Do your own research!",News,fake
DOCTORS SAY THE GOVERNMENT IS HIDING THE CURE FOR CANCER about A POLITICAL SCANDAL!!!,"They don't want you to see this! Doctors say the government is hiding the cure for cancer related to a political scandal. Share this NOW so the truth can finally come out!!! Share this NOW so the truth can finally come out!!! Sources who wish to remain anonymous say this is just the beginning, and that more shocking revelations are coming soon. Do your own research!",News,fake
A SECRET GOVERNMENT MEMO CLAIM THE ELECTION WAS COMPLETELY RIGGED about A POLITICAL SCANDAL!!!,"They don't want you to see this! A secret government memo claim the election was completely rigged related to a political scandal. Thousands of people are waking up to the truth every single day. The mainstream media is completely silent about this shocking truth. Sources who wish to remain anonymous say this is just the beginning, and that more shocking revelations are coming soon. Do your own research!",News,fake
A SHOCKING NEW REPORT CONFIRM ALIENS ARE HIDING AMONG US about THE NEW VACCINE!!!,"This will shock you! A shocking new report confirm aliens are hiding among us related to the new vaccine. Forward this to everyone you know before it's too late!!! Click here now before this post gets taken down forever. Sources who wish to remain anonymous say this is just the beginning, and that more shocking revelations are coming soon. Do your own research!",News,fake
AN ANONYMOUS INSIDER LEAK PROOF OF A GLOBAL CONSPIRACY about THE HOUSING MARKET!!!,"Wake up people, this is huge! An anonymous insider leak proof of a global conspiracy related to the housing market. This proves once and for all what they've been hiding all along. The mainstream media is completely silent about this shocking truth. Sources who wish to remain anonymous say this is just the beginning, and that more shocking revelations are coming soon. Do your own research!",News,fake
A LEAKED DOCUMENT CLAIM THIS ONE WEIRD TRICK CURES EVERYTHING about A MAJOR SPORTS EVENT!!!,"They don't want you to see this! A leaked document claim this one weird trick cures everything related to a major sports event. This proves once and for all what they've been hiding all along. The mainstream media is completely silent about this shocking truth. Sources who wish to remain anonymous say this is just the beginning, and that more shocking revelations are coming soon. Do your own research!",News,fake
AN ANONYMOUS INSIDER WARN THAT THE WORLD WILL END NEXT MONTH about A POPULAR CELEBRITY!!!,"They don't want you to see this! An anonymous insider warn that the world will end next month related to a popular celebrity. Click here now before this post gets taken down forever. Share this NOW so the truth can finally come out!!! Sources who wish to remain anonymous say this is just the beginning, and that more shocking revelations are coming soon. Do your own research!",News,fake
SCIENTISTS YOU'VE NEVER HEARD OF SHOW THE SHOCKING SECRET BEHIND THE SCENES about THE STOCK MARKET!!!,"This will shock you! Scientists you've never heard of show the shocking secret behind the scenes related to the stock market. Click here now before this post gets taken down forever. Thousands of people are waking up to the truth every single day. Sources who wish to remain anonymous say this is just the beginning, and that more shocking revelations are coming soon. Do your own research!",News,fake
A SECRET GOVERNMENT MEMO WARN THAT THE WORLD WILL END NEXT MONTH about THE ECONOMY!!!,"They don't want you to see this! A secret government memo warn that the world will end next month related to the economy. This proves once and for all what they've been hiding all along. Nobody is talking about this and that should scare you. Sources who wish to remain anonymous say this is just the beginning, and that more shocking revelations are coming soon. Do your own research!",News,fake
A SHOCKING NEW REPORT LEAK PROOF OF A GLOBAL CONSPIRACY about A POPULAR CELEBRITY!!!,"Share before it gets deleted! A shocking new report leak proof of a global conspiracy related to a popular celebrity. Nobody is talking about this and that should scare you. Thousands of people are waking up to the truth every single day. Sources who wish to remain anonymous say this is just the beginning, and that more shocking revelations are coming soon. Do your own research!",News,fake
SOCIAL MEDIA USERS INSIST THE MOON LANDING WAS STAGED about A VIRAL HEALTH TREND!!!,"Wake up people, this is huge! Social media users insist the moon landing was staged related to a viral health trend. Thousands of people are waking up to the truth every single day. Nobody is talking about this and that should scare you. Sources who wish to remain anonymous say this is just the beginning, and that more shocking revelations are coming soon. Do your own research!",News,fake
A POPULAR BLOGGER REVEAL CELEBRITIES ARE ACTUALLY ROBOTS about A NATURAL DISASTER!!!,"Share before it gets deleted! A popular blogger reveal celebrities are actually robots related to a natural disaster. Forward this to everyone you know before it's too late!!! Share this NOW so the truth can finally come out!!! Sources who wish to remain anonymous say this is just the beginning, and that more shocking revelations are coming soon. Do your own research!",News,fake
A MYSTERIOUS WHISTLEBLOWER LEAK PROOF OF A GLOBAL CONSPIRACY about CLIMATE CHANGE!!!,"Wake up people, this is huge! A mysterious whistleblower leak proof of a global conspiracy related to climate change. Click here now before this post gets taken down forever. Thousands of people are waking up to the truth every single day. Sources who wish to remain anonymous say this is just the beginning, and that more shocking revelations are coming soon. Do your own research!",News,fake
A SECRET GOVERNMENT MEMO SHOW THE SHOCKING SECRET BEHIND THE SCENES about A VIRAL HEALTH TREND!!!,"Wake up people, this is huge! A secret government memo show the shocking secret behind the scenes related to a viral health trend. This proves once and for all what they've been hiding all along. This proves once and for all what they've been hiding all along. Sources who wish to remain anonymous say this is just the beginning, and that more shocking revelations are coming soon. Do your own research!",News,fake
A MYSTERIOUS WHISTLEBLOWER EXPOSE A MASSIVE COVER-UP about CLIMATE CHANGE!!!,"Experts are too afraid to speak up! A mysterious whistleblower expose a massive cover-up related to climate change. Forward this to everyone you know before it's too late!!! This proves once and for all what they've been hiding all along. Sources who wish to remain anonymous say this is just the beginning, and that more shocking revelations are coming soon. Do your own research!",News,fake
SCIENTISTS YOU'VE NEVER HEARD OF EXPOSE A MASSIVE COVER-UP about A NEW TECHNOLOGY!!!,"The mainstream media refuses to report this! Scientists you've never heard of expose a massive cover-up related to a new technology. Nobody is talking about this and that should scare you. This proves once and for all what they've been hiding all along. Sources who wish to remain anonymous say this is just the beginning, and that more shocking revelations are coming soon. Do your own research!",News,fake
A SECRET GOVERNMENT MEMO SAY THE VACCINE SECRETLY CONTAINS MICROCHIPS about A GLOBAL PANDEMIC!!!,"This has been hidden from the public for years! A secret government memo say the vaccine secretly contains microchips related to a global pandemic. The mainstream media is completely silent about this shocking truth. The mainstream media is completely silent about this shocking truth. Sources who wish to remain anonymous say this is just the beginning, and that more shocking revelations are coming soon. Do your own research!",News,fake
CELEBRITIES EXPOSE A MASSIVE COVER-UP about THE STOCK MARKET!!!,"Wake up people, this is huge! Celebrities expose a massive cover-up related to the stock market. Share this NOW so the truth can finally come out!!! The mainstream media is completely silent about this shocking truth. Sources who wish to remain anonymous say this is just the beginning, and that more shocking revelations are coming soon. Do your own research!",News,fake
DOCTORS INSIST THE MOON LANDING WAS STAGED about THE ECONOMY!!!,"This will shock you! Doctors insist the moon landing was staged related to the economy. Nobody is talking about this and that should scare you. The mainstream media is completely silent about this shocking truth. Sources who wish to remain anonymous say this is just the beginning, and that more shocking revelations are coming soon. Do your own research!",News,fake
AN UNNAMED SOURCE CLOSE TO THE FAMILY WARN THAT THE WORLD WILL END NEXT MONTH about THE HOUSING MARKET!!!,"Experts are too afraid to speak up! An unnamed source close to the family warn that the world will end next month related to the housing market. This proves once and for all what they've been hiding all along. Share this NOW so the truth can finally come out!!! Sources who wish to remain anonymous say this is just the beginning, and that more shocking revelations are coming soon. Do your own research!",News,fake
A SELF-PROCLAIMED EXPERT SAY THE GOVERNMENT IS HIDING THE CURE FOR CANCER about A MAJOR SPORTS EVENT!!!,"This has been hidden from the public for years! A self-proclaimed expert say the government is hiding the cure for cancer related to a major sports event. Forward this to everyone you know before it's too late!!! Thousands of people are waking up to the truth every single day. Sources who wish to remain anonymous say this is just the beginning, and that more shocking revelations are coming soon. Do your own research!",News,fake
A VIRAL POST SAY THE VACCINE SECRETLY CONTAINS MICROCHIPS about A VIRAL HEALTH TREND!!!,"This will shock you! A viral post say the vaccine secretly contains microchips related to a viral health trend. The mainstream media is completely silent about this shocking truth. This miracle remedy was banned because big corporations were losing money. Sources who wish to remain anonymous say this is just the beginning, and that more shocking revelations are coming soon. Do your own research!",News,fake
A SELF-PROCLAIMED EXPERT SHOW THE SHOCKING SECRET BEHIND THE SCENES about A VIRAL HEALTH TREND!!!,"Experts are too afraid to speak up! A self-proclaimed expert show the shocking secret behind the scenes related to a viral health trend. This proves once and for all what they've been hiding all along. This proves once and for all what they've been hiding all along. Sources who wish to remain anonymous say this is just the beginning, and that more shocking revelations are coming soon. Do your own research!",News,fake
A SELF-PROCLAIMED EXPERT INSIST THE MOON LANDING WAS STAGED about A GLOBAL PANDEMIC!!!,"They don't want you to see this! A self-proclaimed expert insist the moon landing was staged related to a global pandemic. The mainstream media is completely silent about this shocking truth. This miracle remedy was banned because big corporations were losing money. Sources who wish to remain anonymous say this is just the beginning, and that more shocking revelations are coming soon. Do your own research!",News,fake
A SHOCKING NEW REPORT INSIST THE MOON LANDING WAS STAGED about THE HOUSING MARKET!!!,"Share before it gets deleted! A shocking new report insist the moon landing was staged related to the housing market. This proves once and for all what they've been hiding all along. This proves once and for all what they've been hiding all along. Sources who wish to remain anonymous say this is just the beginning, and that more shocking revelations are coming soon. Do your own research!",News,fake
A SELF-PROCLAIMED EXPERT REVEAL CELEBRITIES ARE ACTUALLY ROBOTS about THE HOUSING MARKET!!!,"Share before it gets deleted! A self-proclaimed expert reveal celebrities are actually robots related to the housing market. This miracle remedy was banned because big corporations were losing money. Share this NOW so the truth can finally come out!!! Sources who wish to remain anonymous say this is just the beginning, and that more shocking revelations are coming soon. Do your own research!",News,fake
A SHOCKING NEW REPORT CLAIM THIS ONE WEIRD TRICK CURES EVERYTHING about CLIMATE CHANGE!!!,"Wake up people, this is huge! A shocking new report claim this one weird trick cures everything related to climate change. Thousands of people are waking up to the truth every single day. This proves once and for all what they've been hiding all along. Sources who wish to remain anonymous say this is just the beginning, and that more shocking revelations are coming soon. Do your own research!",News,fake
SOCIAL MEDIA USERS SHOW THE SHOCKING SECRET BEHIND THE SCENES about CLIMATE CHANGE!!!,"Wake up people, this is huge! Social media users show the shocking secret behind the scenes related to climate change. The mainstream media is completely silent about this shocking truth. Forward this to everyone you know before it's too late!!! Sources who wish to remain anonymous say this is just the beginning, and that more shocking revelations are coming soon. Do your own research!",News,fake
A VIRAL POST REVEAL CELEBRITIES ARE ACTUALLY ROBOTS about CLIMATE CHANGE!!!,"They don't want you to see this! A viral post reveal celebrities are actually robots related to climate change. Share this NOW so the truth can finally come out!!! Share this NOW so the truth can finally come out!!! Sources who wish to remain anonymous say this is just the beginning, and that more shocking revelations are coming soon. Do your own research!",News,fake
A MYSTERIOUS WHISTLEBLOWER REVEAL CELEBRITIES ARE ACTUALLY ROBOTS about THE HOUSING MARKET!!!,"Experts are too afraid to speak up! A mysterious whistleblower reveal celebrities are actually robots related to the housing market. Forward this to everyone you know before it's too late!!! Share this NOW so the truth can finally come out!!! Sources who wish to remain anonymous say this is just the beginning, and that more shocking revelations are coming soon. Do your own research!",News,fake
DOCTORS SHOW THE SHOCKING SECRET BEHIND THE SCENES about THE STOCK MARKET!!!,"They don't want you to see this! Doctors show the shocking secret behind the scenes related to the stock market. The mainstream media is completely silent about this shocking truth. Share this NOW so the truth can finally come out!!! Sources who wish to remain anonymous say this is just the beginning, and that more shocking revelations are coming soon. Do your own research!",News,fake
AN ANONYMOUS INSIDER CLAIM THE ELECTION WAS COMPLETELY RIGGED about A POLITICAL SCANDAL!!!,"Share before it gets deleted! An anonymous insider claim the election was completely rigged related to a political scandal. Thousands of people are waking up to the truth every single day. Thousands of people are waking up to the truth every single day. Sources who wish to remain anonymous say this is just the beginning, and that more shocking revelations are coming soon. Do your own research!",News,fake
A SHOCKING NEW REPORT INSIST THE MOON LANDING WAS STAGED about A POPULAR CELEBRITY!!!,"They don't want you to see this! A shocking new report insist the moon landing was staged related to a popular celebrity. Click here now before this post gets taken down forever. The mainstream media is completely silent about this shocking truth. Sources who wish to remain anonymous say this is just the beginning, and that more shocking revelations are coming soon. Do your own research!",News,fake
A SELF-PROCLAIMED EXPERT WARN THAT THE WORLD WILL END NEXT MONTH about THE UPCOMING ELECTION!!!,"Share before it gets deleted! A self-proclaimed expert warn that the world will end next month related to the upcoming election. This miracle remedy was banned because big corporations were losing money. Nobody is talking about this and that should scare you. Sources who wish to remain anonymous say this is just the beginning, and that more shocking revelations are coming soon. Do your own research!",News,fake
A SELF-PROCLAIMED EXPERT LEAK PROOF OF A GLOBAL CONSPIRACY about A NEW TECHNOLOGY!!!,"This has been hidden from the public for years! A self-proclaimed expert leak proof of a global conspiracy related to a new technology. The mainstream media is completely silent about this shocking truth. The mainstream media is completely silent about this shocking truth. Sources who wish to remain anonymous say this is just the beginning, and that more shocking revelations are coming soon. Do your own research!",News,fake
CELEBRITIES CONFIRM ALIENS ARE HIDING AMONG US about A TECH COMPANY'S NEW PRODUCT!!!,"You won't believe what happens next! Celebrities confirm aliens are hiding among us related to a tech company's new product. The mainstream media is completely silent about this shocking truth. Share this NOW so the truth can finally come out!!! Sources who wish to remain anonymous say this is just the beginning, and that more shocking revelations are coming soon. Do your own research!",News,fake
A VIRAL POST LEAK PROOF OF A GLOBAL CONSPIRACY about A NEW TECHNOLOGY!!!,"The mainstream media refuses to report this! A viral post leak proof of a global conspiracy related to a new technology. Click here now before this post gets taken down forever. Nobody is talking about this and that should scare you. Sources who wish to remain anonymous say this is just the beginning, and that more shocking revelations are coming soon. Do your own research!",News,fake
A MYSTERIOUS WHISTLEBLOWER CONFIRM ALIENS ARE HIDING AMONG US about THE ECONOMY!!!,"You won't believe what happens next! A mysterious whistleblower confirm aliens are hiding among us related to the economy. The mainstream media is completely silent about this shocking truth. Share this NOW so the truth can finally come out!!! Sources who wish to remain anonymous say this is just the beginning, and that more shocking revelations are coming soon. Do your own research!",News,fake
A LEAKED DOCUMENT EXPOSE A MASSIVE COVER-UP about A GLOBAL PANDEMIC!!!,"Share before it gets deleted! A leaked document expose a massive cover-up related to a global pandemic. Click here now before this post gets taken down forever. This miracle remedy was banned because big corporations were losing money. Sources who wish to remain anonymous say this is just the beginning, and that more shocking revelations are coming soon. Do your own research!",News,fake
A SECRET GOVERNMENT MEMO CONFIRM ALIENS ARE HIDING AMONG US about THE ECONOMY!!!,"Share before it gets deleted! A secret government memo confirm aliens are hiding among us related to the economy. This proves once and for all what they've been hiding all along. Click here now before this post gets taken down forever. Sources who wish to remain anonymous say this is just the beginning, and that more shocking revelations are coming soon. Do your own research!",News,fake
DOCTORS EXPOSE A MASSIVE COVER-UP about THE NEW VACCINE!!!,"Wake up people, this is huge! Doctors expose a massive cover-up related to the new vaccine. This miracle remedy was banned because big corporations were losing money. Thousands of people are waking up to the truth every single day. Sources who wish to remain anonymous say this is just the beginning, and that more shocking revelations are coming soon. Do your own research!",News,fake
A SECRET GOVERNMENT MEMO LEAK PROOF OF A GLOBAL CONSPIRACY about A NEW TECHNOLOGY!!!,"Share before it gets deleted! A secret government memo leak proof of a global conspiracy related to a new technology. The mainstream media is completely silent about this shocking truth. Thousands of people are waking up to the truth every single day. Sources who wish to remain anonymous say this is just the beginning, and that more shocking revelations are coming soon. Do your own research!",News,fake
SCIENTISTS YOU'VE NEVER HEARD OF WARN THAT THE WORLD WILL END NEXT MONTH about A POLITICAL SCANDAL!!!,"This has been hidden from the public for years! Scientists you've never heard of warn that the world will end next month related to a political scandal. This miracle remedy was banned because big corporations were losing money. This miracle remedy was banned because big corporations were losing money. Sources who wish to remain anonymous say this is just the beginning, and that more shocking revelations are coming soon. Do your own research!",News,fake
A SHOCKING NEW REPORT INSIST THE MOON LANDING WAS STAGED about A NATURAL DISASTER!!!,"The mainstream media refuses to report this! A shocking new report insist the moon landing was staged related to a natural disaster. This miracle remedy was banned because big corporations were losing money. This proves once and for all what they've been hiding all along. Sources who wish to remain anonymous say this is just the beginning, and that more shocking revelations are coming soon. Do your own research!",News,fake
A SECRET GOVERNMENT MEMO WARN THAT THE WORLD WILL END NEXT MONTH about A VIRAL HEALTH TREND!!!,"This will shock you! A secret government memo warn that the world will end next month related to a viral health trend. This proves once and for all what they've been hiding all along. Nobody is talking about this and that should scare you. Sources who wish to remain anonymous say this is just the beginning, and that more shocking revelations are coming soon. Do your own research!",News,fake
A VIRAL POST REVEAL CELEBRITIES ARE ACTUALLY ROBOTS about A POLITICAL SCANDAL!!!,"They don't want you to see this! A viral post reveal celebrities are actually robots related to a political scandal. Forward this to everyone you know before it's too late!!! Click here now before this post gets taken down forever. Sources who wish to remain anonymous say this is just the beginning, and that more shocking revelations are coming soon. Do your own research!",News,fake
A SELF-PROCLAIMED EXPERT CLAIM THIS ONE WEIRD TRICK CURES EVERYTHING about A NEW TECHNOLOGY!!!,"The mainstream media refuses to report this! A self-proclaimed expert claim this one weird trick cures everything related to a new technology. This proves once and for all what they've been hiding all along. The mainstream media is completely silent about this shocking truth. Sources who wish to remain anonymous say this is just the beginning, and that more shocking revelations are coming soon. Do your own research!",News,fake
A SHOCKING NEW REPORT WARN THAT THE WORLD WILL END NEXT MONTH about A TECH COMPANY'S NEW PRODUCT!!!,"This has been hidden from the public for years! A shocking new report warn that the world will end next month related to a tech company's new product. This proves once and for all what they've been hiding all along. Nobody is talking about this and that should scare you. Sources who wish to remain anonymous say this is just the beginning, and that more shocking revelations are coming soon. Do your own research!",News,fake
DOCTORS CLAIM THE ELECTION WAS COMPLETELY RIGGED about THE ECONOMY!!!,"This will shock you! Doctors claim the election was completely rigged related to the economy. Click here now before this post gets taken down forever. Thousands of people are waking up to the truth every single day. Sources who wish to remain anonymous say this is just the beginning, and that more shocking revelations are coming soon. Do your own research!",News,fake
A LEAKED DOCUMENT INSIST THE MOON LANDING WAS STAGED about THE NEW VACCINE!!!,"This has been hidden from the public for years! A leaked document insist the moon landing was staged related to the new vaccine. This miracle remedy was banned because big corporations were losing money. Click here now before this post gets taken down forever. Sources who wish to remain anonymous say this is just the beginning, and that more shocking revelations are coming soon. Do your own research!",News,fake
AN UNNAMED SOURCE CLOSE TO THE FAMILY CONFIRM ALIENS ARE HIDING AMONG US about A VIRAL HEALTH TREND!!!,"This has been hidden from the public for years! An unnamed source close to the family confirm aliens are hiding among us related to a viral health trend. The mainstream media is completely silent about this shocking truth. Click here now before this post gets taken down forever. Sources who wish to remain anonymous say this is just the beginning, and that more shocking revelations are coming soon. Do your own research!",News,fake
A LEAKED DOCUMENT REVEAL THE TRUTH THEY DON'T WANT YOU TO KNOW about A VIRAL HEALTH TREND!!!,"Wake up people, this is huge! A leaked document reveal the truth they don't want you to know related to a viral health trend. Forward this to everyone you know before it's too late!!! Click here now before this post gets taken down forever. Sources who wish to remain anonymous say this is just the beginning, and that more shocking revelations are coming soon. Do your own research!",News,fake
SOCIAL MEDIA USERS CLAIM THIS ONE WEIRD TRICK CURES EVERYTHING about A NEW TECHNOLOGY!!!,"Share before it gets deleted! Social media users claim this one weird trick cures everything related to a new technology. Nobody is talking about this and that should scare you. Click here now before this post gets taken down forever. Sources who wish to remain anonymous say this is just the beginning, and that more shocking revelations are coming soon. Do your own research!",News,fake
A MYSTERIOUS WHISTLEBLOWER CLAIM THIS ONE WEIRD TRICK CURES EVERYTHING about A POLITICAL SCANDAL!!!,"Experts are too afraid to speak up! A mysterious whistleblower claim this one weird trick cures everything related to a political scandal. This proves once and for all what they've been hiding all along. Click here now before this post gets taken down forever. Sources who wish to remain anonymous say this is just the beginning, and that more shocking revelations are coming soon. Do your own research!",News,fake
CELEBRITIES REVEAL CELEBRITIES ARE ACTUALLY ROBOTS about THE ECONOMY!!!,"Experts are too afraid to speak up! Celebrities reveal celebrities are actually robots related to the economy. Share this NOW so the truth can finally come out!!! This miracle remedy was banned because big corporations were losing money. Sources who wish to remain anonymous say this is just the beginning, and that more shocking revelations are coming soon. Do your own research!",News,fake
A VIRAL POST INSIST THE MOON LANDING WAS STAGED about THE ECONOMY!!!,"You won't believe what happens next! A viral post insist the moon landing was staged related to the economy. Forward this to everyone you know before it's too late!!! Thousands of people are waking up to the truth every single day. Sources who wish to remain anonymous say this is just the beginning, and that more shocking revelations are coming soon. Do your own research!",News,fake
DOCTORS REVEAL CELEBRITIES ARE ACTUALLY ROBOTS about THE UPCOMING ELECTION!!!,"This has been hidden from the public for years! Doctors reveal celebrities are actually robots related to the upcoming election. Nobody is talking about this and that should scare you. Thousands of people are waking up to the truth every single day. Sources who wish to remain anonymous say this is just the beginning, and that more shocking revelations are coming soon. Do your own research!",News,fake
A SECRET GOVERNMENT MEMO REVEAL CELEBRITIES ARE ACTUALLY ROBOTS about CLIMATE CHANGE!!!,"You won't believe what happens next! A secret government memo reveal celebrities are actually robots related to climate change. Thousands of people are waking up to the truth every single day. Forward this to everyone you know before it's too late!!! Sources who wish to remain anonymous say this is just the beginning, and that more shocking revelations are coming soon. Do your own research!",News,fake
A SHOCKING NEW REPORT REVEAL THE TRUTH THEY DON'T WANT YOU TO KNOW about THE ECONOMY!!!,"Wake up people, this is huge! A shocking new report reveal the truth they don't want you to know related to the economy. Nobody is talking about this and that should scare you. Thousands of people are waking up to the truth every single day. Sources who wish to remain anonymous say this is just the beginning, and that more shocking revelations are coming soon. Do your own research!",News,fake
A SHOCKING NEW REPORT CLAIM THE ELECTION WAS COMPLETELY RIGGED about A POLITICAL SCANDAL!!!,"Wake up people, this is huge! A shocking new report claim the election was completely rigged related to a political scandal. Thousands of people are waking up to the truth every single day. Thousands of people are waking up to the truth every single day. Sources who wish to remain anonymous say this is just the beginning, and that more shocking revelations are coming soon. Do your own research!",News,fake
A SELF-PROCLAIMED EXPERT INSIST THE MOON LANDING WAS STAGED about THE STOCK MARKET!!!,"You won't believe what happens next! A self-proclaimed expert insist the moon landing was staged related to the stock market. Forward this to everyone you know before it's too late!!! This proves once and for all what they've been hiding all along. Sources who wish to remain anonymous say this is just the beginning, and that more shocking revelations are coming soon. Do your own research!",News,fake
A LEAKED DOCUMENT SHOW THE SHOCKING SECRET BEHIND THE SCENES about CLIMATE CHANGE!!!,"You won't believe what happens next! A leaked document show the shocking secret behind the scenes related to climate change. Click here now before this post gets taken down forever. The mainstream media is completely silent about this shocking truth. Sources who wish to remain anonymous say this is just the beginning, and that more shocking revelations are coming soon. Do your own research!",News,fake
SOCIAL MEDIA USERS REVEAL THE TRUTH THEY DON'T WANT YOU TO KNOW about THE HOUSING MARKET!!!,"This will shock you! Social media users reveal the truth they don't want you to know related to the housing market. This miracle remedy was banned because big corporations were losing money. This proves once and for all what they've been hiding all along. Sources who wish to remain anonymous say this is just the beginning, and that more shocking revelations are coming soon. Do your own research!",News,fake
SCIENTISTS YOU'VE NEVER HEARD OF SAY THE VACCINE SECRETLY CONTAINS MICROCHIPS about A GLOBAL PANDEMIC!!!,"Experts are too afraid to speak up! Scientists you've never heard of say the vaccine secretly contains microchips related to a global pandemic. This proves once and for all what they've been hiding all along. Nobody is talking about this and that should scare you. Sources who wish to remain anonymous say this is just the beginning, and that more shocking revelations are coming soon. Do your own research!",News,fake
AN ANONYMOUS INSIDER CLAIM THE ELECTION WAS COMPLETELY RIGGED about CLIMATE CHANGE!!!,"This will shock you! An anonymous insider claim the election was completely rigged related to climate change. The mainstream media is completely silent about this shocking truth. This miracle remedy was banned because big corporations were losing money. Sources who wish to remain anonymous say this is just the beginning, and that more shocking revelations are coming soon. Do your own research!",News,fake
A MYSTERIOUS WHISTLEBLOWER EXPOSE A MASSIVE COVER-UP about A POPULAR CELEBRITY!!!,"Wake up people, this is huge! A mysterious whistleblower expose a massive cover-up related to a popular celebrity. Share this NOW so the truth can finally come out!!! Click here now before this post gets taken down forever. Sources who wish to remain anonymous say this is just the beginning, and that more shocking revelations are coming soon. Do your own research!",News,fake
A VIRAL POST CONFIRM ALIENS ARE HIDING AMONG US about THE NEW VACCINE!!!,"Share before it gets deleted! A viral post confirm aliens are hiding among us related to the new vaccine. Thousands of people are waking up to the truth every single day. Nobody is talking about this and that should scare you. Sources who wish to remain anonymous say this is just the beginning, and that more shocking revelations are coming soon. Do your own research!",News,fake
AN ANONYMOUS INSIDER CLAIM THIS ONE WEIRD TRICK CURES EVERYTHING about A TECH COMPANY'S NEW PRODUCT!!!,"This has been hidden from the public for years! An anonymous insider claim this one weird trick cures everything related to a tech company's new product. Share this NOW so the truth can finally come out!!! Thousands of people are waking up to the truth every single day. Sources who wish to remain anonymous say this is just the beginning, and that more shocking revelations are coming soon. Do your own research!",News,fake
DOCTORS CLAIM THIS ONE WEIRD TRICK CURES EVERYTHING about CLIMATE CHANGE!!!,"The mainstream media refuses to report this! Doctors claim this one weird trick cures everything related to climate change. Thousands of people are waking up to the truth every single day. This proves once and for all what they've been hiding all along. Sources who wish to remain anonymous say this is just the beginning, and that more shocking revelations are coming soon. Do your own research!",News,fake
DOCTORS REVEAL THE TRUTH THEY DON'T WANT YOU TO KNOW about A GLOBAL PANDEMIC!!!,"The mainstream media refuses to report this! Doctors reveal the truth they don't want you to know related to a global pandemic. Share this NOW so the truth can finally come out!!! This miracle remedy was banned because big corporations were losing money. Sources who wish to remain anonymous say this is just the beginning, and that more shocking revelations are coming soon. Do your own research!",News,fake
DOCTORS WARN THAT THE WORLD WILL END NEXT MONTH about A TECH COMPANY'S NEW PRODUCT!!!,"This has been hidden from the public for years! Doctors warn that the world will end next month related to a tech company's new product. This proves once and for all what they've been hiding all along. Share this NOW so the truth can finally come out!!! Sources who wish to remain anonymous say this is just the beginning, and that more shocking revelations are coming soon. Do your own research!",News,fake
AN ANONYMOUS INSIDER SAY THE VACCINE SECRETLY CONTAINS MICROCHIPS about A NEW TECHNOLOGY!!!,"They don't want you to see this! An anonymous insider say the vaccine secretly contains microchips related to a new technology. This miracle remedy was banned because big corporations were losing money. Forward this to everyone you know before it's too late!!! Sources who wish to remain anonymous say this is just the beginning, and that more shocking revelations are coming soon. Do your own research!",News,fake
A LEAKED DOCUMENT REVEAL CELEBRITIES ARE ACTUALLY ROBOTS about THE ECONOMY!!!,"Wake up people, this is huge! A leaked document reveal celebrities are actually robots related to the economy. The mainstream media is completely silent about this shocking truth. Click here now before this post gets taken down forever. Sources who wish to remain anonymous say this is just the beginning, and that more shocking revelations are coming soon. Do your own research!",News,fake
A LEAKED DOCUMENT INSIST THE MOON LANDING WAS STAGED about A NEW TECHNOLOGY!!!,"Experts are too afraid to speak up! A leaked document insist the moon landing was staged related to a new technology. Share this NOW so the truth can finally come out!!! Nobody is talking about this and that should scare you. Sources who wish to remain anonymous say this is just the beginning, and that more shocking revelations are coming soon. Do your own research!",News,fake
DOCTORS CONFIRM ALIENS ARE HIDING AMONG US about THE ECONOMY!!!,"The mainstream media refuses to report this! Doctors confirm aliens are hiding among us related to the economy. Click here now before this post gets taken down forever. Forward this to everyone you know before it's too late!!! Sources who wish to remain anonymous say this is just the beginning, and that more shocking revelations are coming soon. Do your own research!",News,fake
A SECRET GOVERNMENT MEMO EXPOSE A MASSIVE COVER-UP about A POPULAR CELEBRITY!!!,"The mainstream media refuses to report this! A secret government memo expose a massive cover-up related to a popular celebrity. Forward this to everyone you know before it's too late!!! Thousands of people are waking up to the truth every single day. Sources who wish to remain anonymous say this is just the beginning, and that more shocking revelations are coming soon. Do your own research!",News,fake
A VIRAL POST CLAIM THE ELECTION WAS COMPLETELY RIGGED about A POLITICAL SCANDAL!!!,"Experts are too afraid to speak up! A viral post claim the election was completely rigged related to a political scandal. Nobody is talking about this and that should scare you. Forward this to everyone you know before it's too late!!! Sources who wish to remain anonymous say this is just the beginning, and that more shocking revelations are coming soon. Do your own research!",News,fake
A MYSTERIOUS WHISTLEBLOWER SHOW THE SHOCKING SECRET BEHIND THE SCENES about CLIMATE CHANGE!!!,"They don't want you to see this! A mysterious whistleblower show the shocking secret behind the scenes related to climate change. Share this NOW so the truth can finally come out!!! Forward this to everyone you know before it's too late!!! Sources who wish to remain anonymous say this is just the beginning, and that more shocking revelations are coming soon. Do your own research!",News,fake
AN UNNAMED SOURCE CLOSE TO THE FAMILY SHOW THE SHOCKING SECRET BEHIND THE SCENES about THE STOCK MARKET!!!,"You won't believe what happens next! An unnamed source close to the family show the shocking secret behind the scenes related to the stock market. Thousands of people are waking up to the truth every single day. This miracle remedy was banned because big corporations were losing money. Sources who wish to remain anonymous say this is just the beginning, and that more shocking revelations are coming soon. Do your own research!",News,fake
DOCTORS WARN THAT THE WORLD WILL END NEXT MONTH about A POLITICAL SCANDAL!!!,"Share before it gets deleted! Doctors warn that the world will end next month related to a political scandal. The mainstream media is completely silent about this shocking truth. Nobody is talking about this and that should scare you. Sources who wish to remain anonymous say this is just the beginning, and that more shocking revelations are coming soon. Do your own research!",News,fake
SCIENTISTS YOU'VE NEVER HEARD OF CONFIRM ALIENS ARE HIDING AMONG US about CLIMATE CHANGE!!!,"Share before it gets deleted! Scientists you've never heard of confirm aliens are hiding among us related to climate change. This proves once and for all what they've been hiding all along. Share this NOW so the truth can finally come out!!! Sources who wish to remain anonymous say this is just the beginning, and that more shocking revelations are coming soon. Do your own research!",News,fake
A SELF-PROCLAIMED EXPERT CLAIM THE ELECTION WAS COMPLETELY RIGGED about A MAJOR SPORTS EVENT!!!,"Share before it gets deleted! A self-proclaimed expert claim the election was completely rigged related to a major sports event. Click here now before this post gets taken down forever. Click here now before this post gets taken down forever. Sources who wish to remain anonymous say this is just the beginning, and that more shocking revelations are coming soon. Do your own research!",News,fake
AN ANONYMOUS INSIDER CLAIM THE ELECTION WAS COMPLETELY RIGGED about A GLOBAL PANDEMIC!!!,"Experts are too afraid to speak up! An anonymous insider claim the election was completely rigged related to a global pandemic. Thousands of people are waking up to the truth every single day. The mainstream media is completely silent about this shocking truth. Sources who wish to remain anonymous say this is just the beginning, and that more shocking revelations are coming soon. Do your own research!",News,fake
A SHOCKING NEW REPORT CONFIRM ALIENS ARE HIDING AMONG US about A NATURAL DISASTER!!!,"Share before it gets deleted! A shocking new report confirm aliens are hiding among us related to a natural disaster. The mainstream media is completely silent about this shocking truth. Nobody is talking about this and that should scare you. Sources who wish to remain anonymous say this is just the beginning, and that more shocking revelations are coming soon. Do your own research!",News,fake
A SHOCKING NEW REPORT SAY THE VACCINE SECRETLY CONTAINS MICROCHIPS about THE EDUCATION SYSTEM!!!,"This will shock you! A shocking new report say the vaccine secretly contains microchips related to the education system. Forward this to everyone you know before it's too late!!! Forward this to everyone you know before it's too late!!! Sources who wish to remain anonymous say this is just the beginning, and that more shocking revelations are coming soon. Do your own research!",News,fake
A LEAKED DOCUMENT CONFIRM ALIENS ARE HIDING AMONG US about THE NEW VACCINE!!!,"This has been hidden from the public for years! A leaked document confirm aliens are hiding among us related to the new vaccine. Share this NOW so the truth can finally come out!!! Thousands of people are waking up to the truth every single day. Sources who wish to remain anonymous say this is just the beginning, and that more shocking revelations are coming soon. Do your own research!",News,fake
DOCTORS CONFIRM ALIENS ARE HIDING AMONG US about THE NEW VACCINE!!!,"They don't want you to see this! Doctors confirm aliens are hiding among us related to the new vaccine. The mainstream media is completely silent about this shocking truth. Nobody is talking about this and that should scare you. Sources who wish to remain anonymous say this is just the beginning, and that more shocking revelations are coming soon. Do your own research!",News,fake
A SHOCKING NEW REPORT CLAIM THE ELECTION WAS COMPLETELY RIGGED about THE EDUCATION SYSTEM!!!,"Wake up people, this is huge! A shocking new report claim the election was completely rigged related to the education system. Forward this to everyone you know before it's too late!!! This proves once and for all what they've been hiding all along. Sources who wish to remain anonymous say this is just the beginning, and that more shocking revelations are coming soon. Do your own research!",News,fake
A SHOCKING NEW REPORT EXPOSE A MASSIVE COVER-UP about A MAJOR SPORTS EVENT!!!,"The mainstream media refuses to report this! A shocking new report expose a massive cover-up related to a major sports event. Click here now before this post gets taken down forever. Click here now before this post gets taken down forever. Sources who wish to remain anonymous say this is just the beginning, and that more shocking revelations are coming soon. Do your own research!",News,fake
AN ANONYMOUS INSIDER CLAIM THIS ONE WEIRD TRICK CURES EVERYTHING about THE ECONOMY!!!,"Experts are too afraid to speak up! An anonymous insider claim this one weird trick cures everything related to the economy. This proves once and for all what they've been hiding all along. The mainstream media is completely silent about this shocking truth. Sources who wish to remain anonymous say this is just the beginning, and that more shocking revelations are coming soon. Do your own research!",News,fake
A VIRAL POST WARN THAT THE WORLD WILL END NEXT MONTH about THE NEW VACCINE!!!,"They don't want you to see this! A viral post warn that the world will end next month related to the new vaccine. Share this NOW so the truth can finally come out!!! The mainstream media is completely silent about this shocking truth. Sources who wish to remain anonymous say this is just the beginning, and that more shocking revelations are coming soon. Do your own research!",News,fake
A SECRET GOVERNMENT MEMO SAY THE GOVERNMENT IS HIDING THE CURE FOR CANCER about CLIMATE CHANGE!!!,"This has been hidden from the public for years! A secret government memo say the government is hiding the cure for cancer related to climate change. Nobody is talking about this and that should scare you. This proves once and for all what they've been hiding all along. Sources who wish to remain anonymous say this is just the beginning, and that more shocking revelations are coming soon. Do your own research!",News,fake
CELEBRITIES SAY THE VACCINE SECRETLY CONTAINS MICROCHIPS about A TECH COMPANY'S NEW PRODUCT!!!,"The mainstream media refuses to report this! Celebrities say the vaccine secretly contains microchips related to a tech company's new product. Click here now before this post gets taken down forever. Forward this to everyone you know before it's too late!!! Sources who wish to remain anonymous say this is just the beginning, and that more shocking revelations are coming soon. Do your own research!",News,fake
A MYSTERIOUS WHISTLEBLOWER CLAIM THE ELECTION WAS COMPLETELY RIGGED about THE HOUSING MARKET!!!,"The mainstream media refuses to report this! A mysterious whistleblower claim the election was completely rigged related to the housing market. Forward this to everyone you know before it's too late!!! This proves once and for all what they've been hiding all along. Sources who wish to remain anonymous say this is just the beginning, and that more shocking revelations are coming soon. Do your own research!",News,fake
CELEBRITIES SAY THE VACCINE SECRETLY CONTAINS MICROCHIPS about A MAJOR SPORTS EVENT!!!,"This will shock you! Celebrities say the vaccine secretly contains microchips related to a major sports event. Forward this to everyone you know before it's too late!!! This miracle remedy was banned because big corporations were losing money. Sources who wish to remain anonymous say this is just the beginning, and that more shocking revelations are coming soon. Do your own research!",News,fake
A MYSTERIOUS WHISTLEBLOWER EXPOSE A MASSIVE COVER-UP about THE ECONOMY!!!,"Share before it gets deleted! A mysterious whistleblower expose a massive cover-up related to the economy. This proves once and for all what they've been hiding all along. The mainstream media is completely silent about this shocking truth. Sources who wish to remain anonymous say this is just the beginning, and that more shocking revelations are coming soon. Do your own research!",News,fake
A SHOCKING NEW REPORT INSIST THE MOON LANDING WAS STAGED about THE NEW VACCINE!!!,"This will shock you! A shocking new report insist the moon landing was staged related to the new vaccine. This proves once and for all what they've been hiding all along. This proves once and for all what they've been hiding all along. Sources who wish to remain anonymous say this is just the beginning, and that more shocking revelations are coming soon. Do your own research!",News,fake
A MYSTERIOUS WHISTLEBLOWER INSIST THE MOON LANDING WAS STAGED about THE NEW VACCINE!!!,"This has been hidden from the public for years! A mysterious whistleblower insist the moon landing was staged related to the new vaccine. This proves once and for all what they've been hiding all along. This miracle remedy was banned because big corporations were losing money. Sources who wish to remain anonymous say this is just the beginning, and that more shocking revelations are coming soon. Do your own research!",News,fake
A MYSTERIOUS WHISTLEBLOWER SAY THE VACCINE SECRETLY CONTAINS MICROCHIPS about A GLOBAL PANDEMIC!!!,"Experts are too afraid to speak up! A mysterious whistleblower say the vaccine secretly contains microchips related to a global pandemic. This proves once and for all what they've been hiding all along. Click here now before this post gets taken down forever. Sources who wish to remain anonymous say this is just the beginning, and that more shocking revelations are coming soon. Do your own research!",News,fake
AN ANONYMOUS INSIDER SAY THE VACCINE SECRETLY CONTAINS MICROCHIPS about CLIMATE CHANGE!!!,"This has been hidden from the public for years! An anonymous insider say the vaccine secretly contains microchips related to climate change. This proves once and for all what they've been hiding all along. Forward this to everyone you know before it's too late!!! Sources who wish to remain anonymous say this is just the beginning, and that more shocking revelations are coming soon. Do your own research!",News,fake
A SHOCKING NEW REPORT CLAIM THIS ONE WEIRD TRICK CURES EVERYTHING about A TECH COMPANY'S NEW PRODUCT!!!,"Experts are too afraid to speak up! A shocking new report claim this one weird trick cures everything related to a tech company's new product. Click here now before this post gets taken down forever. Click here now before this post gets taken down forever. Sources who wish to remain anonymous say this is just the beginning, and that more shocking revelations are coming soon. Do your own research!",News,fake
SCIENTISTS YOU'VE NEVER HEARD OF INSIST THE MOON LANDING WAS STAGED about A POLITICAL SCANDAL!!!,"Wake up people, this is huge! Scientists you've never heard of insist the moon landing was staged related to a political scandal. Nobody is talking about this and that should scare you. Click here now before this post gets taken down forever. Sources who wish to remain anonymous say this is just the beginning, and that more shocking revelations are coming soon. Do your own research!",News,fake
A LEAKED DOCUMENT INSIST THE MOON LANDING WAS STAGED about A POLITICAL SCANDAL!!!,"Wake up people, this is huge! A leaked document insist the moon landing was staged related to a political scandal. Nobody is talking about this and that should scare you. Forward this to everyone you know before it's too late!!! Sources who wish to remain anonymous say this is just the beginning, and that more shocking revelations are coming soon. Do your own research!",News,fake
AN ANONYMOUS INSIDER REVEAL CELEBRITIES ARE ACTUALLY ROBOTS about CLIMATE CHANGE!!!,"You won't believe what happens next! An anonymous insider reveal celebrities are actually robots related to climate change. Thousands of people are waking up to the truth every single day. Thousands of people are waking up to the truth every single day. Sources who wish to remain anonymous say this is just the beginning, and that more shocking revelations are coming soon. Do your own research!",News,fake
A SHOCKING NEW REPORT INSIST THE MOON LANDING WAS STAGED about A POPULAR CELEBRITY!!!,"The mainstream media refuses to report this! A shocking new report insist the moon landing was staged related to a popular celebrity. Nobody is talking about this and that should scare you. Share this NOW so the truth can finally come out!!! Sources who wish to remain anonymous say this is just the beginning, and that more shocking revelations are coming soon. Do your own research!",News,fake
A SHOCKING NEW REPORT SHOW THE SHOCKING SECRET BEHIND THE SCENES about CLIMATE CHANGE!!!,"Wake up people, this is huge! A shocking new report show the shocking secret behind the scenes related to climate change. Share this NOW so the truth can finally come out!!! Nobody is talking about this and that should scare you. Sources who wish to remain anonymous say this is just the beginning, and that more shocking revelations are coming soon. Do your own research!",News,fake
DOCTORS LEAK PROOF OF A GLOBAL CONSPIRACY about CLIMATE CHANGE!!!,"You won't believe what happens next! Doctors leak proof of a global conspiracy related to climate change. Thousands of people are waking up to the truth every single day. Thousands of people are waking up to the truth every single day. Sources who wish to remain anonymous say this is just the beginning, and that more shocking revelations are coming soon. Do your own research!",News,fake
A MYSTERIOUS WHISTLEBLOWER SAY THE GOVERNMENT IS HIDING THE CURE FOR CANCER about A NEW TECHNOLOGY!!!,"You won't believe what happens next! A mysterious whistleblower say the government is hiding the cure for cancer related to a new technology. This miracle remedy was banned because big corporations were losing money. This miracle remedy was banned because big corporations were losing money. Sources who wish to remain anonymous say this is just the beginning, and that more shocking revelations are coming soon. Do your own research!",News,fake
SOCIAL MEDIA USERS INSIST THE MOON LANDING WAS STAGED about A MAJOR SPORTS EVENT!!!,"They don't want you to see this! Social media users insist the moon landing was staged related to a major sports event. This proves once and for all what they've been hiding all along. Nobody is talking about this and that should scare you. Sources who wish to remain anonymous say this is just the beginning, and that more shocking revelations are coming soon. Do your own research!",News,fake
A POPULAR BLOGGER REVEAL THE TRUTH THEY DON'T WANT YOU TO KNOW about THE HOUSING MARKET!!!,"You won't believe what happens next! A popular blogger reveal the truth they don't want you to know related to the housing market. Nobody is talking about this and that should scare you. Click here now before this post gets taken down forever. Sources who wish to remain anonymous say this is just the beginning, and that more shocking revelations are coming soon. Do your own research!",News,fake
SCIENTISTS YOU'VE NEVER HEARD OF SAY THE GOVERNMENT IS HIDING THE CURE FOR CANCER about A TECH COMPANY'S NEW PRODUCT!!!,"Experts are too afraid to speak up! Scientists you've never heard of say the government is hiding the cure for cancer related to a tech company's new product. Click here now before this post gets taken down forever. Click here now before this post gets taken down forever. Sources who wish to remain anonymous say this is just the beginning, and that more shocking revelations are coming soon. Do your own research!",News,fake
DOCTORS CLAIM THE ELECTION WAS COMPLETELY RIGGED about A NATURAL DISASTER!!!,"This has been hidden from the public for years! Doctors claim the election was completely rigged related to a natural disaster. Nobody is talking about this and that should scare you. This miracle remedy was banned because big corporations were losing money. Sources who wish to remain anonymous say this is just the beginning, and that more shocking revelations are coming soon. Do your own research!",News,fake
A LEAKED DOCUMENT LEAK PROOF OF A GLOBAL CONSPIRACY about A VIRAL HEALTH TREND!!!,"You won't believe what happens next! A leaked document leak proof of a global conspiracy related to a viral health trend. Thousands of people are waking up to the truth every single day. Nobody is talking about this and that should scare you. Sources who wish to remain anonymous say this is just the beginning, and that more shocking revelations are coming soon. Do your own research!",News,fake
AN UNNAMED SOURCE CLOSE TO THE FAMILY SAY THE VACCINE SECRETLY CONTAINS MICROCHIPS about A TECH COMPANY'S NEW PRODUCT!!!,"Share before it gets deleted! An unnamed source close to the family say the vaccine secretly contains microchips related to a tech company's new product. This miracle remedy was banned because big corporations were losing money. Click here now before this post gets taken down forever. Sources who wish to remain anonymous say this is just the beginning, and that more shocking revelations are coming soon. Do your own research!",News,fake
A SELF-PROCLAIMED EXPERT CONFIRM ALIENS ARE HIDING AMONG US about THE UPCOMING ELECTION!!!,"This will shock you! A self-proclaimed expert confirm aliens are hiding among us related to the upcoming election. Nobody is talking about this and that should scare you. Thousands of people are waking up to the truth every single day. Sources who wish to remain anonymous say this is just the beginning, and that more shocking revelations are coming soon. Do your own research!",News,fake
SCIENTISTS YOU'VE NEVER HEARD OF CLAIM THE ELECTION WAS COMPLETELY RIGGED about A NEW TECHNOLOGY!!!,"They don't want you to see this! Scientists you've never heard of claim the election was completely rigged related to a new technology. The mainstream media is completely silent about this shocking truth. Share this NOW so the truth can finally come out!!! Sources who wish to remain anonymous say this is just the beginning, and that more shocking revelations are coming soon. Do your own research!",News,fake
A SELF-PROCLAIMED EXPERT LEAK PROOF OF A GLOBAL CONSPIRACY about A MAJOR SPORTS EVENT!!!,"They don't want you to see this! A self-proclaimed expert leak proof of a global conspiracy related to a major sports event. Forward this to everyone you know before it's too late!!! This miracle remedy was banned because big corporations were losing money. Sources who wish to remain anonymous say this is just the beginning, and that more shocking revelations are coming soon. Do your own research!",News,fake
A SHOCKING NEW REPORT INSIST THE MOON LANDING WAS STAGED about A POLITICAL SCANDAL!!!,"Share before it gets deleted! A shocking new report insist the moon landing was staged related to a political scandal. The mainstream media is completely silent about this shocking truth. Share this NOW so the truth can finally come out!!! Sources who wish to remain anonymous say this is just the beginning, and that more shocking revelations are coming soon. Do your own research!",News,fake
CELEBRITIES SAY THE VACCINE SECRETLY CONTAINS MICROCHIPS about A POLITICAL SCANDAL!!!,"The mainstream media refuses to report this! Celebrities say the vaccine secretly contains microchips related to a political scandal. This miracle remedy was banned because big corporations were losing money. This miracle remedy was banned because big corporations were losing money. Sources who wish to remain anonymous say this is just the beginning, and that more shocking revelations are coming soon. Do your own research!",News,fake
A LEAKED DOCUMENT LEAK PROOF OF A GLOBAL CONSPIRACY about A MAJOR SPORTS EVENT!!!,"Wake up people, this is huge! A leaked document leak proof of a global conspiracy related to a major sports event. Forward this to everyone you know before it's too late!!! Forward this to everyone you know before it's too late!!! Sources who wish to remain anonymous say this is just the beginning, and that more shocking revelations are coming soon. Do your own research!",News,fake
DOCTORS SAY THE GOVERNMENT IS HIDING THE CURE FOR CANCER about A NATURAL DISASTER!!!,"You won't believe what happens next! Doctors say the government is hiding the cure for cancer related to a natural disaster. Thousands of people are waking up to the truth every single day. Thousands of people are waking up to the truth every single day. Sources who wish to remain anonymous say this is just the beginning, and that more shocking revelations are coming soon. Do your own research!",News,fake
AN UNNAMED SOURCE CLOSE TO THE FAMILY CLAIM THE ELECTION WAS COMPLETELY RIGGED about CLIMATE CHANGE!!!,"They don't want you to see this! An unnamed source close to the family claim the election was completely rigged related to climate change. The mainstream media is completely silent about this shocking truth. Forward this to everyone you know before it's too late!!! Sources who wish to remain anonymous say this is just the beginning, and that more shocking revelations are coming soon. Do your own research!",News,fake
A SELF-PROCLAIMED EXPERT WARN THAT THE WORLD WILL END NEXT MONTH about A GLOBAL PANDEMIC!!!,"Experts are too afraid to speak up! A self-proclaimed expert warn that the world will end next month related to a global pandemic. Share this NOW so the truth can finally come out!!! Nobody is talking about this and that should scare you. Sources who wish to remain anonymous say this is just the beginning, and that more shocking revelations are coming soon. Do your own research!",News,fake
A VIRAL POST EXPOSE A MASSIVE COVER-UP about THE UPCOMING ELECTION!!!,"Share before it gets deleted! A viral post expose a massive cover-up related to the upcoming election. Forward this to everyone you know before it's too late!!! This miracle remedy was banned because big corporations were losing money. Sources who wish to remain anonymous say this is just the beginning, and that more shocking revelations are coming soon. Do your own research!",News,fake
A POPULAR BLOGGER CLAIM THIS ONE WEIRD TRICK CURES EVERYTHING about A NATURAL DISASTER!!!,"This will shock you! A popular blogger claim this one weird trick cures everything related to a natural disaster. Forward this to everyone you know before it's too late!!! Forward this to everyone you know before it's too late!!! Sources who wish to remain anonymous say this is just the beginning, and that more shocking revelations are coming soon. Do your own research!",News,fake
AN UNNAMED SOURCE CLOSE TO THE FAMILY SAY THE VACCINE SECRETLY CONTAINS MICROCHIPS about THE EDUCATION SYSTEM!!!,"Wake up people, this is huge! An unnamed source close to the family say the vaccine secretly contains microchips related to the education system. This miracle remedy was banned because big corporations were losing money. Thousands of people are waking up to the truth every single day. Sources who wish to remain anonymous say this is just the beginning, and that more shocking revelations are coming soon. Do your own research!",News,fake
A SELF-PROCLAIMED EXPERT REVEAL CELEBRITIES ARE ACTUALLY ROBOTS about A VIRAL HEALTH TREND!!!,"They don't want you to see this! A self-proclaimed expert reveal celebrities are actually robots related to a viral health trend. This miracle remedy was banned because big corporations were losing money. This proves once and for all what they've been hiding all along. Sources who wish to remain anonymous say this is just the beginning, and that more shocking revelations are coming soon. Do your own research!",News,fake
CELEBRITIES EXPOSE A MASSIVE COVER-UP about A POLITICAL SCANDAL!!!,"The mainstream media refuses to report this! Celebrities expose a massive cover-up related to a political scandal. Click here now before this post gets taken down forever. Thousands of people are waking up to the truth every single day. Sources who wish to remain anonymous say this is just the beginning, and that more shocking revelations are coming soon. Do your own research!",News,fake
AN UNNAMED SOURCE CLOSE TO THE FAMILY SHOW THE SHOCKING SECRET BEHIND THE SCENES about THE EDUCATION SYSTEM!!!,"The mainstream media refuses to report this! An unnamed source close to the family show the shocking secret behind the scenes related to the education system. Share this NOW so the truth can finally come out!!! Nobody is talking about this and that should scare you. Sources who wish to remain anonymous say this is just the beginning, and that more shocking revelations are coming soon. Do your own research!",News,fake
A POPULAR BLOGGER SAY THE GOVERNMENT IS HIDING THE CURE FOR CANCER about CLIMATE CHANGE!!!,"Wake up people, this is huge! A popular blogger say the government is hiding the cure for cancer related to climate change. The mainstream media is completely silent about this shocking truth. The mainstream media is completely silent about this shocking truth. Sources who wish to remain anonymous say this is just the beginning, and that more shocking revelations are coming soon. Do your own research!",News,fake
CELEBRITIES SAY THE VACCINE SECRETLY CONTAINS MICROCHIPS about A NEW TECHNOLOGY!!!,"They don't want you to see this! Celebrities say the vaccine secretly contains microchips related to a new technology. Forward this to everyone you know before it's too late!!! The mainstream media is completely silent about this shocking truth. Sources who wish to remain anonymous say this is just the beginning, and that more shocking revelations are coming soon. Do your own research!",News,fake
A MYSTERIOUS WHISTLEBLOWER SAY THE GOVERNMENT IS HIDING THE CURE FOR CANCER about A MAJOR SPORTS EVENT!!!,"Experts are too afraid to speak up! A mysterious whistleblower say the government is hiding the cure for cancer related to a major sports event. The mainstream media is completely silent about this shocking truth. The mainstream media is completely silent about this shocking truth. Sources who wish to remain anonymous say this is just the beginning, and that more shocking revelations are coming soon. Do your own research!",News,fake
A SHOCKING NEW REPORT CONFIRM ALIENS ARE HIDING AMONG US about A VIRAL HEALTH TREND!!!,"Wake up people, this is huge! A shocking new report confirm aliens are hiding among us related to a viral health trend. Click here now before this post gets taken down forever. The mainstream media is completely silent about this shocking truth. Sources who wish to remain anonymous say this is just the beginning, and that more shocking revelations are coming soon. Do your own research!",News,fake
CELEBRITIES SAY THE VACCINE SECRETLY CONTAINS MICROCHIPS about THE EDUCATION SYSTEM!!!,"This has been hidden from the public for years! Celebrities say the vaccine secretly contains microchips related to the education system. Share this NOW so the truth can finally come out!!! This proves once and for all what they've been hiding all along. Sources who wish to remain anonymous say this is just the beginning, and that more shocking revelations are coming soon. Do your own research!",News,fake
AN ANONYMOUS INSIDER REVEAL THE TRUTH THEY DON'T WANT YOU TO KNOW about A GLOBAL PANDEMIC!!!,"This has been hidden from the public for years! An anonymous insider reveal the truth they don't want you to know related to a global pandemic. Share this NOW so the truth can finally come out!!! Share this NOW so the truth can finally come out!!! Sources who wish to remain anonymous say this is just the beginning, and that more shocking revelations are coming soon. Do your own research!",News,fake
A SELF-PROCLAIMED EXPERT INSIST THE MOON LANDING WAS STAGED about A NEW TECHNOLOGY!!!,"Share before it gets deleted! A self-proclaimed expert insist the moon landing was staged related to a new technology. Share this NOW so the truth can finally come out!!! The mainstream media is completely silent about this shocking truth. Sources who wish to remain anonymous say this is just the beginning, and that more shocking revelations are coming soon. Do your own research!",News,fake
A SELF-PROCLAIMED EXPERT CONFIRM ALIENS ARE HIDING AMONG US about THE EDUCATION SYSTEM!!!,"You won't believe what happens next! A self-proclaimed expert confirm aliens are hiding among us related to the education system. Thousands of people are waking up to the truth every single day. Nobody is talking about this and that should scare you. Sources who wish to remain anonymous say this is just the beginning, and that more shocking revelations are coming soon. Do your own research!",News,fake
A SHOCKING NEW REPORT SAY THE GOVERNMENT IS HIDING THE CURE FOR CANCER about CLIMATE CHANGE!!!,"This has been hidden from the public for years! A shocking new report say the government is hiding the cure for cancer related to climate change. Forward this to everyone you know before it's too late!!! Forward this to everyone you know before it's too late!!! Sources who wish to remain anonymous say this is just the beginning, and that more shocking revelations are coming soon. Do your own research!",News,fake
A SECRET GOVERNMENT MEMO SHOW THE SHOCKING SECRET BEHIND THE SCENES about THE UPCOMING ELECTION!!!,"Experts are too afraid to speak up! A secret government memo show the shocking secret behind the scenes related to the upcoming election. Nobody is talking about this and that should scare you. Click here now before this post gets taken down forever. Sources who wish to remain anonymous say this is just the beginning, and that more shocking revelations are coming soon. Do your own research!",News,fake
A VIRAL POST REVEAL THE TRUTH THEY DON'T WANT YOU TO KNOW about A NEW TECHNOLOGY!!!,"Wake up people, this is huge! A viral post reveal the truth they don't want you to know related to a new technology. Share this NOW so the truth can finally come out!!! The mainstream media is completely silent about this shocking truth. Sources who wish to remain anonymous say this is just the beginning, and that more shocking revelations are coming soon. Do your own research!",News,fake
SOCIAL MEDIA USERS SAY THE GOVERNMENT IS HIDING THE CURE FOR CANCER about THE NEW VACCINE!!!,"You won't believe what happens next! Social media users say the government is hiding the cure for cancer related to the new vaccine. This proves once and for all what they've been hiding all along. This proves once and for all what they've been hiding all along. Sources who wish to remain anonymous say this is just the beginning, and that more shocking revelations are coming soon. Do your own research!",News,fake
AN UNNAMED SOURCE CLOSE TO THE FAMILY REVEAL CELEBRITIES ARE ACTUALLY ROBOTS about A NATURAL DISASTER!!!,"The mainstream media refuses to report this! An unnamed source close to the family reveal celebrities are actually robots related to a natural disaster. Share this NOW so the truth can finally come out!!! Nobody is talking about this and that should scare you. Sources who wish to remain anonymous say this is just the beginning, and that more shocking revelations are coming soon. Do your own research!",News,fake
AN UNNAMED SOURCE CLOSE TO THE FAMILY CLAIM THE ELECTION WAS COMPLETELY RIGGED about THE EDUCATION SYSTEM!!!,"Wake up people, this is huge! An unnamed source close to the family claim the election was completely rigged related to the education system. Nobody is talking about this and that should scare you. Share this NOW so the truth can finally come out!!! Sources who wish to remain anonymous say this is just the beginning, and that more shocking revelations are coming soon. Do your own research!",News,fake
A SELF-PROCLAIMED EXPERT SAY THE VACCINE SECRETLY CONTAINS MICROCHIPS about THE EDUCATION SYSTEM!!!,"Experts are too afraid to speak up! A self-proclaimed expert say the vaccine secretly contains microchips related to the education system. The mainstream media is completely silent about this shocking truth. Forward this to everyone you know before it's too late!!! Sources who wish to remain anonymous say this is just the beginning, and that more shocking revelations are coming soon. Do your own research!",News,fake
SCIENTISTS YOU'VE NEVER HEARD OF CLAIM THE ELECTION WAS COMPLETELY RIGGED about THE UPCOMING ELECTION!!!,"The mainstream media refuses to report this! Scientists you've never heard of claim the election was completely rigged related to the upcoming election. The mainstream media is completely silent about this shocking truth. This proves once and for all what they've been hiding all along. Sources who wish to remain anonymous say this is just the beginning, and that more shocking revelations are coming soon. Do your own research!",News,fake
A MYSTERIOUS WHISTLEBLOWER LEAK PROOF OF A GLOBAL CONSPIRACY about A GLOBAL PANDEMIC!!!,"You won't believe what happens next! A mysterious whistleblower leak proof of a global conspiracy related to a global pandemic. The mainstream media is completely silent about this shocking truth. Share this NOW so the truth can finally come out!!! Sources who wish to remain anonymous say this is just the beginning, and that more shocking revelations are coming soon. Do your own research!",News,fake
AN UNNAMED SOURCE CLOSE TO THE FAMILY LEAK PROOF OF A GLOBAL CONSPIRACY about A GLOBAL PANDEMIC!!!,"Wake up people, this is huge! An unnamed source close to the family leak proof of a global conspiracy related to a global pandemic. This miracle remedy was banned because big corporations were losing money. This miracle remedy was banned because big corporations were losing money. Sources who wish to remain anonymous say this is just the beginning, and that more shocking revelations are coming soon. Do your own research!",News,fake
A LEAKED DOCUMENT CLAIM THE ELECTION WAS COMPLETELY RIGGED about A POPULAR CELEBRITY!!!,"The mainstream media refuses to report this! A leaked document claim the election was completely rigged related to a popular celebrity. This proves once and for all what they've been hiding all along. Nobody is talking about this and that should scare you. Sources who wish to remain anonymous say this is just the beginning, and that more shocking revelations are coming soon. Do your own research!",News,fake
SOCIAL MEDIA USERS REVEAL CELEBRITIES ARE ACTUALLY ROBOTS about THE EDUCATION SYSTEM!!!,"Experts are too afraid to speak up! Social media users reveal celebrities are actually robots related to the education system. Thousands of people are waking up to the truth every single day. Thousands of people are waking up to the truth every single day. Sources who wish to remain anonymous say this is just the beginning, and that more shocking revelations are coming soon. Do your own research!",News,fake
SOCIAL MEDIA USERS SAY THE GOVERNMENT IS HIDING THE CURE FOR CANCER about THE HOUSING MARKET!!!,"Share before it gets deleted! Social media users say the government is hiding the cure for cancer related to the housing market. Nobody is talking about this and that should scare you. The mainstream media is completely silent about this shocking truth. Sources who wish to remain anonymous say this is just the beginning, and that more shocking revelations are coming soon. Do your own research!",News,fake
A LEAKED DOCUMENT CLAIM THIS ONE WEIRD TRICK CURES EVERYTHING about THE ECONOMY!!!,"This will shock you! A leaked document claim this one weird trick cures everything related to the economy. This proves once and for all what they've been hiding all along. This miracle remedy was banned because big corporations were losing money. Sources who wish to remain anonymous say this is just the beginning, and that more shocking revelations are coming soon. Do your own research!",News,fake
SCIENTISTS YOU'VE NEVER HEARD OF SAY THE GOVERNMENT IS HIDING THE CURE FOR CANCER about CLIMATE CHANGE!!!,"They don't want you to see this! Scientists you've never heard of say the government is hiding the cure for cancer related to climate change. Forward this to everyone you know before it's too late!!! Click here now before this post gets taken down forever. Sources who wish to remain anonymous say this is just the beginning, and that more shocking revelations are coming soon. Do your own research!",News,fake
A POPULAR BLOGGER SAY THE GOVERNMENT IS HIDING THE CURE FOR CANCER about THE EDUCATION SYSTEM!!!,"The mainstream media refuses to report this! A popular blogger say the government is hiding the cure for cancer related to the education system. This proves once and for all what they've been hiding all along. Thousands of people are waking up to the truth every single day. Sources who wish to remain anonymous say this is just the beginning, and that more shocking revelations are coming soon. Do your own research!",News,fake
A LEAKED DOCUMENT LEAK PROOF OF A GLOBAL CONSPIRACY about THE HOUSING MARKET!!!,"Experts are too afraid to speak up! A leaked document leak proof of a global conspiracy related to the housing market. Forward this to everyone you know before it's too late!!! Forward this to everyone you know before it's too late!!! Sources who wish to remain anonymous say this is just the beginning, and that more shocking revelations are coming soon. Do your own research!",News,fake
A SELF-PROCLAIMED EXPERT INSIST THE MOON LANDING WAS STAGED about A POLITICAL SCANDAL!!!,"Experts are too afraid to speak up! A self-proclaimed expert insist the moon landing was staged related to a political scandal. Thousands of people are waking up to the truth every single day. Thousands of people are waking up to the truth every single day. Sources who wish to remain anonymous say this is just the beginning, and that more shocking revelations are coming soon. Do your own research!",News,fake
AN ANONYMOUS INSIDER INSIST THE MOON LANDING WAS STAGED about A MAJOR SPORTS EVENT!!!,"This will shock you! An anonymous insider insist the moon landing was staged related to a major sports event. Forward this to everyone you know before it's too late!!! This proves once and for all what they've been hiding all along. Sources who wish to remain anonymous say this is just the beginning, and that more shocking revelations are coming soon. Do your own research!",News,fake
DOCTORS CONFIRM ALIENS ARE HIDING AMONG US about THE EDUCATION SYSTEM!!!,"Wake up people, this is huge! Doctors confirm aliens are hiding among us related to the education system. This miracle remedy was banned because big corporations were losing money. Forward this to everyone you know before it's too late!!! Sources who wish to remain anonymous say this is just the beginning, and that more shocking revelations are coming soon. Do your own research!",News,fake
A MYSTERIOUS WHISTLEBLOWER CLAIM THE ELECTION WAS COMPLETELY RIGGED about THE NEW VACCINE!!!,"Experts are too afraid to speak up! A mysterious whistleblower claim the election was completely rigged related to the new vaccine. Nobody is talking about this and that should scare you. Thousands of people are waking up to the truth every single day. Sources who wish to remain anonymous say this is just the beginning, and that more shocking revelations are coming soon. Do your own research!",News,fake
AN UNNAMED SOURCE CLOSE TO THE FAMILY REVEAL CELEBRITIES ARE ACTUALLY ROBOTS about THE NEW VACCINE!!!,"This has been hidden from the public for years! An unnamed source close to the family reveal celebrities are actually robots related to the new vaccine. Nobody is talking about this and that should scare you. Thousands of people are waking up to the truth every single day. Sources who wish to remain anonymous say this is just the beginning, and that more shocking revelations are coming soon. Do your own research!",News,fake
A VIRAL POST CLAIM THE ELECTION WAS COMPLETELY RIGGED about THE HOUSING MARKET!!!,"Wake up people, this is huge! A viral post claim the election was completely rigged related to the housing market. Forward this to everyone you know before it's too late!!! The mainstream media is completely silent about this shocking truth. Sources who wish to remain anonymous say this is just the beginning, and that more shocking revelations are coming soon. Do your own research!",News,fake
A SELF-PROCLAIMED EXPERT CONFIRM ALIENS ARE HIDING AMONG US about A GLOBAL PANDEMIC!!!,"This has been hidden from the public for years! A self-proclaimed expert confirm aliens are hiding among us related to a global pandemic. The mainstream media is completely silent about this shocking truth. This proves once and for all what they've been hiding all along. Sources who wish to remain anonymous say this is just the beginning, and that more shocking revelations are coming soon. Do your own research!",News,fake
CELEBRITIES CLAIM THIS ONE WEIRD TRICK CURES EVERYTHING about A GLOBAL PANDEMIC!!!,"They don't want you to see this! Celebrities claim this one weird trick cures everything related to a global pandemic. Thousands of people are waking up to the truth every single day. Nobody is talking about this and that should scare you. Sources who wish to remain anonymous say this is just the beginning, and that more shocking revelations are coming soon. Do your own research!",News,fake
A VIRAL POST SAY THE GOVERNMENT IS HIDING THE CURE FOR CANCER about A TECH COMPANY'S NEW PRODUCT!!!,"The mainstream media refuses to report this! A viral post say the government is hiding the cure for cancer related to a tech company's new product. This proves once and for all what they've been hiding all along. The mainstream media is completely silent about this shocking truth. Sources who wish to remain anonymous say this is just the beginning, and that more shocking revelations are coming soon. Do your own research!",News,fake
DOCTORS SHOW THE SHOCKING SECRET BEHIND THE SCENES about THE ECONOMY!!!,"Experts are too afraid to speak up! Doctors show the shocking secret behind the scenes related to the economy. The mainstream media is completely silent about this shocking truth. The mainstream media is completely silent about this shocking truth. Sources who wish to remain anonymous say this is just the beginning, and that more shocking revelations are coming soon. Do your own research!",News,fake
SCIENTISTS YOU'VE NEVER HEARD OF LEAK PROOF OF A GLOBAL CONSPIRACY about A NEW TECHNOLOGY!!!,"This has been hidden from the public for years! Scientists you've never heard of leak proof of a global conspiracy related to a new technology. This proves once and for all what they've been hiding all along. This proves once and for all what they've been hiding all along. Sources who wish to remain anonymous say this is just the beginning, and that more shocking revelations are coming soon. Do your own research!",News,fake
A SELF-PROCLAIMED EXPERT INSIST THE MOON LANDING WAS STAGED about A POLITICAL SCANDAL!!!,"This will shock you! A self-proclaimed expert insist the moon landing was staged related to a political scandal. Forward this to everyone you know before it's too late!!! The mainstream media is completely silent about this shocking truth. Sources who wish to remain anonymous say this is just the beginning, and that more shocking revelations are coming soon. Do your own research!",News,fake
SCIENTISTS YOU'VE NEVER HEARD OF SHOW THE SHOCKING SECRET BEHIND THE SCENES about A MAJOR SPORTS EVENT!!!,"This has been hidden from the public for years! Scientists you've never heard of show the shocking secret behind the scenes related to a major sports event. Forward this to everyone you know before it's too late!!! Share this NOW so the truth can finally come out!!! Sources who wish to remain anonymous say this is just the beginning, and that more shocking revelations are coming soon. Do your own research!",News,fake
A SELF-PROCLAIMED EXPERT WARN THAT THE WORLD WILL END NEXT MONTH about A NATURAL DISASTER!!!,"They don't want you to see this! A self-proclaimed expert warn that the world will end next month related to a natural disaster. Nobody is talking about this and that should scare you. Forward this to everyone you know before it's too late!!! Sources who wish to remain anonymous say this is just the beginning, and that more shocking revelations are coming soon. Do your own research!",News,fake
A POPULAR BLOGGER CLAIM THE ELECTION WAS COMPLETELY RIGGED about THE HOUSING MARKET!!!,"This has been hidden from the public for years! A popular blogger claim the election was completely rigged related to the housing market. The mainstream media is completely silent about this shocking truth. Click here now before this post gets taken down forever. Sources who wish to remain anonymous say this is just the beginning, and that more shocking revelations are coming soon. Do your own research!",News,fake
AN ANONYMOUS INSIDER WARN THAT THE WORLD WILL END NEXT MONTH about A VIRAL HEALTH TREND!!!,"The mainstream media refuses to report this! An anonymous insider warn that the world will end next month related to a viral health trend. Click here now before this post gets taken down forever. Thousands of people are waking up to the truth every single day. Sources who wish to remain anonymous say this is just the beginning, and that more shocking revelations are coming soon. Do your own research!",News,fake
SCIENTISTS YOU'VE NEVER HEARD OF SAY THE GOVERNMENT IS HIDING THE CURE FOR CANCER about A POPULAR CELEBRITY!!!,"This will shock you! Scientists you've never heard of say the government is hiding the cure for cancer related to a popular celebrity. The mainstream media is completely silent about this shocking truth. Thousands of people are waking up to the truth every single day. Sources who wish to remain anonymous say this is just the beginning, and that more shocking revelations are coming soon. Do your own research!",News,fake
A SELF-PROCLAIMED EXPERT SAY THE GOVERNMENT IS HIDING THE CURE FOR CANCER about THE NEW VACCINE!!!,"The mainstream media refuses to report this! A self-proclaimed expert say the government is hiding the cure for cancer related to the new vaccine. Click here now before this post gets taken down forever. The mainstream media is completely silent about this shocking truth. Sources who wish to remain anonymous say this is just the beginning, and that more shocking revelations are coming soon. Do your own research!",News,fake
A POPULAR BLOGGER SAY THE GOVERNMENT IS HIDING THE CURE FOR CANCER about THE EDUCATION SYSTEM!!!,"They don't want you to see this! A popular blogger say the government is hiding the cure for cancer related to the education system. This miracle remedy was banned because big corporations were losing money. Nobody is talking about this and that should scare you. Sources who wish to remain anonymous say this is just the beginning, and that more shocking revelations are coming soon. Do your own research!",News,fake
A VIRAL POST EXPOSE A MASSIVE COVER-UP about A POPULAR CELEBRITY!!!,"This has been hidden from the public for years! A viral post expose a massive cover-up related to a popular celebrity. Nobody is talking about this and that should scare you. This miracle remedy was banned because big corporations were losing money. Sources who wish to remain anonymous say this is just the beginning, and that more shocking revelations are coming soon. Do your own research!",News,fake
CELEBRITIES CONFIRM ALIENS ARE HIDING AMONG US about A NEW TECHNOLOGY!!!,"They don't want you to see this! Celebrities confirm aliens are hiding among us related to a new technology. The mainstream media is completely silent about this shocking truth. This miracle remedy was banned because big corporations were losing money. Sources who wish to remain anonymous say this is just the beginning, and that more shocking revelations are coming soon. Do your own research!",News,fake
AN UNNAMED SOURCE CLOSE TO THE FAMILY EXPOSE A MASSIVE COVER-UP about THE EDUCATION SYSTEM!!!,"They don't want you to see this! An unnamed source close to the family expose a massive cover-up related to the education system. The mainstream media is completely silent about this shocking truth. The mainstream media is completely silent about this shocking truth. Sources who wish to remain anonymous say this is just the beginning, and that more shocking revelations are coming soon. Do your own research!",News,fake
DOCTORS REVEAL CELEBRITIES ARE ACTUALLY ROBOTS about THE HOUSING MARKET!!!,"They don't want you to see this! Doctors reveal celebrities are actually robots related to the housing market. Share this NOW so the truth can finally come out!!! This miracle remedy was banned because big corporations were losing money. Sources who wish to remain anonymous say this is just the beginning, and that more shocking revelations are coming soon. Do your own research!",News,fake
CELEBRITIES REVEAL CELEBRITIES ARE ACTUALLY ROBOTS about A MAJOR SPORTS EVENT!!!,"This will shock you! Celebrities reveal celebrities are actually robots related to a major sports event. Nobody is talking about this and that should scare you. Forward this to everyone you know before it's too late!!! Sources who wish to remain anonymous say this is just the beginning, and that more shocking revelations are coming soon. Do your own research!",News,fake
AN ANONYMOUS INSIDER WARN THAT THE WORLD WILL END NEXT MONTH about THE EDUCATION SYSTEM!!!,"Share before it gets deleted! An anonymous insider warn that the world will end next month related to the education system. Share this NOW so the truth can finally come out!!! Nobody is talking about this and that should scare you. Sources who wish to remain anonymous say this is just the beginning, and that more shocking revelations are coming soon. Do your own research!",News,fake
A SHOCKING NEW REPORT EXPOSE A MASSIVE COVER-UP about A NATURAL DISASTER!!!,"You won't believe what happens next! A shocking new report expose a massive cover-up related to a natural disaster. Thousands of people are waking up to the truth every single day. Nobody is talking about this and that should scare you. Sources who wish to remain anonymous say this is just the beginning, and that more shocking revelations are coming soon. Do your own research!",News,fake
A SELF-PROCLAIMED EXPERT CONFIRM ALIENS ARE HIDING AMONG US about THE EDUCATION SYSTEM!!!,"This will shock you! A self-proclaimed expert confirm aliens are hiding among us related to the education system. Click here now before this post gets taken down forever. Click here now before this post gets taken down forever. Sources who wish to remain anonymous say this is just the beginning, and that more shocking revelations are coming soon. Do your own research!",News,fake
A POPULAR BLOGGER SAY THE GOVERNMENT IS HIDING THE CURE FOR CANCER about THE HOUSING MARKET!!!,"This will shock you! A popular blogger say the government is hiding the cure for cancer related to the housing market. Click here now before this post gets taken down forever. This proves once and for all what they've been hiding all along. Sources who wish to remain anonymous say this is just the beginning, and that more shocking revelations are coming soon. Do your own research!",News,fake
A MYSTERIOUS WHISTLEBLOWER SHOW THE SHOCKING SECRET BEHIND THE SCENES about THE HOUSING MARKET!!!,"You won't believe what happens next! A mysterious whistleblower show the shocking secret behind the scenes related to the housing market. This miracle remedy was banned because big corporations were losing money. Share this NOW so the truth can finally come out!!! Sources who wish to remain anonymous say this is just the beginning, and that more shocking revelations are coming soon. Do your own research!",News,fake
AN ANONYMOUS INSIDER WARN THAT THE WORLD WILL END NEXT MONTH about THE STOCK MARKET!!!,"Share before it gets deleted! An anonymous insider warn that the world will end next month related to the stock market. The mainstream media is completely silent about this shocking truth. Thousands of people are waking up to the truth every single day. Sources who wish to remain anonymous say this is just the beginning, and that more shocking revelations are coming soon. Do your own research!",News,fake
A SELF-PROCLAIMED EXPERT SHOW THE SHOCKING SECRET BEHIND THE SCENES about THE UPCOMING ELECTION!!!,"Wake up people, this is huge! A self-proclaimed expert show the shocking secret behind the scenes related to the upcoming election. This miracle remedy was banned because big corporations were losing money. This proves once and for all what they've been hiding all along. Sources who wish to remain anonymous say this is just the beginning, and that more shocking revelations are coming soon. Do your own research!",News,fake
A SELF-PROCLAIMED EXPERT REVEAL CELEBRITIES ARE ACTUALLY ROBOTS about A GLOBAL PANDEMIC!!!,"You won't believe what happens next! A self-proclaimed expert reveal celebrities are actually robots related to a global pandemic. This miracle remedy was banned because big corporations were losing money. Forward this to everyone you know before it's too late!!! Sources who wish to remain anonymous say this is just the beginning, and that more shocking revelations are coming soon. Do your own research!",News,fake
SOCIAL MEDIA USERS INSIST THE MOON LANDING WAS STAGED about THE NEW VACCINE!!!,"They don't want you to see this! Social media users insist the moon landing was staged related to the new vaccine. Thousands of people are waking up to the truth every single day. Share this NOW so the truth can finally come out!!! Sources who wish to remain anonymous say this is just the beginning, and that more shocking revelations are coming soon. Do your own research!",News,fake
A POPULAR BLOGGER WARN THAT THE WORLD WILL END NEXT MONTH about A VIRAL HEALTH TREND!!!,"Share before it gets deleted! A popular blogger warn that the world will end next month related to a viral health trend. Click here now before this post gets taken down forever. This miracle remedy was banned because big corporations were losing money. Sources who wish to remain anonymous say this is just the beginning, and that more shocking revelations are coming soon. Do your own research!",News,fake
A VIRAL POST LEAK PROOF OF A GLOBAL CONSPIRACY about CLIMATE CHANGE!!!,"This has been hidden from the public for years! A viral post leak proof of a global conspiracy related to climate change. The mainstream media is completely silent about this shocking truth. Forward this to everyone you know before it's too late!!! Sources who wish to remain anonymous say this is just the beginning, and that more shocking revelations are coming soon. Do your own research!",News,fake
AN ANONYMOUS INSIDER SHOW THE SHOCKING SECRET BEHIND THE SCENES about A GLOBAL PANDEMIC!!!,"You won't believe what happens next! An anonymous insider show the shocking secret behind the scenes related to a global pandemic. The mainstream media is completely silent about this shocking truth. The mainstream media is completely silent about this shocking truth. Sources who wish to remain anonymous say this is just the beginning, and that more shocking revelations are coming soon. Do your own research!",News,fake
AN UNNAMED SOURCE CLOSE TO THE FAMILY LEAK PROOF OF A GLOBAL CONSPIRACY about A TECH COMPANY'S NEW PRODUCT!!!,"Experts are too afraid to speak up! An unnamed source close to the family leak proof of a global conspiracy related to a tech company's new product. Forward this to everyone you know before it's too late!!! This proves once and for all what they've been hiding all along. Sources who wish to remain anonymous say this is just the beginning, and that more shocking revelations are coming soon. Do your own research!",News,fake
A POPULAR BLOGGER INSIST THE MOON LANDING WAS STAGED about A MAJOR SPORTS EVENT!!!,"This will shock you! A popular blogger insist the moon landing was staged related to a major sports event. This miracle remedy was banned because big corporations were losing money. Click here now before this post gets taken down forever. Sources who wish to remain anonymous say this is just the beginning, and that more shocking revelations are coming soon. Do your own research!",News,fake
A POPULAR BLOGGER REVEAL CELEBRITIES ARE ACTUALLY ROBOTS about A POPULAR CELEBRITY!!!,"This has been hidden from the public for years! A popular blogger reveal celebrities are actually robots related to a popular celebrity. Thousands of people are waking up to the truth every single day. Forward this to everyone you know before it's too late!!! Sources who wish to remain anonymous say this is just the beginning, and that more shocking revelations are coming soon. Do your own research!",News,fake
A LEAKED DOCUMENT SAY THE GOVERNMENT IS HIDING THE CURE FOR CANCER about THE EDUCATION SYSTEM!!!,"The mainstream media refuses to report this! A leaked document say the government is hiding the cure for cancer related to the education system. Nobody is talking about this and that should scare you. This proves once and for all what they've been hiding all along. Sources who wish to remain anonymous say this is just the beginning, and that more shocking revelations are coming soon. Do your own research!",News,fake
AN UNNAMED SOURCE CLOSE TO THE FAMILY LEAK PROOF OF A GLOBAL CONSPIRACY about A VIRAL HEALTH TREND!!!,"Experts are too afraid to speak up! An unnamed source close to the family leak proof of a global conspiracy related to a viral health trend. Click here now before this post gets taken down forever. This proves once and for all what they've been hiding all along. Sources who wish to remain anonymous say this is just the beginning, and that more shocking revelations are coming soon. Do your own research!",News,fake
A SHOCKING NEW REPORT REVEAL CELEBRITIES ARE ACTUALLY ROBOTS about A POPULAR CELEBRITY!!!,"Wake up people, this is huge! A shocking new report reveal celebrities are actually robots related to a popular celebrity. Click here now before this post gets taken down forever. Nobody is talking about this and that should scare you. Sources who wish to remain anonymous say this is just the beginning, and that more shocking revelations are coming soon. Do your own research!",News,fake
SOCIAL MEDIA USERS EXPOSE A MASSIVE COVER-UP about A POLITICAL SCANDAL!!!,"Wake up people, this is huge! Social media users expose a massive cover-up related to a political scandal. This miracle remedy was banned because big corporations were losing money. The mainstream media is completely silent about this shocking truth. Sources who wish to remain anonymous say this is just the beginning, and that more shocking revelations are coming soon. Do your own research!",News,fake
AN ANONYMOUS INSIDER LEAK PROOF OF A GLOBAL CONSPIRACY about A POLITICAL SCANDAL!!!,"You won't believe what happens next! An anonymous insider leak proof of a global conspiracy related to a political scandal. The mainstream media is completely silent about this shocking truth. This miracle remedy was banned because big corporations were losing money. Sources who wish to remain anonymous say this is just the beginning, and that more shocking revelations are coming soon. Do your own research!",News,fake
A VIRAL POST CONFIRM ALIENS ARE HIDING AMONG US about A VIRAL HEALTH TREND!!!,"This will shock you! A viral post confirm aliens are hiding among us related to a viral health trend. Forward this to everyone you know before it's too late!!! This proves once and for all what they've been hiding all along. Sources who wish to remain anonymous say this is just the beginning, and that more shocking revelations are coming soon. Do your own research!",News,fake
A SELF-PROCLAIMED EXPERT SHOW THE SHOCKING SECRET BEHIND THE SCENES about THE ECONOMY!!!,"Wake up people, this is huge! A self-proclaimed expert show the shocking secret behind the scenes related to the economy. Thousands of people are waking up to the truth every single day. Click here now before this post gets taken down forever. Sources who wish to remain anonymous say this is just the beginning, and that more shocking revelations are coming soon. Do your own research!",News,fake
A SHOCKING NEW REPORT EXPOSE A MASSIVE COVER-UP about CLIMATE CHANGE!!!,"You won't believe what happens next! A shocking new report expose a massive cover-up related to climate change. The mainstream media is completely silent about this shocking truth. Click here now before this post gets taken down forever. Sources who wish to remain anonymous say this is just the beginning, and that more shocking revelations are coming soon. Do your own research!",News,fake
A POPULAR BLOGGER EXPOSE A MASSIVE COVER-UP about THE EDUCATION SYSTEM!!!,"You won't believe what happens next! A popular blogger expose a massive cover-up related to the education system. The mainstream media is completely silent about this shocking truth. The mainstream media is completely silent about this shocking truth. Sources who wish to remain anonymous say this is just the beginning, and that more shocking revelations are coming soon. Do your own research!",News,fake
A POPULAR BLOGGER EXPOSE A MASSIVE COVER-UP about A GLOBAL PANDEMIC!!!,"Wake up people, this is huge! A popular blogger expose a massive cover-up related to a global pandemic. This proves once and for all what they've been hiding all along. Forward this to everyone you know before it's too late!!! Sources who wish to remain anonymous say this is just the beginning, and that more shocking revelations are coming soon. Do your own research!",News,fake
AN UNNAMED SOURCE CLOSE TO THE FAMILY SAY THE VACCINE SECRETLY CONTAINS MICROCHIPS about THE NEW VACCINE!!!,"Experts are too afraid to speak up! An unnamed source close to the family say the vaccine secretly contains microchips related to the new vaccine. Click here now before this post gets taken down forever. Click here now before this post gets taken down forever. Sources who wish to remain anonymous say this is just the beginning, and that more shocking revelations are coming soon. Do your own research!",News,fake
A MYSTERIOUS WHISTLEBLOWER CONFIRM ALIENS ARE HIDING AMONG US about A NATURAL DISASTER!!!,"Wake up people, this is huge! A mysterious whistleblower confirm aliens are hiding among us related to a natural disaster. Share this NOW so the truth can finally come out!!! Forward this to everyone you know before it's too late!!! Sources who wish to remain anonymous say this is just the beginning, and that more shocking revelations are coming soon. Do your own research!",News,fake
A SELF-PROCLAIMED EXPERT INSIST THE MOON LANDING WAS STAGED about A POLITICAL SCANDAL!!!,"The mainstream media refuses to report this! A self-proclaimed expert insist the moon landing was staged related to a political scandal. Nobody is talking about this and that should scare you. This proves once and for all what they've been hiding all along. Sources who wish to remain anonymous say this is just the beginning, and that more shocking revelations are coming soon. Do your own research!",News,fake
SCIENTISTS YOU'VE NEVER HEARD OF REVEAL THE TRUTH THEY DON'T WANT YOU TO KNOW about A NATURAL DISASTER!!!,"This has been hidden from the public for years! Scientists you've never heard of reveal the truth they don't want you to know related to a natural disaster. Nobody is talking about this and that should scare you. The mainstream media is completely silent about this shocking truth. Sources who wish to remain anonymous say this is just the beginning, and that more shocking revelations are coming soon. Do your own research!",News,fake
A POPULAR BLOGGER SAY THE VACCINE SECRETLY CONTAINS MICROCHIPS about THE EDUCATION SYSTEM!!!,"Share before it gets deleted! A popular blogger say the vaccine secretly contains microchips related to the education system. Thousands of people are waking up to the truth every single day. Share this NOW so the truth can finally come out!!! Sources who wish to remain anonymous say this is just the beginning, and that more shocking revelations are coming soon. Do your own research!",News,fake
A VIRAL POST EXPOSE A MASSIVE COVER-UP about A TECH COMPANY'S NEW PRODUCT!!!,"The mainstream media refuses to report this! A viral post expose a massive cover-up related to a tech company's new product. Thousands of people are waking up to the truth every single day. Nobody is talking about this and that should scare you. Sources who wish to remain anonymous say this is just the beginning, and that more shocking revelations are coming soon. Do your own research!",News,fake
A POPULAR BLOGGER CLAIM THIS ONE WEIRD TRICK CURES EVERYTHING about A TECH COMPANY'S NEW PRODUCT!!!,"You won't believe what happens next! A popular blogger claim this one weird trick cures everything related to a tech company's new product. Share this NOW so the truth can finally come out!!! Nobody is talking about this and that should scare you. Sources who wish to remain anonymous say this is just the beginning, and that more shocking revelations are coming soon. Do your own research!",News,fake
AN ANONYMOUS INSIDER REVEAL CELEBRITIES ARE ACTUALLY ROBOTS about A MAJOR SPORTS EVENT!!!,"They don't want you to see this! An anonymous insider reveal celebrities are actually robots related to a major sports event. Thousands of people are waking up to the truth every single day. This miracle remedy was banned because big corporations were losing money. Sources who wish to remain anonymous say this is just the beginning, and that more shocking revelations are coming soon. Do your own research!",News,fake
A LEAKED DOCUMENT SAY THE GOVERNMENT IS HIDING THE CURE FOR CANCER about A NEW TECHNOLOGY!!!,"Share before it gets deleted! A leaked document say the government is hiding the cure for cancer related to a new technology. The mainstream media is completely silent about this shocking truth. Share this NOW so the truth can finally come out!!! Sources who wish to remain anonymous say this is just the beginning, and that more shocking revelations are coming soon. Do your own research!",News,fake
A POPULAR BLOGGER REVEAL THE TRUTH THEY DON'T WANT YOU TO KNOW about THE STOCK MARKET!!!,"Experts are too afraid to speak up! A popular blogger reveal the truth they don't want you to know related to the stock market. Click here now before this post gets taken down forever. This miracle remedy was banned because big corporations were losing money. Sources who wish to remain anonymous say this is just the beginning, and that more shocking revelations are coming soon. Do your own research!",News,fake
A SHOCKING NEW REPORT WARN THAT THE WORLD WILL END NEXT MONTH about A MAJOR SPORTS EVENT!!!,"Wake up people, this is huge! A shocking new report warn that the world will end next month related to a major sports event. Thousands of people are waking up to the truth every single day. This proves once and for all what they've been hiding all along. Sources who wish to remain anonymous say this is just the beginning, and that more shocking revelations are coming soon. Do your own research!",News,fake
CELEBRITIES WARN THAT THE WORLD WILL END NEXT MONTH about A VIRAL HEALTH TREND!!!,"Share before it gets deleted! Celebrities warn that the world will end next month related to a viral health trend. Thousands of people are waking up to the truth every single day. The mainstream media is completely silent about this shocking truth. Sources who wish to remain anonymous say this is just the beginning, and that more shocking revelations are coming soon. Do your own research!",News,fake
A VIRAL POST WARN THAT THE WORLD WILL END NEXT MONTH about A NEW TECHNOLOGY!!!,"Share before it gets deleted! A viral post warn that the world will end next month related to a new technology. Forward this to everyone you know before it's too late!!! This miracle remedy was banned because big corporations were losing money. Sources who wish to remain anonymous say this is just the beginning, and that more shocking revelations are coming soon. Do your own research!",News,fake
SCIENTISTS YOU'VE NEVER HEARD OF SAY THE VACCINE SECRETLY CONTAINS MICROCHIPS about A MAJOR SPORTS EVENT!!!,"You won't believe what happens next! Scientists you've never heard of say the vaccine secretly contains microchips related to a major sports event. The mainstream media is completely silent about this shocking truth. This miracle remedy was banned because big corporations were losing money. Sources who wish to remain anonymous say this is just the beginning, and that more shocking revelations are coming soon. Do your own research!",News,fake
SOCIAL MEDIA USERS CONFIRM ALIENS ARE HIDING AMONG US about THE STOCK MARKET!!!,"They don't want you to see this! Social media users confirm aliens are hiding among us related to the stock market. Nobody is talking about this and that should scare you. Click here now before this post gets taken down forever. Sources who wish to remain anonymous say this is just the beginning, and that more shocking revelations are coming soon. Do your own research!",News,fake
A POPULAR BLOGGER CLAIM THE ELECTION WAS COMPLETELY RIGGED about A POLITICAL SCANDAL!!!,"Share before it gets deleted! A popular blogger claim the election was completely rigged related to a political scandal. Click here now before this post gets taken down forever. Nobody is talking about this and that should scare you. Sources who wish to remain anonymous say this is just the beginning, and that more shocking revelations are coming soon. Do your own research!",News,fake
A LEAKED DOCUMENT CLAIM THE ELECTION WAS COMPLETELY RIGGED about A NEW TECHNOLOGY!!!,"They don't want you to see this! A leaked document claim the election was completely rigged related to a new technology. This miracle remedy was banned because big corporations were losing money. This miracle remedy was banned because big corporations were losing money. Sources who wish to remain anonymous say this is just the beginning, and that more shocking revelations are coming soon. Do your own research!",News,fake
A SECRET GOVERNMENT MEMO WARN THAT THE WORLD WILL END NEXT MONTH about THE UPCOMING ELECTION!!!,"Experts are too afraid to speak up! A secret government memo warn that the world will end next month related to the upcoming election. Nobody is talking about this and that should scare you. Nobody is talking about this and that should scare you. Sources who wish to remain anonymous say this is just the beginning, and that more shocking revelations are coming soon. Do your own research!",News,fake
CELEBRITIES CONFIRM ALIENS ARE HIDING AMONG US about A MAJOR SPORTS EVENT!!!,"Wake up people, this is huge! Celebrities confirm aliens are hiding among us related to a major sports event. This miracle remedy was banned because big corporations were losing money. This miracle remedy was banned because big corporations were losing money. Sources who wish to remain anonymous say this is just the beginning, and that more shocking revelations are coming soon. Do your own research!",News,fake
SOCIAL MEDIA USERS INSIST THE MOON LANDING WAS STAGED about THE UPCOMING ELECTION!!!,"This will shock you! Social media users insist the moon landing was staged related to the upcoming election. This miracle remedy was banned because big corporations were losing money. This proves once and for all what they've been hiding all along. Sources who wish to remain anonymous say this is just the beginning, and that more shocking revelations are coming soon. Do your own research!",News,fake
DOCTORS LEAK PROOF OF A GLOBAL CONSPIRACY about THE NEW VACCINE!!!,"This will shock you! Doctors leak proof of a global conspiracy related to the new vaccine. Click here now before this post gets taken down forever. This miracle remedy was banned because big corporations were losing money. Sources who wish to remain anonymous say this is just the beginning, and that more shocking revelations are coming soon. Do your own research!",News,fake
SOCIAL MEDIA USERS SAY THE VACCINE SECRETLY CONTAINS MICROCHIPS about A NATURAL DISASTER!!!,"Wake up people, this is huge! Social media users say the vaccine secretly contains microchips related to a natural disaster. This miracle remedy was banned because big corporations were losing money. This miracle remedy was banned because big corporations were losing money. Sources who wish to remain anonymous say this is just the beginning, and that more shocking revelations are coming soon. Do your own research!",News,fake
CELEBRITIES SHOW THE SHOCKING SECRET BEHIND THE SCENES about THE HOUSING MARKET!!!,"They don't want you to see this! Celebrities show the shocking secret behind the scenes related to the housing market. Share this NOW so the truth can finally come out!!! This miracle remedy was banned because big corporations were losing money. Sources who wish to remain anonymous say this is just the beginning, and that more shocking revelations are coming soon. Do your own research!",News,fake
AN UNNAMED SOURCE CLOSE TO THE FAMILY SAY THE GOVERNMENT IS HIDING THE CURE FOR CANCER about A GLOBAL PANDEMIC!!!,"They don't want you to see this! An unnamed source close to the family say the government is hiding the cure for cancer related to a global pandemic. Nobody is talking about this and that should scare you. Share this NOW so the truth can finally come out!!! Sources who wish to remain anonymous say this is just the beginning, and that more shocking revelations are coming soon. Do your own research!",News,fake
A LEAKED DOCUMENT SAY THE VACCINE SECRETLY CONTAINS MICROCHIPS about A POPULAR CELEBRITY!!!,"Share before it gets deleted! A leaked document say the vaccine secretly contains microchips related to a popular celebrity. Forward this to everyone you know before it's too late!!! Forward this to everyone you know before it's too late!!! Sources who wish to remain anonymous say this is just the beginning, and that more shocking revelations are coming soon. Do your own research!",News,fake
AN UNNAMED SOURCE CLOSE TO THE FAMILY CLAIM THIS ONE WEIRD TRICK CURES EVERYTHING about A POLITICAL SCANDAL!!!,"Wake up people, this is huge! An unnamed source close to the family claim this one weird trick cures everything related to a political scandal. Share this NOW so the truth can finally come out!!! Click here now before this post gets taken down forever. Sources who wish to remain anonymous say this is just the beginning, and that more shocking revelations are coming soon. Do your own research!",News,fake
A MYSTERIOUS WHISTLEBLOWER CLAIM THIS ONE WEIRD TRICK CURES EVERYTHING about THE UPCOMING ELECTION!!!,"Experts are too afraid to speak up! A mysterious whistleblower claim this one weird trick cures everything related to the upcoming election. This proves once and for all what they've been hiding all along. This proves once and for all what they've been hiding all along. Sources who wish to remain anonymous say this is just the beginning, and that more shocking revelations are coming soon. Do your own research!",News,fake
A VIRAL POST SAY THE VACCINE SECRETLY CONTAINS MICROCHIPS about A MAJOR SPORTS EVENT!!!,"This will shock you! A viral post say the vaccine secretly contains microchips related to a major sports event. Thousands of people are waking up to the truth every single day. Click here now before this post gets taken down forever. Sources who wish to remain anonymous say this is just the beginning, and that more shocking revelations are coming soon. Do your own research!",News,fake
AN ANONYMOUS INSIDER WARN THAT THE WORLD WILL END NEXT MONTH about THE NEW VACCINE!!!,"They don't want you to see this! An anonymous insider warn that the world will end next month related to the new vaccine. Share this NOW so the truth can finally come out!!! Share this NOW so the truth can finally come out!!! Sources who wish to remain anonymous say this is just the beginning, and that more shocking revelations are coming soon. Do your own research!",News,fake
AN ANONYMOUS INSIDER CLAIM THIS ONE WEIRD TRICK CURES EVERYTHING about CLIMATE CHANGE!!!,"You won't believe what happens next! An anonymous insider claim this one weird trick cures everything related to climate change. The mainstream media is completely silent about this shocking truth. Click here now before this post gets taken down forever. Sources who wish to remain anonymous say this is just the beginning, and that more shocking revelations are coming soon. Do your own research!",News,fake
A SECRET GOVERNMENT MEMO WARN THAT THE WORLD WILL END NEXT MONTH about A NEW TECHNOLOGY!!!,"You won't believe what happens next! A secret government memo warn that the world will end next month related to a new technology. Thousands of people are waking up to the truth every single day. Nobody is talking about this and that should scare you. Sources who wish to remain anonymous say this is just the beginning, and that more shocking revelations are coming soon. Do your own research!",News,fake
A SHOCKING NEW REPORT REVEAL THE TRUTH THEY DON'T WANT YOU TO KNOW about THE ECONOMY!!!,"Share before it gets deleted! A shocking new report reveal the truth they don't want you to know related to the economy. Click here now before this post gets taken down forever. This proves once and for all what they've been hiding all along. Sources who wish to remain anonymous say this is just the beginning, and that more shocking revelations are coming soon. Do your own research!",News,fake
A LEAKED DOCUMENT CLAIM THIS ONE WEIRD TRICK CURES EVERYTHING about A POLITICAL SCANDAL!!!,"This will shock you! A leaked document claim this one weird trick cures everything related to a political scandal. Thousands of people are waking up to the truth every single day. This proves once and for all what they've been hiding all along. Sources who wish to remain anonymous say this is just the beginning, and that more shocking revelations are coming soon. Do your own research!",News,fake
CELEBRITIES INSIST THE MOON LANDING WAS STAGED about THE HOUSING MARKET!!!,"This will shock you! Celebrities insist the moon landing was staged related to the housing market. Thousands of people are waking up to the truth every single day. Share this NOW so the truth can finally come out!!! Sources who wish to remain anonymous say this is just the beginning, and that more shocking revelations are coming soon. Do your own research!",News,fake
A SELF-PROCLAIMED EXPERT INSIST THE MOON LANDING WAS STAGED about THE EDUCATION SYSTEM!!!,"You won't believe what happens next! A self-proclaimed expert insist the moon landing was staged related to the education system. The mainstream media is completely silent about this shocking truth. Click here now before this post gets taken down forever. Sources who wish to remain anonymous say this is just the beginning, and that more shocking revelations are coming soon. Do your own research!",News,fake
A SELF-PROCLAIMED EXPERT EXPOSE A MASSIVE COVER-UP about THE UPCOMING ELECTION!!!,"This will shock you! A self-proclaimed expert expose a massive cover-up related to the upcoming election. This proves once and for all what they've been hiding all along. Nobody is talking about this and that should scare you. Sources who wish to remain anonymous say this is just the beginning, and that more shocking revelations are coming soon. Do your own research!",News,fake
A MYSTERIOUS WHISTLEBLOWER EXPOSE A MASSIVE COVER-UP about THE ECONOMY!!!,"You won't believe what happens next! A mysterious whistleblower expose a massive cover-up related to the economy. Share this NOW so the truth can finally come out!!! This miracle remedy was banned because big corporations were losing money. Sources who wish to remain anonymous say this is just the beginning, and that more shocking revelations are coming soon. Do your own research!",News,fake
A SECRET GOVERNMENT MEMO SAY THE GOVERNMENT IS HIDING THE CURE FOR CANCER about A GLOBAL PANDEMIC!!!,"Experts are too afraid to speak up! A secret government memo say the government is hiding the cure for cancer related to a global pandemic. Forward this to everyone you know before it's too late!!! Forward this to everyone you know before it's too late!!! Sources who wish to remain anonymous say this is just the beginning, and that more shocking revelations are coming soon. Do your own research!",News,fake
CELEBRITIES EXPOSE A MASSIVE COVER-UP about THE HOUSING MARKET!!!,"Experts are too afraid to speak up! Celebrities expose a massive cover-up related to the housing market. Nobody is talking about this and that should scare you. Share this NOW so the truth can finally come out!!! Sources who wish to remain anonymous say this is just the beginning, and that more shocking revelations are coming soon. Do your own research!",News,fake
SOCIAL MEDIA USERS WARN THAT THE WORLD WILL END NEXT MONTH about A GLOBAL PANDEMIC!!!,"They don't want you to see this! Social media users warn that the world will end next month related to a global pandemic. Forward this to everyone you know before it's too late!!! Share this NOW so the truth can finally come out!!! Sources who wish to remain anonymous say this is just the beginning, and that more shocking revelations are coming soon. Do your own research!",News,fake
A POPULAR BLOGGER WARN THAT THE WORLD WILL END NEXT MONTH about THE STOCK MARKET!!!,"Experts are too afraid to speak up! A popular blogger warn that the world will end next month related to the stock market. Share this NOW so the truth can finally come out!!! Click here now before this post gets taken down forever. Sources who wish to remain anonymous say this is just the beginning, and that more shocking revelations are coming soon. Do your own research!",News,fake
SCIENTISTS YOU'VE NEVER HEARD OF SAY THE VACCINE SECRETLY CONTAINS MICROCHIPS about A NEW TECHNOLOGY!!!,"Experts are too afraid to speak up! Scientists you've never heard of say the vaccine secretly contains microchips related to a new technology. Forward this to everyone you know before it's too late!!! This proves once and for all what they've been hiding all along. Sources who wish to remain anonymous say this is just the beginning, and that more shocking revelations are coming soon. Do your own research!",News,fake
A SHOCKING NEW REPORT INSIST THE MOON LANDING WAS STAGED about A NATURAL DISASTER!!!,"This will shock you! A shocking new report insist the moon landing was staged related to a natural disaster. This proves once and for all what they've been hiding all along. Thousands of people are waking up to the truth every single day. Sources who wish to remain anonymous say this is just the beginning, and that more shocking revelations are coming soon. Do your own research!",News,fake
A SHOCKING NEW REPORT LEAK PROOF OF A GLOBAL CONSPIRACY about THE NEW VACCINE!!!,"Experts are too afraid to speak up! A shocking new report leak proof of a global conspiracy related to the new vaccine. The mainstream media is completely silent about this shocking truth. The mainstream media is completely silent about this shocking truth. Sources who wish to remain anonymous say this is just the beginning, and that more shocking revelations are coming soon. Do your own research!",News,fake
A SECRET GOVERNMENT MEMO SHOW THE SHOCKING SECRET BEHIND THE SCENES about THE NEW VACCINE!!!,"The mainstream media refuses to report this! A secret government memo show the shocking secret behind the scenes related to the new vaccine. Forward this to everyone you know before it's too late!!! This proves once and for all what they've been hiding all along. Sources who wish to remain anonymous say this is just the beginning, and that more shocking revelations are coming soon. Do your own research!",News,fake
A POPULAR BLOGGER INSIST THE MOON LANDING WAS STAGED about THE ECONOMY!!!,"This will shock you! A popular blogger insist the moon landing was staged related to the economy. Thousands of people are waking up to the truth every single day. Share this NOW so the truth can finally come out!!! Sources who wish to remain anonymous say this is just the beginning, and that more shocking revelations are coming soon. Do your own research!",News,fake
AN UNNAMED SOURCE CLOSE TO THE FAMILY INSIST THE MOON LANDING WAS STAGED about A TECH COMPANY'S NEW PRODUCT!!!,"This has been hidden from the public for years! An unnamed source close to the family insist the moon landing was staged related to a tech company's new product. Nobody is talking about this and that should scare you. Forward this to everyone you know before it's too late!!! Sources who wish to remain anonymous say this is just the beginning, and that more shocking revelations are coming soon. Do your own research!",News,fake
SCIENTISTS YOU'VE NEVER HEARD OF REVEAL THE TRUTH THEY DON'T WANT YOU TO KNOW about THE HOUSING MARKET!!!,"The mainstream media refuses to report this! Scientists you've never heard of reveal the truth they don't want you to know related to the housing market. The mainstream media is completely silent about this shocking truth. The mainstream media is completely silent about this shocking truth. Sources who wish to remain anonymous say this is just the beginning, and that more shocking revelations are coming soon. Do your own research!",News,fake
A POPULAR BLOGGER SAY THE GOVERNMENT IS HIDING THE CURE FOR CANCER about THE HOUSING MARKET!!!,"Share before it gets deleted! A popular blogger say the government is hiding the cure for cancer related to the housing market. This proves once and for all what they've been hiding all along. The mainstream media is completely silent about this shocking truth. Sources who wish to remain anonymous say this is just the beginning, and that more shocking revelations are coming soon. Do your own research!",News,fake
A SECRET GOVERNMENT MEMO WARN THAT THE WORLD WILL END NEXT MONTH about THE HOUSING MARKET!!!,"Share before it gets deleted! A secret government memo warn that the world will end next month related to the housing market. This proves once and for all what they've been hiding all along. Nobody is talking about this and that should scare you. Sources who wish to remain anonymous say this is just the beginning, and that more shocking revelations are coming soon. Do your own research!",News,fake
AN UNNAMED SOURCE CLOSE TO THE FAMILY CONFIRM ALIENS ARE HIDING AMONG US about A MAJOR SPORTS EVENT!!!,"Experts are too afraid to speak up! An unnamed source close to the family confirm aliens are hiding among us related to a major sports event. This proves once and for all what they've been hiding all along. Nobody is talking about this and that should scare you. Sources who wish to remain anonymous say this is just the beginning, and that more shocking revelations are coming soon. Do your own research!",News,fake
CELEBRITIES SHOW THE SHOCKING SECRET BEHIND THE SCENES about THE ECONOMY!!!,"This has been hidden from the public for years! Celebrities show the shocking secret behind the scenes related to the economy. Forward this to everyone you know before it's too late!!! Click here now before this post gets taken down forever. Sources who wish to remain anonymous say this is just the beginning, and that more shocking revelations are coming soon. Do your own research!",News,fake
SCIENTISTS YOU'VE NEVER HEARD OF EXPOSE A MASSIVE COVER-UP about A TECH COMPANY'S NEW PRODUCT!!!,"The mainstream media refuses to report this! Scientists you've never heard of expose a massive cover-up related to a tech company's new product. Nobody is talking about this and that should scare you. Forward this to everyone you know before it's too late!!! Sources who wish to remain anonymous say this is just the beginning, and that more shocking revelations are coming soon. Do your own research!",News,fake
DOCTORS SHOW THE SHOCKING SECRET BEHIND THE SCENES about CLIMATE CHANGE!!!,"Experts are too afraid to speak up! Doctors show the shocking secret behind the scenes related to climate change. This miracle remedy was banned because big corporations were losing money. Click here now before this post gets taken down forever. Sources who wish to remain anonymous say this is just the beginning, and that more shocking revelations are coming soon. Do your own research!",News,fake
A SECRET GOVERNMENT MEMO CLAIM THE ELECTION WAS COMPLETELY RIGGED about A VIRAL HEALTH TREND!!!,"This has been hidden from the public for years! A secret government memo claim the election was completely rigged related to a viral health trend. Thousands of people are waking up to the truth every single day. The mainstream media is completely silent about this shocking truth. Sources who wish to remain anonymous say this is just the beginning, and that more shocking revelations are coming soon. Do your own research!",News,fake
A POPULAR BLOGGER SAY THE GOVERNMENT IS HIDING THE CURE FOR CANCER about THE ECONOMY!!!,"They don't want you to see this! A popular blogger say the government is hiding the cure for cancer related to the economy. This proves once and for all what they've been hiding all along. The mainstream media is completely silent about this shocking truth. Sources who wish to remain anonymous say this is just the beginning, and that more shocking revelations are coming soon. Do your own research!",News,fake
A SECRET GOVERNMENT MEMO EXPOSE A MASSIVE COVER-UP about A NATURAL DISASTER!!!,"You won't believe what happens next! A secret government memo expose a massive cover-up related to a natural disaster. This proves once and for all what they've been hiding all along. Forward this to everyone you know before it's too late!!! Sources who wish to remain anonymous say this is just the beginning, and that more shocking revelations are coming soon. Do your own research!",News,fake
AN UNNAMED SOURCE CLOSE TO THE FAMILY INSIST THE MOON LANDING WAS STAGED about CLIMATE CHANGE!!!,"The mainstream media refuses to report this! An unnamed source close to the family insist the moon landing was staged related to climate change. Forward this to everyone you know before it's too late!!! This proves once and for all what they've been hiding all along. Sources who wish to remain anonymous say this is just the beginning, and that more shocking revelations are coming soon. Do your own research!",News,fake
A MYSTERIOUS WHISTLEBLOWER LEAK PROOF OF A GLOBAL CONSPIRACY about CLIMATE CHANGE!!!,"Share before it gets deleted! A mysterious whistleblower leak proof of a global conspiracy related to climate change. Nobody is talking about this and that should scare you. The mainstream media is completely silent about this shocking truth. Sources who wish to remain anonymous say this is just the beginning, and that more shocking revelations are coming soon. Do your own research!",News,fake
A SECRET GOVERNMENT MEMO LEAK PROOF OF A GLOBAL CONSPIRACY about A POLITICAL SCANDAL!!!,"This has been hidden from the public for years! A secret government memo leak proof of a global conspiracy related to a political scandal. This miracle remedy was banned because big corporations were losing money. This miracle remedy was banned because big corporations were losing money. Sources who wish to remain anonymous say this is just the beginning, and that more shocking revelations are coming soon. Do your own research!",News,fake
AN UNNAMED SOURCE CLOSE TO THE FAMILY CLAIM THE ELECTION WAS COMPLETELY RIGGED about THE UPCOMING ELECTION!!!,"The mainstream media refuses to report this! An unnamed source close to the family claim the election was completely rigged related to the upcoming election. The mainstream media is completely silent about this shocking truth. Click here now before this post gets taken down forever. Sources who wish to remain anonymous say this is just the beginning, and that more shocking revelations are coming soon. Do your own research!",News,fake
A SELF-PROCLAIMED EXPERT LEAK PROOF OF A GLOBAL CONSPIRACY about THE STOCK MARKET!!!,"This has been hidden from the public for years! A self-proclaimed expert leak proof of a global conspiracy related to the stock market. Nobody is talking about this and that should scare you. Thousands of people are waking up to the truth every single day. Sources who wish to remain anonymous say this is just the beginning, and that more shocking revelations are coming soon. Do your own research!",News,fake
A SHOCKING NEW REPORT CLAIM THE ELECTION WAS COMPLETELY RIGGED about A VIRAL HEALTH TREND!!!,"Wake up people, this is huge! A shocking new report claim the election was completely rigged related to a viral health trend. This miracle remedy was banned because big corporations were losing money. Share this NOW so the truth can finally come out!!! Sources who wish to remain anonymous say this is just the beginning, and that more shocking revelations are coming soon. Do your own research!",News,fake
A MYSTERIOUS WHISTLEBLOWER INSIST THE MOON LANDING WAS STAGED about THE NEW VACCINE!!!,"This will shock you! A mysterious whistleblower insist the moon landing was staged related to the new vaccine. Forward this to everyone you know before it's too late!!! Thousands of people are waking up to the truth every single day. Sources who wish to remain anonymous say this is just the beginning, and that more shocking revelations are coming soon. Do your own research!",News,fake
SCIENTISTS YOU'VE NEVER HEARD OF SHOW THE SHOCKING SECRET BEHIND THE SCENES about THE ECONOMY!!!,"Wake up people, this is huge! Scientists you've never heard of show the shocking secret behind the scenes related to the economy. Nobody is talking about this and that should scare you. Thousands of people are waking up to the truth every single day. Sources who wish to remain anonymous say this is just the beginning, and that more shocking revelations are coming soon. Do your own research!",News,fake
A POPULAR BLOGGER INSIST THE MOON LANDING WAS STAGED about THE EDUCATION SYSTEM!!!,"Share before it gets deleted! A popular blogger insist the moon landing was staged related to the education system. Forward this to everyone you know before it's too late!!! This proves once and for all what they've been hiding all along. Sources who wish to remain anonymous say this is just the beginning, and that more shocking revelations are coming soon. Do your own research!",News,fake
SCIENTISTS YOU'VE NEVER HEARD OF EXPOSE A MASSIVE COVER-UP about THE ECONOMY!!!,"They don't want you to see this! Scientists you've never heard of expose a massive cover-up related to the economy. Share this NOW so the truth can finally come out!!! Forward this to everyone you know before it's too late!!! Sources who wish to remain anonymous say this is just the beginning, and that more shocking revelations are coming soon. Do your own research!",News,fake
DOCTORS SAY THE VACCINE SECRETLY CONTAINS MICROCHIPS about THE UPCOMING ELECTION!!!,"This has been hidden from the public for years! Doctors say the vaccine secretly contains microchips related to the upcoming election. This proves once and for all what they've been hiding all along. The mainstream media is completely silent about this shocking truth. Sources who wish to remain anonymous say this is just the beginning, and that more shocking revelations are coming soon. Do your own research!",News,fake
A VIRAL POST REVEAL CELEBRITIES ARE ACTUALLY ROBOTS about THE HOUSING MARKET!!!,"Wake up people, this is huge! A viral post reveal celebrities are actually robots related to the housing market. Forward this to everyone you know before it's too late!!! Forward this to everyone you know before it's too late!!! Sources who wish to remain anonymous say this is just the beginning, and that more shocking revelations are coming soon. Do your own research!",News,fake
SOCIAL MEDIA USERS WARN THAT THE WORLD WILL END NEXT MONTH about THE STOCK MARKET!!!,"You won't believe what happens next! Social media users warn that the world will end next month related to the stock market. Nobody is talking about this and that should scare you. Nobody is talking about this and that should scare you. Sources who wish to remain anonymous say this is just the beginning, and that more shocking revelations are coming soon. Do your own research!",News,fake
A SELF-PROCLAIMED EXPERT SAY THE VACCINE SECRETLY CONTAINS MICROCHIPS about A GLOBAL PANDEMIC!!!,"This has been hidden from the public for years! A self-proclaimed expert say the vaccine secretly contains microchips related to a global pandemic. Forward this to everyone you know before it's too late!!! Click here now before this post gets taken down forever. Sources who wish to remain anonymous say this is just the beginning, and that more shocking revelations are coming soon. Do your own research!",News,fake
A SECRET GOVERNMENT MEMO INSIST THE MOON LANDING WAS STAGED about THE HOUSING MARKET!!!,"This has been hidden from the public for years! A secret government memo insist the moon landing was staged related to the housing market. Thousands of people are waking up to the truth every single day. This proves once and for all what they've been hiding all along. Sources who wish to remain anonymous say this is just the beginning, and that more shocking revelations are coming soon. Do your own research!",News,fake
CELEBRITIES REVEAL CELEBRITIES ARE ACTUALLY ROBOTS about THE UPCOMING ELECTION!!!,"Share before it gets deleted! Celebrities reveal celebrities are actually robots related to the upcoming election. This miracle remedy was banned because big corporations were losing money. Thousands of people are waking up to the truth every single day. Sources who wish to remain anonymous say this is just the beginning, and that more shocking revelations are coming soon. Do your own research!",News,fake
A MYSTERIOUS WHISTLEBLOWER WARN THAT THE WORLD WILL END NEXT MONTH about THE STOCK MARKET!!!,"Share before it gets deleted! A mysterious whistleblower warn that the world will end next month related to the stock market. The mainstream media is completely silent about this shocking truth. The mainstream media is completely silent about this shocking truth. Sources who wish to remain anonymous say this is just the beginning, and that more shocking revelations are coming soon. Do your own research!",News,fake
A LEAKED DOCUMENT LEAK PROOF OF A GLOBAL CONSPIRACY about A NEW TECHNOLOGY!!!,"They don't want you to see this! A leaked document leak proof of a global conspiracy related to a new technology. Click here now before this post gets taken down forever. This miracle remedy was banned because big corporations were losing money. Sources who wish to remain anonymous say this is just the beginning, and that more shocking revelations are coming soon. Do your own research!",News,fake
A MYSTERIOUS WHISTLEBLOWER CLAIM THE ELECTION WAS COMPLETELY RIGGED about A VIRAL HEALTH TREND!!!,"They don't want you to see this! A mysterious whistleblower claim the election was completely rigged related to a viral health trend. Thousands of people are waking up to the truth every single day. Thousands of people are waking up to the truth every single day. Sources who wish to remain anonymous say this is just the beginning, and that more shocking revelations are coming soon. Do your own research!",News,fake
AN ANONYMOUS INSIDER REVEAL CELEBRITIES ARE ACTUALLY ROBOTS about THE EDUCATION SYSTEM!!!,"Wake up people, this is huge! An anonymous insider reveal celebrities are actually robots related to the education system. Nobody is talking about this and that should scare you. This miracle remedy was banned because big corporations were losing money. Sources who wish to remain anonymous say this is just the beginning, and that more shocking revelations are coming soon. Do your own research!",News,fake
A VIRAL POST EXPOSE A MASSIVE COVER-UP about A MAJOR SPORTS EVENT!!!,"You won't believe what happens next! A viral post expose a massive cover-up related to a major sports event. Forward this to everyone you know before it's too late!!! Click here now before this post gets taken down forever. Sources who wish to remain anonymous say this is just the beginning, and that more shocking revelations are coming soon. Do your own research!",News,fake
AN ANONYMOUS INSIDER SHOW THE SHOCKING SECRET BEHIND THE SCENES about THE EDUCATION SYSTEM!!!,"Wake up people, this is huge! An anonymous insider show the shocking secret behind the scenes related to the education system. Nobody is talking about this and that should scare you. Share this NOW so the truth can finally come out!!! Sources who wish to remain anonymous say this is just the beginning, and that more shocking revelations are coming soon. Do your own research!",News,fake
SOCIAL MEDIA USERS CONFIRM ALIENS ARE HIDING AMONG US about A VIRAL HEALTH TREND!!!,"This has been hidden from the public for years! Social media users confirm aliens are hiding among us related to a viral health trend. Forward this to everyone you know before it's too late!!! The mainstream media is completely silent about this shocking truth. Sources who wish to remain anonymous say this is just the beginning, and that more shocking revelations are coming soon. Do your own research!",News,fake
SOCIAL MEDIA USERS CLAIM THIS ONE WEIRD TRICK CURES EVERYTHING about THE HOUSING MARKET!!!,"This has been hidden from the public for years! Social media users claim this one weird trick cures everything related to the housing market. Forward this to everyone you know before it's too late!!! Thousands of people are waking up to the truth every single day. Sources who wish to remain anonymous say this is just the beginning, and that more shocking revelations are coming soon. Do your own research!",News,fake
CELEBRITIES WARN THAT THE WORLD WILL END NEXT MONTH about A POPULAR CELEBRITY!!!,"This has been hidden from the public for years! Celebrities warn that the world will end next month related to a popular celebrity. Forward this to everyone you know before it's too late!!! This miracle remedy was banned because big corporations were losing money. Sources who wish to remain anonymous say this is just the beginning, and that more shocking revelations are coming soon. Do your own research!",News,fake
A MYSTERIOUS WHISTLEBLOWER CLAIM THE ELECTION WAS COMPLETELY RIGGED about A MAJOR SPORTS EVENT!!!,"Share before it gets deleted! A mysterious whistleblower claim the election was completely rigged related to a major sports event. This proves once and for all what they've been hiding all along. Nobody is talking about this and that should scare you. Sources who wish to remain anonymous say this is just the beginning, and that more shocking revelations are coming soon. Do your own research!",News,fake
A SECRET GOVERNMENT MEMO SAY THE VACCINE SECRETLY CONTAINS MICROCHIPS about THE EDUCATION SYSTEM!!!,"Experts are too afraid to speak up! A secret government memo say the vaccine secretly contains microchips related to the education system. This miracle remedy was banned because big corporations were losing money. The mainstream media is completely silent about this shocking truth. Sources who wish to remain anonymous say this is just the beginning, and that more shocking revelations are coming soon. Do your own research!",News,fake
AN UNNAMED SOURCE CLOSE TO THE FAMILY INSIST THE MOON LANDING WAS STAGED about THE EDUCATION SYSTEM!!!,"This has been hidden from the public for years! An unnamed source close to the family insist the moon landing was staged related to the education system. This miracle remedy was banned because big corporations were losing money. This proves once and for all what they've been hiding all along. Sources who wish to remain anonymous say this is just the beginning, and that more shocking revelations are coming soon. Do your own research!",News,fake
A POPULAR BLOGGER SAY THE GOVERNMENT IS HIDING THE CURE FOR CANCER about CLIMATE CHANGE!!!,"Share before it gets deleted! A popular blogger say the government is hiding the cure for cancer related to climate change. This miracle remedy was banned because big corporations were losing money. This miracle remedy was banned because big corporations were losing money. Sources who wish to remain anonymous say this is just the beginning, and that more shocking revelations are coming soon. Do your own research!",News,fake
SOCIAL MEDIA USERS SHOW THE SHOCKING SECRET BEHIND THE SCENES about A NATURAL DISASTER!!!,"They don't want you to see this! Social media users show the shocking secret behind the scenes related to a natural disaster. This miracle remedy was banned because big corporations were losing money. The mainstream media is completely silent about this shocking truth. Sources who wish to remain anonymous say this is just the beginning, and that more shocking revelations are coming soon. Do your own research!",News,fake
CELEBRITIES SHOW THE SHOCKING SECRET BEHIND THE SCENES about THE HOUSING MARKET!!!,"Wake up people, this is huge! Celebrities show the shocking secret behind the scenes related to the housing market. Forward this to everyone you know before it's too late!!! Share this NOW so the truth can finally come out!!! Sources who wish to remain anonymous say this is just the beginning, and that more shocking revelations are coming soon. Do your own research!",News,fake
A SECRET GOVERNMENT MEMO CLAIM THE ELECTION WAS COMPLETELY RIGGED about THE UPCOMING ELECTION!!!,"You won't believe what happens next! A secret government memo claim the election was completely rigged related to the upcoming election. Click here now before this post gets taken down forever. Thousands of people are waking up to the truth every single day. Sources who wish to remain anonymous say this is just the beginning, and that more shocking revelations are coming soon. Do your own research!",News,fake
AN ANONYMOUS INSIDER CLAIM THIS ONE WEIRD TRICK CURES EVERYTHING about THE STOCK MARKET!!!,"They don't want you to see this! An anonymous insider claim this one weird trick cures everything related to the stock market. The mainstream media is completely silent about this shocking truth. Forward this to everyone you know before it's too late!!! Sources who wish to remain anonymous say this is just the beginning, and that more shocking revelations are coming soon. Do your own research!",News,fake
CELEBRITIES INSIST THE MOON LANDING WAS STAGED about A GLOBAL PANDEMIC!!!,"Experts are too afraid to speak up! Celebrities insist the moon landing was staged related to a global pandemic. Forward this to everyone you know before it's too late!!! The mainstream media is completely silent about this shocking truth. Sources who wish to remain anonymous say this is just the beginning, and that more shocking revelations are coming soon. Do your own research!",News,fake
A MYSTERIOUS WHISTLEBLOWER LEAK PROOF OF A GLOBAL CONSPIRACY about A POPULAR CELEBRITY!!!,"This will shock you! A mysterious whistleblower leak proof of a global conspiracy related to a popular celebrity. Share this NOW so the truth can finally come out!!! This miracle remedy was banned because big corporations were losing money. Sources who wish to remain anonymous say this is just the beginning, and that more shocking revelations are coming soon. Do your own research!",News,fake
SOCIAL MEDIA USERS EXPOSE A MASSIVE COVER-UP about THE NEW VACCINE!!!,"You won't believe what happens next! Social media users expose a massive cover-up related to the new vaccine. The mainstream media is completely silent about this shocking truth. Share this NOW so the truth can finally come out!!! Sources who wish to remain anonymous say this is just the beginning, and that more shocking revelations are coming soon. Do your own research!",News,fake
AN UNNAMED SOURCE CLOSE TO THE FAMILY CLAIM THE ELECTION WAS COMPLETELY RIGGED about A GLOBAL PANDEMIC!!!,"Experts are too afraid to speak up! An unnamed source close to the family claim the election was completely rigged related to a global pandemic. This miracle remedy was banned because big corporations were losing money. Share this NOW so the truth can finally come out!!! Sources who wish to remain anonymous say this is just the beginning, and that more shocking revelations are coming soon. Do your own research!",News,fake
SOCIAL MEDIA USERS SAY THE VACCINE SECRETLY CONTAINS MICROCHIPS about THE ECONOMY!!!,"The mainstream media refuses to report this! Social media users say the vaccine secretly contains microchips related to the economy. The mainstream media is completely silent about this shocking truth. Forward this to everyone you know before it's too late!!! Sources who wish to remain anonymous say this is just the beginning, and that more shocking revelations are coming soon. Do your own research!",News,fake
A LEAKED DOCUMENT CLAIM THIS ONE WEIRD TRICK CURES EVERYTHING about THE STOCK MARKET!!!,"Experts are too afraid to speak up! A leaked document claim this one weird trick cures everything related to the stock market. Thousands of people are waking up to the truth every single day. Forward this to everyone you know before it's too late!!! Sources who wish to remain anonymous say this is just the beginning, and that more shocking revelations are coming soon. Do your own research!",News,fake
SCIENTISTS YOU'VE NEVER HEARD OF REVEAL CELEBRITIES ARE ACTUALLY ROBOTS about A POLITICAL SCANDAL!!!,"Experts are too afraid to speak up! Scientists you've never heard of reveal celebrities are actually robots related to a political scandal. Forward this to everyone you know before it's too late!!! The mainstream media is completely silent about this shocking truth. Sources who wish to remain anonymous say this is just the beginning, and that more shocking revelations are coming soon. Do your own research!",News,fake
A VIRAL POST CONFIRM ALIENS ARE HIDING AMONG US about A GLOBAL PANDEMIC!!!,"Experts are too afraid to speak up! A viral post confirm aliens are hiding among us related to a global pandemic. Share this NOW so the truth can finally come out!!! Share this NOW so the truth can finally come out!!! Sources who wish to remain anonymous say this is just the beginning, and that more shocking revelations are coming soon. Do your own research!",News,fake
AN UNNAMED SOURCE CLOSE TO THE FAMILY CONFIRM ALIENS ARE HIDING AMONG US about A POLITICAL SCANDAL!!!,"Wake up people, this is huge! An unnamed source close to the family confirm aliens are hiding among us related to a political scandal. This proves once and for all what they've been hiding all along. Forward this to everyone you know before it's too late!!! Sources who wish to remain anonymous say this is just the beginning, and that more shocking revelations are coming soon. Do your own research!",News,fake
A VIRAL POST CLAIM THE ELECTION WAS COMPLETELY RIGGED about A POLITICAL SCANDAL!!!,"Experts are too afraid to speak up! A viral post claim the election was completely rigged related to a political scandal. Nobody is talking about this and that should scare you. The mainstream media is completely silent about this shocking truth. Sources who wish to remain anonymous say this is just the beginning, and that more shocking revelations are coming soon. Do your own research!",News,fake
A POPULAR BLOGGER CLAIM THE ELECTION WAS COMPLETELY RIGGED about CLIMATE CHANGE!!!,"This has been hidden from the public for years! A popular blogger claim the election was completely rigged related to climate change. The mainstream media is completely silent about this shocking truth. Click here now before this post gets taken down forever. Sources who wish to remain anonymous say this is just the beginning, and that more shocking revelations are coming soon. Do your own research!",News,fake
CELEBRITIES EXPOSE A MASSIVE COVER-UP about A NEW TECHNOLOGY!!!,"Experts are too afraid to speak up! Celebrities expose a massive cover-up related to a new technology. Click here now before this post gets taken down forever. Thousands of people are waking up to the truth every single day. Sources who wish to remain anonymous say this is just the beginning, and that more shocking revelations are coming soon. Do your own research!",News,fake
A MYSTERIOUS WHISTLEBLOWER EXPOSE A MASSIVE COVER-UP about A NEW TECHNOLOGY!!!,"This will shock you! A mysterious whistleblower expose a massive cover-up related to a new technology. Forward this to everyone you know before it's too late!!! Share this NOW so the truth can finally come out!!! Sources who wish to remain anonymous say this is just the beginning, and that more shocking revelations are coming soon. Do your own research!",News,fake
SOCIAL MEDIA USERS REVEAL CELEBRITIES ARE ACTUALLY ROBOTS about A POLITICAL SCANDAL!!!,"They don't want you to see this! Social media users reveal celebrities are actually robots related to a political scandal. Nobody is talking about this and that should scare you. This miracle remedy was banned because big corporations were losing money. Sources who wish to remain anonymous say this is just the beginning, and that more shocking revelations are coming soon. Do your own research!",News,fake
A LEAKED DOCUMENT INSIST THE MOON LANDING WAS STAGED about THE ECONOMY!!!,"This will shock you! A leaked document insist the moon landing was staged related to the economy. Click here now before this post gets taken down forever. Forward this to everyone you know before it's too late!!! Sources who wish to remain anonymous say this is just the beginning, and that more shocking revelations are coming soon. Do your own research!",News,fake
A SECRET GOVERNMENT MEMO REVEAL CELEBRITIES ARE ACTUALLY ROBOTS about THE ECONOMY!!!,"They don't want you to see this! A secret government memo reveal celebrities are actually robots related to the economy. Click here now before this post gets taken down forever. Thousands of people are waking up to the truth every single day. Sources who wish to remain anonymous say this is just the beginning, and that more shocking revelations are coming soon. Do your own research!",News,fake
A MYSTERIOUS WHISTLEBLOWER SHOW THE SHOCKING SECRET BEHIND THE SCENES about A POPULAR CELEBRITY!!!,"This will shock you! A mysterious whistleblower show the shocking secret behind the scenes related to a popular celebrity. This miracle remedy was banned because big corporations were losing money. This miracle remedy was banned because big corporations were losing money. Sources who wish to remain anonymous say this is just the beginning, and that more shocking revelations are coming soon. Do your own research!",News,fake
AN UNNAMED SOURCE CLOSE TO THE FAMILY CONFIRM ALIENS ARE HIDING AMONG US about A POPULAR CELEBRITY!!!,"Experts are too afraid to speak up! An unnamed source close to the family confirm aliens are hiding among us related to a popular celebrity. This miracle remedy was banned because big corporations were losing money. Click here now before this post gets taken down forever. Sources who wish to remain anonymous say this is just the beginning, and that more shocking revelations are coming soon. Do your own research!",News,fake
AN UNNAMED SOURCE CLOSE TO THE FAMILY SHOW THE SHOCKING SECRET BEHIND THE SCENES about CLIMATE CHANGE!!!,"You won't believe what happens next! An unnamed source close to the family show the shocking secret behind the scenes related to climate change. Forward this to everyone you know before it's too late!!! Share this NOW so the truth can finally come out!!! Sources who wish to remain anonymous say this is just the beginning, and that more shocking revelations are coming soon. Do your own research!",News,fake
A SECRET GOVERNMENT MEMO LEAK PROOF OF A GLOBAL CONSPIRACY about CLIMATE CHANGE!!!,"This has been hidden from the public for years! A secret government memo leak proof of a global conspiracy related to climate change. Share this NOW so the truth can finally come out!!! Nobody is talking about this and that should scare you. Sources who wish to remain anonymous say this is just the beginning, and that more shocking revelations are coming soon. Do your own research!",News,fake
A POPULAR BLOGGER WARN THAT THE WORLD WILL END NEXT MONTH about A TECH COMPANY'S NEW PRODUCT!!!,"This will shock you! A popular blogger warn that the world will end next month related to a tech company's new product. Share this NOW so the truth can finally come out!!! The mainstream media is completely silent about this shocking truth. Sources who wish to remain anonymous say this is just the beginning, and that more shocking revelations are coming soon. Do your own research!",News,fake
AN ANONYMOUS INSIDER CLAIM THE ELECTION WAS COMPLETELY RIGGED about A GLOBAL PANDEMIC!!!,"They don't want you to see this! An anonymous insider claim the election was completely rigged related to a global pandemic. Nobody is talking about this and that should scare you. This proves once and for all what they've been hiding all along. Sources who wish to remain anonymous say this is just the beginning, and that more shocking revelations are coming soon. Do your own research!",News,fake
CELEBRITIES CLAIM THIS ONE WEIRD TRICK CURES EVERYTHING about A NEW TECHNOLOGY!!!,"This will shock you! Celebrities claim this one weird trick cures everything related to a new technology. The mainstream media is completely silent about this shocking truth. Nobody is talking about this and that should scare you. Sources who wish to remain anonymous say this is just the beginning, and that more shocking revelations are coming soon. Do your own research!",News,fake
AN UNNAMED SOURCE CLOSE TO THE FAMILY REVEAL THE TRUTH THEY DON'T WANT YOU TO KNOW about A TECH COMPANY'S NEW PRODUCT!!!,"This has been hidden from the public for years! An unnamed source close to the family reveal the truth they don't want you to know related to a tech company's new product. The mainstream media is completely silent about this shocking truth. Nobody is talking about this and that should scare you. Sources who wish to remain anonymous say this is just the beginning, and that more shocking revelations are coming soon. Do your own research!",News,fake
A LEAKED DOCUMENT CLAIM THE ELECTION WAS COMPLETELY RIGGED about THE UPCOMING ELECTION!!!,"This has been hidden from the public for years! A leaked document claim the election was completely rigged related to the upcoming election. Thousands of people are waking up to the truth every single day. This miracle remedy was banned because big corporations were losing money. Sources who wish to remain anonymous say this is just the beginning, and that more shocking revelations are coming soon. Do your own research!",News,fake
A MYSTERIOUS WHISTLEBLOWER LEAK PROOF OF A GLOBAL CONSPIRACY about THE HOUSING MARKET!!!,"Experts are too afraid to speak up! A mysterious whistleblower leak proof of a global conspiracy related to the housing market. Thousands of people are waking up to the truth every single day. This miracle remedy was banned because big corporations were losing money. Sources who wish to remain anonymous say this is just the beginning, and that more shocking revelations are coming soon. Do your own research!",News,fake
A POPULAR BLOGGER CLAIM THE ELECTION WAS COMPLETELY RIGGED about THE STOCK MARKET!!!,"Wake up people, this is huge! A popular blogger claim the election was completely rigged related to the stock market. The mainstream media is completely silent about this shocking truth. Share this NOW so the truth can finally come out!!! Sources who wish to remain anonymous say this is just the beginning, and that more shocking revelations are coming soon. Do your own research!",News,fake
A SHOCKING NEW REPORT SHOW THE SHOCKING SECRET BEHIND THE SCENES about THE NEW VACCINE!!!,"You won't believe what happens next! A shocking new report show the shocking secret behind the scenes related to the new vaccine. Thousands of people are waking up to the truth every single day. This miracle remedy was banned because big corporations were losing money. Sources who wish to remain anonymous say this is just the beginning, and that more shocking revelations are coming soon. Do your own research!",News,fake
CELEBRITIES REVEAL CELEBRITIES ARE ACTUALLY ROBOTS about A MAJOR SPORTS EVENT!!!,"They don't want you to see this! Celebrities reveal celebrities are actually robots related to a major sports event. Share this NOW so the truth can finally come out!!! Thousands of people are waking up to the truth every single day. Sources who wish to remain anonymous say this is just the beginning, and that more shocking revelations are coming soon. Do your own research!",News,fake
SOCIAL MEDIA USERS CONFIRM ALIENS ARE HIDING AMONG US about A VIRAL HEALTH TREND!!!,"This will shock you! Social media users confirm aliens are hiding among us related to a viral health trend. Forward this to everyone you know before it's too late!!! This proves once and for all what they've been hiding all along. Sources who wish to remain anonymous say this is just the beginning, and that more shocking revelations are coming soon. Do your own research!",News,fake
DOCTORS INSIST THE MOON LANDING WAS STAGED about THE NEW VACCINE!!!,"Experts are too afraid to speak up! Doctors insist the moon landing was staged related to the new vaccine. Click here now before this post gets taken down forever. Forward this to everyone you know before it's too late!!! Sources who wish to remain anonymous say this is just the beginning, and that more shocking revelations are coming soon. Do your own research!",News,fake
A LEAKED DOCUMENT LEAK PROOF OF A GLOBAL CONSPIRACY about THE HOUSING MARKET!!!,"This has been hidden from the public for years! A leaked document leak proof of a global conspiracy related to the housing market. Thousands of people are waking up to the truth every single day. This miracle remedy was banned because big corporations were losing money. Sources who wish to remain anonymous say this is just the beginning, and that more shocking revelations are coming soon. Do your own research!",News,fake
A LEAKED DOCUMENT WARN THAT THE WORLD WILL END NEXT MONTH about A TECH COMPANY'S NEW PRODUCT!!!,"They don't want you to see this! A leaked document warn that the world will end next month related to a tech company's new product. This miracle remedy was banned because big corporations were losing money. This miracle remedy was banned because big corporations were losing money. Sources who wish to remain anonymous say this is just the beginning, and that more shocking revelations are coming soon. Do your own research!",News,fake
AN ANONYMOUS INSIDER REVEAL THE TRUTH THEY DON'T WANT YOU TO KNOW about A NATURAL DISASTER!!!,"Share before it gets deleted! An anonymous insider reveal the truth they don't want you to know related to a natural disaster. This proves once and for all what they've been hiding all along. Share this NOW so the truth can finally come out!!! Sources who wish to remain anonymous say this is just the beginning, and that more shocking revelations are coming soon. Do your own research!",News,fake
AN UNNAMED SOURCE CLOSE TO THE FAMILY LEAK PROOF OF A GLOBAL CONSPIRACY about A MAJOR SPORTS EVENT!!!,"Wake up people, this is huge! An unnamed source close to the family leak proof of a global conspiracy related to a major sports event. Nobody is talking about this and that should scare you. Thousands of people are waking up to the truth every single day. Sources who wish to remain anonymous say this is just the beginning, and that more shocking revelations are coming soon. Do your own research!",News,fake
SOCIAL MEDIA USERS REVEAL CELEBRITIES ARE ACTUALLY ROBOTS about A MAJOR SPORTS EVENT!!!,"They don't want you to see this! Social media users reveal celebrities are actually robots related to a major sports event. Nobody is talking about this and that should scare you. Forward this to everyone you know before it's too late!!! Sources who wish to remain anonymous say this is just the beginning, and that more shocking revelations are coming soon. Do your own research!",News,fake
A POPULAR BLOGGER SHOW THE SHOCKING SECRET BEHIND THE SCENES about CLIMATE CHANGE!!!,"This will shock you! A popular blogger show the shocking secret behind the scenes related to climate change. Click here now before this post gets taken down forever. Share this NOW so the truth can finally come out!!! Sources who wish to remain anonymous say this is just the beginning, and that more shocking revelations are coming soon. Do your own research!",News,fake
A SELF-PROCLAIMED EXPERT SAY THE GOVERNMENT IS HIDING THE CURE FOR CANCER about A VIRAL HEALTH TREND!!!,"They don't want you to see this! A self-proclaimed expert say the government is hiding the cure for cancer related to a viral health trend. Forward this to everyone you know before it's too late!!! Nobody is talking about this and that should scare you. Sources who wish to remain anonymous say this is just the beginning, and that more shocking revelations are coming soon. Do your own research!",News,fake
A POPULAR BLOGGER INSIST THE MOON LANDING WAS STAGED about A MAJOR SPORTS EVENT!!!,"Experts are too afraid to speak up! A popular blogger insist the moon landing was staged related to a major sports event. Nobody is talking about this and that should scare you. Click here now before this post gets taken down forever. Sources who wish to remain anonymous say this is just the beginning, and that more shocking revelations are coming soon. Do your own research!",News,fake
DOCTORS SAY THE GOVERNMENT IS HIDING THE CURE FOR CANCER about A VIRAL HEALTH TREND!!!,"Wake up people, this is huge! Doctors say the government is hiding the cure for cancer related to a viral health trend. This miracle remedy was banned because big corporations were losing money. Forward this to everyone you know before it's too late!!! Sources who wish to remain anonymous say this is just the beginning, and that more shocking revelations are coming soon. Do your own research!",News,fake
AN ANONYMOUS INSIDER REVEAL CELEBRITIES ARE ACTUALLY ROBOTS about A TECH COMPANY'S NEW PRODUCT!!!,"This will shock you! An anonymous insider reveal celebrities are actually robots related to a tech company's new product. Click here now before this post gets taken down forever. Click here now before this post gets taken down forever. Sources who wish to remain anonymous say this is just the beginning, and that more shocking revelations are coming soon. Do your own research!",News,fake
SOCIAL MEDIA USERS REVEAL THE TRUTH THEY DON'T WANT YOU TO KNOW about A GLOBAL PANDEMIC!!!,"Share before it gets deleted! Social media users reveal the truth they don't want you to know related to a global pandemic. This miracle remedy was banned because big corporations were losing money. Share this NOW so the truth can finally come out!!! Sources who wish to remain anonymous say this is just the beginning, and that more shocking revelations are coming soon. Do your own research!",News,fake
AN ANONYMOUS INSIDER REVEAL CELEBRITIES ARE ACTUALLY ROBOTS about THE STOCK MARKET!!!,"You won't believe what happens next! An anonymous insider reveal celebrities are actually robots related to the stock market. The mainstream media is completely silent about this shocking truth. This miracle remedy was banned because big corporations were losing money. Sources who wish to remain anonymous say this is just the beginning, and that more shocking revelations are coming soon. Do your own research!",News,fake
A VIRAL POST SAY THE GOVERNMENT IS HIDING THE CURE FOR CANCER about THE EDUCATION SYSTEM!!!,"Wake up people, this is huge! A viral post say the government is hiding the cure for cancer related to the education system. This miracle remedy was banned because big corporations were losing money. Thousands of people are waking up to the truth every single day. Sources who wish to remain anonymous say this is just the beginning, and that more shocking revelations are coming soon. Do your own research!",News,fake
DOCTORS WARN THAT THE WORLD WILL END NEXT MONTH about A MAJOR SPORTS EVENT!!!,"Wake up people, this is huge! Doctors warn that the world will end next month related to a major sports event. Share this NOW so the truth can finally come out!!! Click here now before this post gets taken down forever. Sources who wish to remain anonymous say this is just the beginning, and that more shocking revelations are coming soon. Do your own research!",News,fake
SCIENTISTS YOU'VE NEVER HEARD OF WARN THAT THE WORLD WILL END NEXT MONTH about THE ECONOMY!!!,"This has been hidden from the public for years! Scientists you've never heard of warn that the world will end next month related to the economy. Click here now before this post gets taken down forever. Share this NOW so the truth can finally come out!!! Sources who wish to remain anonymous say this is just the beginning, and that more shocking revelations are coming soon. Do your own research!",News,fake
AN UNNAMED SOURCE CLOSE TO THE FAMILY SAY THE GOVERNMENT IS HIDING THE CURE FOR CANCER about A TECH COMPANY'S NEW PRODUCT!!!,"Experts are too afraid to speak up! An unnamed source close to the family say the government is hiding the cure for cancer related to a tech company's new product. This proves once and for all what they've been hiding all along. Click here now before this post gets taken down forever. Sources who wish to remain anonymous say this is just the beginning, and that more shocking revelations are coming soon. Do your own research!",News,fake
A SELF-PROCLAIMED EXPERT CLAIM THE ELECTION WAS COMPLETELY RIGGED about A NEW TECHNOLOGY!!!,"This has been hidden from the public for years! A self-proclaimed expert claim the election was completely rigged related to a new technology. Thousands of people are waking up to the truth every single day. Thousands of people are waking up to the truth every single day. Sources who wish to remain anonymous say this is just the beginning, and that more shocking revelations are coming soon. Do your own research!",News,fake
A SECRET GOVERNMENT MEMO CLAIM THIS ONE WEIRD TRICK CURES EVERYTHING about THE NEW VACCINE!!!,"This has been hidden from the public for years! A secret government memo claim this one weird trick cures everything related to the new vaccine. The mainstream media is completely silent about this shocking truth. Share this NOW so the truth can finally come out!!! Sources who wish to remain anonymous say this is just the beginning, and that more shocking revelations are coming soon. Do your own research!",News,fake
DOCTORS CLAIM THE ELECTION WAS COMPLETELY RIGGED about THE ECONOMY!!!,"This will shock you! Doctors claim the election was completely rigged related to the economy. Thousands of people are waking up to the truth every single day. The mainstream media is completely silent about this shocking truth. Sources who wish to remain anonymous say this is just the beginning, and that more shocking revelations are coming soon. Do your own research!",News,fake
A SELF-PROCLAIMED EXPERT SAY THE GOVERNMENT IS HIDING THE CURE FOR CANCER about A GLOBAL PANDEMIC!!!,"Share before it gets deleted! A self-proclaimed expert say the government is hiding the cure for cancer related to a global pandemic. The mainstream media is completely silent about this shocking truth. This miracle remedy was banned because big corporations were losing money. Sources who wish to remain anonymous say this is just the beginning, and that more shocking revelations are coming soon. Do your own research!",News,fake
SCIENTISTS YOU'VE NEVER HEARD OF LEAK PROOF OF A GLOBAL CONSPIRACY about A POPULAR CELEBRITY!!!,"Experts are too afraid to speak up! Scientists you've never heard of leak proof of a global conspiracy related to a popular celebrity. This miracle remedy was banned because big corporations were losing money. The mainstream media is completely silent about this shocking truth. Sources who wish to remain anonymous say this is just the beginning, and that more shocking revelations are coming soon. Do your own research!",News,fake
DOCTORS SAY THE VACCINE SECRETLY CONTAINS MICROCHIPS about CLIMATE CHANGE!!!,"They don't want you to see this! Doctors say the vaccine secretly contains microchips related to climate change. Share this NOW so the truth can finally come out!!! The mainstream media is completely silent about this shocking truth. Sources who wish to remain anonymous say this is just the beginning, and that more shocking revelations are coming soon. Do your own research!",News,fake
AN ANONYMOUS INSIDER REVEAL CELEBRITIES ARE ACTUALLY ROBOTS about THE UPCOMING ELECTION!!!,"This has been hidden from the public for years! An anonymous insider reveal celebrities are actually robots related to the upcoming election. The mainstream media is completely silent about this shocking truth. Share this NOW so the truth can finally come out!!! Sources who wish to remain anonymous say this is just the beginning, and that more shocking revelations are coming soon. Do your own research!",News,fake
A POPULAR BLOGGER INSIST THE MOON LANDING WAS STAGED about A POLITICAL SCANDAL!!!,"They don't want you to see this! A popular blogger insist the moon landing was staged related to a political scandal. Share this NOW so the truth can finally come out!!! Forward this to everyone you know before it's too late!!! Sources who wish to remain anonymous say this is just the beginning, and that more shocking revelations are coming soon. Do your own research!",News,fake
A SELF-PROCLAIMED EXPERT LEAK PROOF OF A GLOBAL CONSPIRACY about CLIMATE CHANGE!!!,"They don't want you to see this! A self-proclaimed expert leak proof of a global conspiracy related to climate change. Nobody is talking about this and that should scare you. This proves once and for all what they've been hiding all along. Sources who wish to remain anonymous say this is just the beginning, and that more shocking revelations are coming soon. Do your own research!",News,fake
SOCIAL MEDIA USERS REVEAL THE TRUTH THEY DON'T WANT YOU TO KNOW about THE ECONOMY!!!,"The mainstream media refuses to report this! Social media users reveal the truth they don't want you to know related to the economy. This proves once and for all what they've been hiding all along. Share this NOW so the truth can finally come out!!! Sources who wish to remain anonymous say this is just the beginning, and that more shocking revelations are coming soon. Do your own research!",News,fake
DOCTORS SAY THE GOVERNMENT IS HIDING THE CURE FOR CANCER about THE STOCK MARKET!!!,"This will shock you! Doctors say the government is hiding the cure for cancer related to the stock market. Nobody is talking about this and that should scare you. The mainstream media is completely silent about this shocking truth. Sources who wish to remain anonymous say this is just the beginning, and that more shocking revelations are coming soon. Do your own research!",News,fake
AN UNNAMED SOURCE CLOSE TO THE FAMILY CLAIM THIS ONE WEIRD TRICK CURES EVERYTHING about A NATURAL DISASTER!!!,"This has been hidden from the public for years! An unnamed source close to the family claim this one weird trick cures everything related to a natural disaster. Thousands of people are waking up to the truth every single day. Click here now before this post gets taken down forever. Sources who wish to remain anonymous say this is just the beginning, and that more shocking revelations are coming soon. Do your own research!",News,fake
A SECRET GOVERNMENT MEMO SAY THE GOVERNMENT IS HIDING THE CURE FOR CANCER about THE EDUCATION SYSTEM!!!,"Wake up people, this is huge! A secret government memo say the government is hiding the cure for cancer related to the education system. Thousands of people are waking up to the truth every single day. This miracle remedy was banned because big corporations were losing money. Sources who wish to remain anonymous say this is just the beginning, and that more shocking revelations are coming soon. Do your own research!",News,fake
A LEAKED DOCUMENT REVEAL THE TRUTH THEY DON'T WANT YOU TO KNOW about A NEW TECHNOLOGY!!!,"They don't want you to see this! A leaked document reveal the truth they don't want you to know related to a new technology. Share this NOW so the truth can finally come out!!! Forward this to everyone you know before it's too late!!! Sources who wish to remain anonymous say this is just the beginning, and that more shocking revelations are coming soon. Do your own research!",News,fake
A SECRET GOVERNMENT MEMO EXPOSE A MASSIVE COVER-UP about A NATURAL DISASTER!!!,"Wake up people, this is huge! A secret government memo expose a massive cover-up related to a natural disaster. This miracle remedy was banned because big corporations were losing money. Thousands of people are waking up to the truth every single day. Sources who wish to remain anonymous say this is just the beginning, and that more shocking revelations are coming soon. Do your own research!",News,fake
A SELF-PROCLAIMED EXPERT CLAIM THIS ONE WEIRD TRICK CURES EVERYTHING about A GLOBAL PANDEMIC!!!,"Wake up people, this is huge! A self-proclaimed expert claim this one weird trick cures everything related to a global pandemic. Forward this to everyone you know before it's too late!!! Thousands of people are waking up to the truth every single day. Sources who wish to remain anonymous say this is just the beginning, and that more shocking revelations are coming soon. Do your own research!",News,fake
SCIENTISTS YOU'VE NEVER HEARD OF REVEAL THE TRUTH THEY DON'T WANT YOU TO KNOW about A VIRAL HEALTH TREND!!!,"Wake up people, this is huge! Scientists you've never heard of reveal the truth they don't want you to know related to a viral health trend. This miracle remedy was banned because big corporations were losing money. The mainstream media is completely silent about this shocking truth. Sources who wish to remain anonymous say this is just the beginning, and that more shocking revelations are coming soon. Do your own research!",News,fake
A MYSTERIOUS WHISTLEBLOWER EXPOSE A MASSIVE COVER-UP about THE STOCK MARKET!!!,"This has been hidden from the public for years! A mysterious whistleblower expose a massive cover-up related to the stock market. This proves once and for all what they've been hiding all along. Nobody is talking about this and that should scare you. Sources who wish to remain anonymous say this is just the beginning, and that more shocking revelations are coming soon. Do your own research!",News,fake
A POPULAR BLOGGER WARN THAT THE WORLD WILL END NEXT MONTH about THE NEW VACCINE!!!,"Experts are too afraid to speak up! A popular blogger warn that the world will end next month related to the new vaccine. The mainstream media is completely silent about this shocking truth. Click here now before this post gets taken down forever. Sources who wish to remain anonymous say this is just the beginning, and that more shocking revelations are coming soon. Do your own research!",News,fake
CELEBRITIES EXPOSE A MASSIVE COVER-UP about CLIMATE CHANGE!!!,"You won't believe what happens next! Celebrities expose a massive cover-up related to climate change. The mainstream media is completely silent about this shocking truth. This proves once and for all what they've been hiding all along. Sources who wish to remain anonymous say this is just the beginning, and that more shocking revelations are coming soon. Do your own research!",News,fake
DOCTORS CLAIM THIS ONE WEIRD TRICK CURES EVERYTHING about A GLOBAL PANDEMIC!!!,"Share before it gets deleted! Doctors claim this one weird trick cures everything related to a global pandemic. The mainstream media is completely silent about this shocking truth. Click here now before this post gets taken down forever. Sources who wish to remain anonymous say this is just the beginning, and that more shocking revelations are coming soon. Do your own research!",News,fake
AN ANONYMOUS INSIDER SAY THE GOVERNMENT IS HIDING THE CURE FOR CANCER about THE HOUSING MARKET!!!,"They don't want you to see this! An anonymous insider say the government is hiding the cure for cancer related to the housing market. Share this NOW so the truth can finally come out!!! This proves once and for all what they've been hiding all along. Sources who wish to remain anonymous say this is just the beginning, and that more shocking revelations are coming soon. Do your own research!",News,fake
A POPULAR BLOGGER REVEAL THE TRUTH THEY DON'T WANT YOU TO KNOW about THE STOCK MARKET!!!,"They don't want you to see this! A popular blogger reveal the truth they don't want you to know related to the stock market. This proves once and for all what they've been hiding all along. Forward this to everyone you know before it's too late!!! Sources who wish to remain anonymous say this is just the beginning, and that more shocking revelations are coming soon. Do your own research!",News,fake
A MYSTERIOUS WHISTLEBLOWER REVEAL CELEBRITIES ARE ACTUALLY ROBOTS about A NEW TECHNOLOGY!!!,"The mainstream media refuses to report this! A mysterious whistleblower reveal celebrities are actually robots related to a new technology. Thousands of people are waking up to the truth every single day. Click here now before this post gets taken down forever. Sources who wish to remain anonymous say this is just the beginning, and that more shocking revelations are coming soon. Do your own research!",News,fake
CELEBRITIES WARN THAT THE WORLD WILL END NEXT MONTH about A NATURAL DISASTER!!!,"Share before it gets deleted! Celebrities warn that the world will end next month related to a natural disaster. Forward this to everyone you know before it's too late!!! Forward this to everyone you know before it's too late!!! Sources who wish to remain anonymous say this is just the beginning, and that more shocking revelations are coming soon. Do your own research!",News,fake
A SHOCKING NEW REPORT CLAIM THE ELECTION WAS COMPLETELY RIGGED about THE ECONOMY!!!,"Wake up people, this is huge! A shocking new report claim the election was completely rigged related to the economy. The mainstream media is completely silent about this shocking truth. Forward this to everyone you know before it's too late!!! Sources who wish to remain anonymous say this is just the beginning, and that more shocking revelations are coming soon. Do your own research!",News,fake
AN UNNAMED SOURCE CLOSE TO THE FAMILY REVEAL THE TRUTH THEY DON'T WANT YOU TO KNOW about A GLOBAL PANDEMIC!!!,"This will shock you! An unnamed source close to the family reveal the truth they don't want you to know related to a global pandemic. Thousands of people are waking up to the truth every single day. Share this NOW so the truth can finally come out!!! Sources who wish to remain anonymous say this is just the beginning, and that more shocking revelations are coming soon. Do your own research!",News,fake
A VIRAL POST REVEAL THE TRUTH THEY DON'T WANT YOU TO KNOW about THE UPCOMING ELECTION!!!,"Experts are too afraid to speak up! A viral post reveal the truth they don't want you to know related to the upcoming election. The mainstream media is completely silent about this shocking truth. Thousands of people are waking up to the truth every single day. Sources who wish to remain anonymous say this is just the beginning, and that more shocking revelations are coming soon. Do your own research!",News,fake
CELEBRITIES CLAIM THE ELECTION WAS COMPLETELY RIGGED about THE ECONOMY!!!,"Wake up people, this is huge! Celebrities claim the election was completely rigged related to the economy. This proves once and for all what they've been hiding all along. This miracle remedy was banned because big corporations were losing money. Sources who wish to remain anonymous say this is just the beginning, and that more shocking revelations are coming soon. Do your own research!",News,fake
AN ANONYMOUS INSIDER SHOW THE SHOCKING SECRET BEHIND THE SCENES about A NATURAL DISASTER!!!,"The mainstream media refuses to report this! An anonymous insider show the shocking secret behind the scenes related to a natural disaster. Nobody is talking about this and that should scare you. Click here now before this post gets taken down forever. Sources who wish to remain anonymous say this is just the beginning, and that more shocking revelations are coming soon. Do your own research!",News,fake
AN ANONYMOUS INSIDER REVEAL THE TRUTH THEY DON'T WANT YOU TO KNOW about A NEW TECHNOLOGY!!!,"Wake up people, this is huge! An anonymous insider reveal the truth they don't want you to know related to a new technology. This proves once and for all what they've been hiding all along. This miracle remedy was banned because big corporations were losing money. Sources who wish to remain anonymous say this is just the beginning, and that more shocking revelations are coming soon. Do your own research!",News,fake
A MYSTERIOUS WHISTLEBLOWER SAY THE GOVERNMENT IS HIDING THE CURE FOR CANCER about A VIRAL HEALTH TREND!!!,"Share before it gets deleted! A mysterious whistleblower say the government is hiding the cure for cancer related to a viral health trend. Thousands of people are waking up to the truth every single day. The mainstream media is completely silent about this shocking truth. Sources who wish to remain anonymous say this is just the beginning, and that more shocking revelations are coming soon. Do your own research!",News,fake
CELEBRITIES SAY THE VACCINE SECRETLY CONTAINS MICROCHIPS about THE EDUCATION SYSTEM!!!,"You won't believe what happens next! Celebrities say the vaccine secretly contains microchips related to the education system. This proves once and for all what they've been hiding all along. Thousands of people are waking up to the truth every single day. Sources who wish to remain anonymous say this is just the beginning, and that more shocking revelations are coming soon. Do your own research!",News,fake
A POPULAR BLOGGER CLAIM THIS ONE WEIRD TRICK CURES EVERYTHING about THE ECONOMY!!!,"This has been hidden from the public for years! A popular blogger claim this one weird trick cures everything related to the economy. Forward this to everyone you know before it's too late!!! Share this NOW so the truth can finally come out!!! Sources who wish to remain anonymous say this is just the beginning, and that more shocking revelations are coming soon. Do your own research!",News,fake
A MYSTERIOUS WHISTLEBLOWER INSIST THE MOON LANDING WAS STAGED about A NEW TECHNOLOGY!!!,"This will shock you! A mysterious whistleblower insist the moon landing was staged related to a new technology. Share this NOW so the truth can finally come out!!! Thousands of people are waking up to the truth every single day. Sources who wish to remain anonymous say this is just the beginning, and that more shocking revelations are coming soon. Do your own research!",News,fake
AN ANONYMOUS INSIDER CONFIRM ALIENS ARE HIDING AMONG US about THE UPCOMING ELECTION!!!,"They don't want you to see this! An anonymous insider confirm aliens are hiding among us related to the upcoming election. The mainstream media is completely silent about this shocking truth. Forward this to everyone you know before it's too late!!! Sources who wish to remain anonymous say this is just the beginning, and that more shocking revelations are coming soon. Do your own research!",News,fake
CELEBRITIES SHOW THE SHOCKING SECRET BEHIND THE SCENES about A TECH COMPANY'S NEW PRODUCT!!!,"Share before it gets deleted! Celebrities show the shocking secret behind the scenes related to a tech company's new product. This proves once and for all what they've been hiding all along. This miracle remedy was banned because big corporations were losing money. Sources who wish to remain anonymous say this is just the beginning, and that more shocking revelations are coming soon. Do your own research!",News,fake
A LEAKED DOCUMENT INSIST THE MOON LANDING WAS STAGED about THE HOUSING MARKET!!!,"Experts are too afraid to speak up! A leaked document insist the moon landing was staged related to the housing market. Forward this to everyone you know before it's too late!!! Click here now before this post gets taken down forever. Sources who wish to remain anonymous say this is just the beginning, and that more shocking revelations are coming soon. Do your own research!",News,fake
A POPULAR BLOGGER CONFIRM ALIENS ARE HIDING AMONG US about THE HOUSING MARKET!!!,"You won't believe what happens next! A popular blogger confirm aliens are hiding among us related to the housing market. Nobody is talking about this and that should scare you. Forward this to everyone you know before it's too late!!! Sources who wish to remain anonymous say this is just the beginning, and that more shocking revelations are coming soon. Do your own research!",News,fake
A SHOCKING NEW REPORT WARN THAT THE WORLD WILL END NEXT MONTH about THE HOUSING MARKET!!!,"This will shock you! A shocking new report warn that the world will end next month related to the housing market. Thousands of people are waking up to the truth every single day. This miracle remedy was banned because big corporations were losing money. Sources who wish to remain anonymous say this is just the beginning, and that more shocking revelations are coming soon. Do your own research!",News,fake
A MYSTERIOUS WHISTLEBLOWER INSIST THE MOON LANDING WAS STAGED about THE STOCK MARKET!!!,"The mainstream media refuses to report this! A mysterious whistleblower insist the moon landing was staged related to the stock market. Nobody is talking about this and that should scare you. Click here now before this post gets taken down forever. Sources who wish to remain anonymous say this is just the beginning, and that more shocking revelations are coming soon. Do your own research!",News,fake
A SHOCKING NEW REPORT CONFIRM ALIENS ARE HIDING AMONG US about A NEW TECHNOLOGY!!!,"Wake up people, this is huge! A shocking new report confirm aliens are hiding among us related to a new technology. The mainstream media is completely silent about this shocking truth. Share this NOW so the truth can finally come out!!! Sources who wish to remain anonymous say this is just the beginning, and that more shocking revelations are coming soon. Do your own research!",News,fake
A VIRAL POST SHOW THE SHOCKING SECRET BEHIND THE SCENES about THE NEW VACCINE!!!,"This will shock you! A viral post show the shocking secret behind the scenes related to the new vaccine. This proves once and for all what they've been hiding all along. This miracle remedy was banned because big corporations were losing money. Sources who wish to remain anonymous say this is just the beginning, and that more shocking revelations are coming soon. Do your own research!",News,fake
SOCIAL MEDIA USERS WARN THAT THE WORLD WILL END NEXT MONTH about CLIMATE CHANGE!!!,"Wake up people, this is huge! Social media users warn that the world will end next month related to climate change. Thousands of people are waking up to the truth every single day. Forward this to everyone you know before it's too late!!! Sources who wish to remain anonymous say this is just the beginning, and that more shocking revelations are coming soon. Do your own research!",News,fake
CELEBRITIES INSIST THE MOON LANDING WAS STAGED about A POPULAR CELEBRITY!!!,"You won't believe what happens next! Celebrities insist the moon landing was staged related to a popular celebrity. Thousands of people are waking up to the truth every single day. The mainstream media is completely silent about this shocking truth. Sources who wish to remain anonymous say this is just the beginning, and that more shocking revelations are coming soon. Do your own research!",News,fake
A POPULAR BLOGGER CONFIRM ALIENS ARE HIDING AMONG US about A NEW TECHNOLOGY!!!,"Experts are too afraid to speak up! A popular blogger confirm aliens are hiding among us related to a new technology. Share this NOW so the truth can finally come out!!! Share this NOW so the truth can finally come out!!! Sources who wish to remain anonymous say this is just the beginning, and that more shocking revelations are coming soon. Do your own research!",News,fake
A MYSTERIOUS WHISTLEBLOWER SAY THE VACCINE SECRETLY CONTAINS MICROCHIPS about A NEW TECHNOLOGY!!!,"The mainstream media refuses to report this! A mysterious whistleblower say the vaccine secretly contains microchips related to a new technology. Nobody is talking about this and that should scare you. Click here now before this post gets taken down forever. Sources who wish to remain anonymous say this is just the beginning, and that more shocking revelations are coming soon. Do your own research!",News,fake
AN ANONYMOUS INSIDER CLAIM THE ELECTION WAS COMPLETELY RIGGED about THE EDUCATION SYSTEM!!!,"Share before it gets deleted! An anonymous insider claim the election was completely rigged related to the education system. Click here now before this post gets taken down forever. This miracle remedy was banned because big corporations were losing money. Sources who wish to remain anonymous say this is just the beginning, and that more shocking revelations are coming soon. Do your own research!",News,fake
DOCTORS CONFIRM ALIENS ARE HIDING AMONG US about A NEW TECHNOLOGY!!!,"Share before it gets deleted! Doctors confirm aliens are hiding among us related to a new technology. Click here now before this post gets taken down forever. Nobody is talking about this and that should scare you. Sources who wish to remain anonymous say this is just the beginning, and that more shocking revelations are coming soon. Do your own research!",News,fake
AN ANONYMOUS INSIDER CONFIRM ALIENS ARE HIDING AMONG US about THE HOUSING MARKET!!!,"Wake up people, this is huge! An anonymous insider confirm aliens are hiding among us related to the housing market. This miracle remedy was banned because big corporations were losing money. Click here now before this post gets taken down forever. Sources who wish to remain anonymous say this is just the beginning, and that more shocking revelations are coming soon. Do your own research!",News,fake
CELEBRITIES CONFIRM ALIENS ARE HIDING AMONG US about THE ECONOMY!!!,"Share before it gets deleted! Celebrities confirm aliens are hiding among us related to the economy. Nobody is talking about this and that should scare you. Click here now before this post gets taken down forever. Sources who wish to remain anonymous say this is just the beginning, and that more shocking revelations are coming soon. Do your own research!",News,fake
SOCIAL MEDIA USERS REVEAL THE TRUTH THEY DON'T WANT YOU TO KNOW about A GLOBAL PANDEMIC!!!,"Wake up people, this is huge! Social media users reveal the truth they don't want you to know related to a global pandemic. Forward this to everyone you know before it's too late!!! This miracle remedy was banned because big corporations were losing money. Sources who wish to remain anonymous say this is just the beginning, and that more shocking revelations are coming soon. Do your own research!",News,fake
A POPULAR BLOGGER EXPOSE A MASSIVE COVER-UP about THE STOCK MARKET!!!,"Wake up people, this is huge! A popular blogger expose a massive cover-up related to the stock market. The mainstream media is completely silent about this shocking truth. Nobody is talking about this and that should scare you. Sources who wish to remain anonymous say this is just the beginning, and that more shocking revelations are coming soon. Do your own research!",News,fake
A VIRAL POST CLAIM THIS ONE WEIRD TRICK CURES EVERYTHING about THE HOUSING MARKET!!!,"This will shock you! A viral post claim this one weird trick cures everything related to the housing market. Share this NOW so the truth can finally come out!!! The mainstream media is completely silent about this shocking truth. Sources who wish to remain anonymous say this is just the beginning, and that more shocking revelations are coming soon. Do your own research!",News,fake
A SELF-PROCLAIMED EXPERT CONFIRM ALIENS ARE HIDING AMONG US about CLIMATE CHANGE!!!,"This has been hidden from the public for years! A self-proclaimed expert confirm aliens are hiding among us related to climate change. This proves once and for all what they've been hiding all along. Nobody is talking about this and that should scare you. Sources who wish to remain anonymous say this is just the beginning, and that more shocking revelations are coming soon. Do your own research!",News,fake
SCIENTISTS YOU'VE NEVER HEARD OF SHOW THE SHOCKING SECRET BEHIND THE SCENES about THE UPCOMING ELECTION!!!,"This will shock you! Scientists you've never heard of show the shocking secret behind the scenes related to the upcoming election. Share this NOW so the truth can finally come out!!! This proves once and for all what they've been hiding all along. Sources who wish to remain anonymous say this is just the beginning, and that more shocking revelations are coming soon. Do your own research!",News,fake
AN ANONYMOUS INSIDER CLAIM THE ELECTION WAS COMPLETELY RIGGED about CLIMATE CHANGE!!!,"This will shock you! An anonymous insider claim the election was completely rigged related to climate change. Thousands of people are waking up to the truth every single day. Click here now before this post gets taken down forever. Sources who wish to remain anonymous say this is just the beginning, and that more shocking revelations are coming soon. Do your own research!",News,fake
DOCTORS LEAK PROOF OF A GLOBAL CONSPIRACY about A MAJOR SPORTS EVENT!!!,"They don't want you to see this! Doctors leak proof of a global conspiracy related to a major sports event. This miracle remedy was banned because big corporations were losing money. Share this NOW so the truth can finally come out!!! Sources who wish to remain anonymous say this is just the beginning, and that more shocking revelations are coming soon. Do your own research!",News,fake
SCIENTISTS YOU'VE NEVER HEARD OF REVEAL CELEBRITIES ARE ACTUALLY ROBOTS about THE ECONOMY!!!,"Wake up people, this is huge! Scientists you've never heard of reveal celebrities are actually robots related to the economy. Click here now before this post gets taken down forever. Click here now before this post gets taken down forever. Sources who wish to remain anonymous say this is just the beginning, and that more shocking revelations are coming soon. Do your own research!",News,fake
AN ANONYMOUS INSIDER SAY THE VACCINE SECRETLY CONTAINS MICROCHIPS about A NATURAL DISASTER!!!,"They don't want you to see this! An anonymous insider say the vaccine secretly contains microchips related to a natural disaster. Share this NOW so the truth can finally come out!!! The mainstream media is completely silent about this shocking truth. Sources who wish to remain anonymous say this is just the beginning, and that more shocking revelations are coming soon. Do your own research!",News,fake
SOCIAL MEDIA USERS SAY THE GOVERNMENT IS HIDING THE CURE FOR CANCER about THE ECONOMY!!!,"The mainstream media refuses to report this! Social media users say the government is hiding the cure for cancer related to the economy. The mainstream media is completely silent about this shocking truth. Click here now before this post gets taken down forever. Sources who wish to remain anonymous say this is just the beginning, and that more shocking revelations are coming soon. Do your own research!",News,fake
SCIENTISTS YOU'VE NEVER HEARD OF SAY THE GOVERNMENT IS HIDING THE CURE FOR CANCER about THE EDUCATION SYSTEM!!!,"Wake up people, this is huge! Scientists you've never heard of say the government is hiding the cure for cancer related to the education system. The mainstream media is completely silent about this shocking truth. Nobody is talking about this and that should scare you. Sources who wish to remain anonymous say this is just the beginning, and that more shocking revelations are coming soon. Do your own research!",News,fake
A POPULAR BLOGGER CLAIM THIS ONE WEIRD TRICK CURES EVERYTHING about THE STOCK MARKET!!!,"Share before it gets deleted! A popular blogger claim this one weird trick cures everything related to the stock market. Share this NOW so the truth can finally come out!!! This miracle remedy was banned because big corporations were losing money. Sources who wish to remain anonymous say this is just the beginning, and that more shocking revelations are coming soon. Do your own research!",News,fake
A SELF-PROCLAIMED EXPERT CONFIRM ALIENS ARE HIDING AMONG US about A POPULAR CELEBRITY!!!,"You won't believe what happens next! A self-proclaimed expert confirm aliens are hiding among us related to a popular celebrity. Click here now before this post gets taken down forever. The mainstream media is completely silent about this shocking truth. Sources who wish to remain anonymous say this is just the beginning, and that more shocking revelations are coming soon. Do your own research!",News,fake
AN UNNAMED SOURCE CLOSE TO THE FAMILY CONFIRM ALIENS ARE HIDING AMONG US about A TECH COMPANY'S NEW PRODUCT!!!,"Experts are too afraid to speak up! An unnamed source close to the family confirm aliens are hiding among us related to a tech company's new product. Click here now before this post gets taken down forever. Click here now before this post gets taken down forever. Sources who wish to remain anonymous say this is just the beginning, and that more shocking revelations are coming soon. Do your own research!",News,fake
DOCTORS WARN THAT THE WORLD WILL END NEXT MONTH about THE STOCK MARKET!!!,"They don't want you to see this! Doctors warn that the world will end next month related to the stock market. Share this NOW so the truth can finally come out!!! This proves once and for all what they've been hiding all along. Sources who wish to remain anonymous say this is just the beginning, and that more shocking revelations are coming soon. Do your own research!",News,fake
A VIRAL POST REVEAL CELEBRITIES ARE ACTUALLY ROBOTS about A MAJOR SPORTS EVENT!!!,"This will shock you! A viral post reveal celebrities are actually robots related to a major sports event. Share this NOW so the truth can finally come out!!! The mainstream media is completely silent about this shocking truth. Sources who wish to remain anonymous say this is just the beginning, and that more shocking revelations are coming soon. Do your own research!",News,fake
SOCIAL MEDIA USERS CONFIRM ALIENS ARE HIDING AMONG US about A TECH COMPANY'S NEW PRODUCT!!!,"Share before it gets deleted! Social media users confirm aliens are hiding among us related to a tech company's new product. Share this NOW so the truth can finally come out!!! Nobody is talking about this and that should scare you. Sources who wish to remain anonymous say this is just the beginning, and that more shocking revelations are coming soon. Do your own research!",News,fake
AN ANONYMOUS INSIDER INSIST THE MOON LANDING WAS STAGED about THE EDUCATION SYSTEM!!!,"Share before it gets deleted! An anonymous insider insist the moon landing was staged related to the education system. Thousands of people are waking up to the truth every single day. Click here now before this post gets taken down forever. Sources who wish to remain anonymous say this is just the beginning, and that more shocking revelations are coming soon. Do your own research!",News,fake
A SECRET GOVERNMENT MEMO CLAIM THIS ONE WEIRD TRICK CURES EVERYTHING about A POLITICAL SCANDAL!!!,"Wake up people, this is huge! A secret government memo claim this one weird trick cures everything related to a political scandal. This proves once and for all what they've been hiding all along. Forward this to everyone you know before it's too late!!! Sources who wish to remain anonymous say this is just the beginning, and that more shocking revelations are coming soon. Do your own research!",News,fake
A SECRET GOVERNMENT MEMO SAY THE VACCINE SECRETLY CONTAINS MICROCHIPS about THE NEW VACCINE!!!,"You won't believe what happens next! A secret government memo say the vaccine secretly contains microchips related to the new vaccine. Click here now before this post gets taken down forever. Forward this to everyone you know before it's too late!!! Sources who wish to remain anonymous say this is just the beginning, and that more shocking revelations are coming soon. Do your own research!",News,fake
AN ANONYMOUS INSIDER SAY THE GOVERNMENT IS HIDING THE CURE FOR CANCER about THE ECONOMY!!!,"Experts are too afraid to speak up! An anonymous insider say the government is hiding the cure for cancer related to the economy. The mainstream media is completely silent about this shocking truth. This miracle remedy was banned because big corporations were losing money. Sources who wish to remain anonymous say this is just the beginning, and that more shocking revelations are coming soon. Do your own research!",News,fake
AN ANONYMOUS INSIDER REVEAL CELEBRITIES ARE ACTUALLY ROBOTS about THE HOUSING MARKET!!!,"The mainstream media refuses to report this! An anonymous insider reveal celebrities are actually robots related to the housing market. The mainstream media is completely silent about this shocking truth. The mainstream media is completely silent about this shocking truth. Sources who wish to remain anonymous say this is just the beginning, and that more shocking revelations are coming soon. Do your own research!",News,fake
SCIENTISTS YOU'VE NEVER HEARD OF WARN THAT THE WORLD WILL END NEXT MONTH about THE EDUCATION SYSTEM!!!,"You won't believe what happens next! Scientists you've never heard of warn that the world will end next month related to the education system. The mainstream media is completely silent about this shocking truth. Thousands of people are waking up to the truth every single day. Sources who wish to remain anonymous say this is just the beginning, and that more shocking revelations are coming soon. Do your own research!",News,fake
A SELF-PROCLAIMED EXPERT REVEAL THE TRUTH THEY DON'T WANT YOU TO KNOW about A TECH COMPANY'S NEW PRODUCT!!!,"Share before it gets deleted! A self-proclaimed expert reveal the truth they don't want you to know related to a tech company's new product. Nobody is talking about this and that should scare you. This proves once and for all what they've been hiding all along. Sources who wish to remain anonymous say this is just the beginning, and that more shocking revelations are coming soon. Do your own research!",News,fake
A SECRET GOVERNMENT MEMO SHOW THE SHOCKING SECRET BEHIND THE SCENES about THE HOUSING MARKET!!!,"This will shock you! A secret government memo show the shocking secret behind the scenes related to the housing market. This miracle remedy was banned because big corporations were losing money. Share this NOW so the truth can finally come out!!! Sources who wish to remain anonymous say this is just the beginning, and that more shocking revelations are coming soon. Do your own research!",News,fake
A SHOCKING NEW REPORT SHOW THE SHOCKING SECRET BEHIND THE SCENES about A MAJOR SPORTS EVENT!!!,"This will shock you! A shocking new report show the shocking secret behind the scenes related to a major sports event. Click here now before this post gets taken down forever. Share this NOW so the truth can finally come out!!! Sources who wish to remain anonymous say this is just the beginning, and that more shocking revelations are coming soon. Do your own research!",News,fake
AN UNNAMED SOURCE CLOSE TO THE FAMILY LEAK PROOF OF A GLOBAL CONSPIRACY about A TECH COMPANY'S NEW PRODUCT!!!,"They don't want you to see this! An unnamed source close to the family leak proof of a global conspiracy related to a tech company's new product. This proves once and for all what they've been hiding all along. Thousands of people are waking up to the truth every single day. Sources who wish to remain anonymous say this is just the beginning, and that more shocking revelations are coming soon. Do your own research!",News,fake
DOCTORS SAY THE GOVERNMENT IS HIDING THE CURE FOR CANCER about A NATURAL DISASTER!!!,"Wake up people, this is huge! Doctors say the government is hiding the cure for cancer related to a natural disaster. The mainstream media is completely silent about this shocking truth. This proves once and for all what they've been hiding all along. Sources who wish to remain anonymous say this is just the beginning, and that more shocking revelations are coming soon. Do your own research!",News,fake
A LEAKED DOCUMENT INSIST THE MOON LANDING WAS STAGED about THE EDUCATION SYSTEM!!!,"This will shock you! A leaked document insist the moon landing was staged related to the education system. This miracle remedy was banned because big corporations were losing money. The mainstream media is completely silent about this shocking truth. Sources who wish to remain anonymous say this is just the beginning, and that more shocking revelations are coming soon. Do your own research!",News,fake
A VIRAL POST LEAK PROOF OF A GLOBAL CONSPIRACY about A POPULAR CELEBRITY!!!,"Wake up people, this is huge! A viral post leak proof of a global conspiracy related to a popular celebrity. Click here now before this post gets taken down forever. This proves once and for all what they've been hiding all along. Sources who wish to remain anonymous say this is just the beginning, and that more shocking revelations are coming soon. Do your own research!",News,fake
A MYSTERIOUS WHISTLEBLOWER SHOW THE SHOCKING SECRET BEHIND THE SCENES about THE NEW VACCINE!!!,"This will shock you! A mysterious whistleblower show the shocking secret behind the scenes related to the new vaccine. Click here now before this post gets taken down forever. Share this NOW so the truth can finally come out!!! Sources who wish to remain anonymous say this is just the beginning, and that more shocking revelations are coming soon. Do your own research!",News,fake
A SECRET GOVERNMENT MEMO SHOW THE SHOCKING SECRET BEHIND THE SCENES about CLIMATE CHANGE!!!,"You won't believe what happens next! A secret government memo show the shocking secret behind the scenes related to climate change. This proves once and for all what they've been hiding all along. Nobody is talking about this and that should scare you. Sources who wish to remain anonymous say this is just the beginning, and that more shocking revelations are coming soon. Do your own research!",News,fake
A MYSTERIOUS WHISTLEBLOWER SHOW THE SHOCKING SECRET BEHIND THE SCENES about A POPULAR CELEBRITY!!!,"The mainstream media refuses to report this! A mysterious whistleblower show the shocking secret behind the scenes related to a popular celebrity. Share this NOW so the truth can finally come out!!! Share this NOW so the truth can finally come out!!! Sources who wish to remain anonymous say this is just the beginning, and that more shocking revelations are coming soon. Do your own research!",News,fake
A LEAKED DOCUMENT REVEAL THE TRUTH THEY DON'T WANT YOU TO KNOW about A NEW TECHNOLOGY!!!,"This has been hidden from the public for years! A leaked document reveal the truth they don't want you to know related to a new technology. Nobody is talking about this and that should scare you. This proves once and for all what they've been hiding all along. Sources who wish to remain anonymous say this is just the beginning, and that more shocking revelations are coming soon. Do your own research!",News,fake
SOCIAL MEDIA USERS WARN THAT THE WORLD WILL END NEXT MONTH about A MAJOR SPORTS EVENT!!!,"Wake up people, this is huge! Social media users warn that the world will end next month related to a major sports event. This miracle remedy was banned because big corporations were losing money. Click here now before this post gets taken down forever. Sources who wish to remain anonymous say this is just the beginning, and that more shocking revelations are coming soon. Do your own research!",News,fake
A SELF-PROCLAIMED EXPERT REVEAL CELEBRITIES ARE ACTUALLY ROBOTS about A NEW TECHNOLOGY!!!,"Wake up people, this is huge! A self-proclaimed expert reveal celebrities are actually robots related to a new technology. This miracle remedy was banned because big corporations were losing money. Forward this to everyone you know before it's too late!!! Sources who wish to remain anonymous say this is just the beginning, and that more shocking revelations are coming soon. Do your own research!",News,fake
A MYSTERIOUS WHISTLEBLOWER SAY THE VACCINE SECRETLY CONTAINS MICROCHIPS about THE ECONOMY!!!,"Experts are too afraid to speak up! A mysterious whistleblower say the vaccine secretly contains microchips related to the economy. Forward this to everyone you know before it's too late!!! Forward this to everyone you know before it's too late!!! Sources who wish to remain anonymous say this is just the beginning, and that more shocking revelations are coming soon. Do your own research!",News,fake
A LEAKED DOCUMENT REVEAL THE TRUTH THEY DON'T WANT YOU TO KNOW about THE STOCK MARKET!!!,"This has been hidden from the public for years! A leaked document reveal the truth they don't want you to know related to the stock market. Nobody is talking about this and that should scare you. This proves once and for all what they've been hiding all along. Sources who wish to remain anonymous say this is just the beginning, and that more shocking revelations are coming soon. Do your own research!",News,fake
A POPULAR BLOGGER REVEAL THE TRUTH THEY DON'T WANT YOU TO KNOW about A TECH COMPANY'S NEW PRODUCT!!!,"This will shock you! A popular blogger reveal the truth they don't want you to know related to a tech company's new product. Click here now before this post gets taken down forever. The mainstream media is completely silent about this shocking truth. Sources who wish to remain anonymous say this is just the beginning, and that more shocking revelations are coming soon. Do your own research!",News,fake
CELEBRITIES SAY THE GOVERNMENT IS HIDING THE CURE FOR CANCER about A VIRAL HEALTH TREND!!!,"This has been hidden from the public for years! Celebrities say the government is hiding the cure for cancer related to a viral health trend. This proves once and for all what they've been hiding all along. Click here now before this post gets taken down forever. Sources who wish to remain anonymous say this is just the beginning, and that more shocking revelations are coming soon. Do your own research!",News,fake
A LEAKED DOCUMENT CLAIM THE ELECTION WAS COMPLETELY RIGGED about THE STOCK MARKET!!!,"This has been hidden from the public for years! A leaked document claim the election was completely rigged related to the stock market. The mainstream media is completely silent about this shocking truth. Share this NOW so the truth can finally come out!!! Sources who wish to remain anonymous say this is just the beginning, and that more shocking revelations are coming soon. Do your own research!",News,fake
AN ANONYMOUS INSIDER CLAIM THE ELECTION WAS COMPLETELY RIGGED about THE STOCK MARKET!!!,"They don't want you to see this! An anonymous insider claim the election was completely rigged related to the stock market. This proves once and for all what they've been hiding all along. Thousands of people are waking up to the truth every single day. Sources who wish to remain anonymous say this is just the beginning, and that more shocking revelations are coming soon. Do your own research!",News,fake
SCIENTISTS YOU'VE NEVER HEARD OF CLAIM THIS ONE WEIRD TRICK CURES EVERYTHING about A VIRAL HEALTH TREND!!!,"They don't want you to see this! Scientists you've never heard of claim this one weird trick cures everything related to a viral health trend. This proves once and for all what they've been hiding all along. Thousands of people are waking up to the truth every single day. Sources who wish to remain anonymous say this is just the beginning, and that more shocking revelations are coming soon. Do your own research!",News,fake
SCIENTISTS YOU'VE NEVER HEARD OF REVEAL THE TRUTH THEY DON'T WANT YOU TO KNOW about A MAJOR SPORTS EVENT!!!,"Wake up people, this is huge! Scientists you've never heard of reveal the truth they don't want you to know related to a major sports event. Thousands of people are waking up to the truth every single day. Nobody is talking about this and that should scare you. Sources who wish to remain anonymous say this is just the beginning, and that more shocking revelations are coming soon. Do your own research!",News,fake
A SELF-PROCLAIMED EXPERT REVEAL CELEBRITIES ARE ACTUALLY ROBOTS about THE UPCOMING ELECTION!!!,"Experts are too afraid to speak up! A self-proclaimed expert reveal celebrities are actually robots related to the upcoming election. This proves once and for all what they've been hiding all along. This proves once and for all what they've been hiding all along. Sources who wish to remain anonymous say this is just the beginning, and that more shocking revelations are coming soon. Do your own research!",News,fake
A SELF-PROCLAIMED EXPERT INSIST THE MOON LANDING WAS STAGED about A VIRAL HEALTH TREND!!!,"Share before it gets deleted! A self-proclaimed expert insist the moon landing was staged related to a viral health trend. Share this NOW so the truth can finally come out!!! Thousands of people are waking up to the truth every single day. Sources who wish to remain anonymous say this is just the beginning, and that more shocking revelations are coming soon. Do your own research!",News,fake
AN UNNAMED SOURCE CLOSE TO THE FAMILY EXPOSE A MASSIVE COVER-UP about A NEW TECHNOLOGY!!!,"Experts are too afraid to speak up! An unnamed source close to the family expose a massive cover-up related to a new technology. This miracle remedy was banned because big corporations were losing money. Thousands of people are waking up to the truth every single day. Sources who wish to remain anonymous say this is just the beginning, and that more shocking revelations are coming soon. Do your own research!",News,fake
A SHOCKING NEW REPORT REVEAL THE TRUTH THEY DON'T WANT YOU TO KNOW about A TECH COMPANY'S NEW PRODUCT!!!,"The mainstream media refuses to report this! A shocking new report reveal the truth they don't want you to know related to a tech company's new product. This proves once and for all what they've been hiding all along. Click here now before this post gets taken down forever. Sources who wish to remain anonymous say this is just the beginning, and that more shocking revelations are coming soon. Do your own research!",News,fake
A VIRAL POST REVEAL THE TRUTH THEY DON'T WANT YOU TO KNOW about THE UPCOMING ELECTION!!!,"Share before it gets deleted! A viral post reveal the truth they don't want you to know related to the upcoming election. Forward this to everyone you know before it's too late!!! Thousands of people are waking up to the truth every single day. Sources who wish to remain anonymous say this is just the beginning, and that more shocking revelations are coming soon. Do your own research!",News,fake
A SELF-PROCLAIMED EXPERT CLAIM THIS ONE WEIRD TRICK CURES EVERYTHING about CLIMATE CHANGE!!!,"The mainstream media refuses to report this! A self-proclaimed expert claim this one weird trick cures everything related to climate change. Click here now before this post gets taken down forever. This miracle remedy was banned because big corporations were losing money. Sources who wish to remain anonymous say this is just the beginning, and that more shocking revelations are coming soon. Do your own research!",News,fake
SOCIAL MEDIA USERS SHOW THE SHOCKING SECRET BEHIND THE SCENES about THE ECONOMY!!!,"You won't believe what happens next! Social media users show the shocking secret behind the scenes related to the economy. The mainstream media is completely silent about this shocking truth. Nobody is talking about this and that should scare you. Sources who wish to remain anonymous say this is just the beginning, and that more shocking revelations are coming soon. Do your own research!",News,fake
A SELF-PROCLAIMED EXPERT SAY THE GOVERNMENT IS HIDING THE CURE FOR CANCER about A MAJOR SPORTS EVENT!!!,"This will shock you! A self-proclaimed expert say the government is hiding the cure for cancer related to a major sports event. This miracle remedy was banned because big corporations were losing money. Thousands of people are waking up to the truth every single day. Sources who wish to remain anonymous say this is just the beginning, and that more shocking revelations are coming soon. Do your own research!",News,fake
A SECRET GOVERNMENT MEMO EXPOSE A MASSIVE COVER-UP about A POLITICAL SCANDAL!!!,"This will shock you! A secret government memo expose a massive cover-up related to a political scandal. Nobody is talking about this and that should scare you. Nobody is talking about this and that should scare you. Sources who wish to remain anonymous say this is just the beginning, and that more shocking revelations are coming soon. Do your own research!",News,fake
A VIRAL POST WARN THAT THE WORLD WILL END NEXT MONTH about CLIMATE CHANGE!!!,"This will shock you! A viral post warn that the world will end next month related to climate change. Thousands of people are waking up to the truth every single day. Click here now before this post gets taken down forever. Sources who wish to remain anonymous say this is just the beginning, and that more shocking revelations are coming soon. Do your own research!",News,fake
AN UNNAMED SOURCE CLOSE TO THE FAMILY CONFIRM ALIENS ARE HIDING AMONG US about THE STOCK MARKET!!!,"This will shock you! An unnamed source close to the family confirm aliens are hiding among us related to the stock market. This proves once and for all what they've been hiding all along. Share this NOW so the truth can finally come out!!! Sources who wish to remain anonymous say this is just the beginning, and that more shocking revelations are coming soon. Do your own research!",News,fake
CELEBRITIES INSIST THE MOON LANDING WAS STAGED about A TECH COMPANY'S NEW PRODUCT!!!,"Experts are too afraid to speak up! Celebrities insist the moon landing was staged related to a tech company's new product. Click here now before this post gets taken down forever. Forward this to everyone you know before it's too late!!! Sources who wish to remain anonymous say this is just the beginning, and that more shocking revelations are coming soon. Do your own research!",News,fake
SCIENTISTS YOU'VE NEVER HEARD OF REVEAL CELEBRITIES ARE ACTUALLY ROBOTS about A POPULAR CELEBRITY!!!,"This has been hidden from the public for years! Scientists you've never heard of reveal celebrities are actually robots related to a popular celebrity. Nobody is talking about this and that should scare you. The mainstream media is completely silent about this shocking truth. Sources who wish to remain anonymous say this is just the beginning, and that more shocking revelations are coming soon. Do your own research!",News,fake
SCIENTISTS YOU'VE NEVER HEARD OF SAY THE VACCINE SECRETLY CONTAINS MICROCHIPS about A GLOBAL PANDEMIC!!!,"This will shock you! Scientists you've never heard of say the vaccine secretly contains microchips related to a global pandemic. Thousands of people are waking up to the truth every single day. Click here now before this post gets taken down forever. Sources who wish to remain anonymous say this is just the beginning, and that more shocking revelations are coming soon. Do your own research!",News,fake
A MYSTERIOUS WHISTLEBLOWER CLAIM THIS ONE WEIRD TRICK CURES EVERYTHING about A TECH COMPANY'S NEW PRODUCT!!!,"They don't want you to see this! A mysterious whistleblower claim this one weird trick cures everything related to a tech company's new product. The mainstream media is completely silent about this shocking truth. Share this NOW so the truth can finally come out!!! Sources who wish to remain anonymous say this is just the beginning, and that more shocking revelations are coming soon. Do your own research!",News,fake
A SECRET GOVERNMENT MEMO WARN THAT THE WORLD WILL END NEXT MONTH about THE HOUSING MARKET!!!,"They don't want you to see this! A secret government memo warn that the world will end next month related to the housing market. The mainstream media is completely silent about this shocking truth. Nobody is talking about this and that should scare you. Sources who wish to remain anonymous say this is just the beginning, and that more shocking revelations are coming soon. Do your own research!",News,fake
A SELF-PROCLAIMED EXPERT SAY THE GOVERNMENT IS HIDING THE CURE FOR CANCER about A NATURAL DISASTER!!!,"Share before it gets deleted! A self-proclaimed expert say the government is hiding the cure for cancer related to a natural disaster. Share this NOW so the truth can finally come out!!! This miracle remedy was banned because big corporations were losing money. Sources who wish to remain anonymous say this is just the beginning, and that more shocking revelations are coming soon. Do your own research!",News,fake
A POPULAR BLOGGER REVEAL THE TRUTH THEY DON'T WANT YOU TO KNOW about CLIMATE CHANGE!!!,"This will shock you! A popular blogger reveal the truth they don't want you to know related to climate change. Thousands of people are waking up to the truth every single day. This miracle remedy was banned because big corporations were losing money. Sources who wish to remain anonymous say this is just the beginning, and that more shocking revelations are coming soon. Do your own research!",News,fake
CELEBRITIES INSIST THE MOON LANDING WAS STAGED about A POPULAR CELEBRITY!!!,"Share before it gets deleted! Celebrities insist the moon landing was staged related to a popular celebrity. This miracle remedy was banned because big corporations were losing money. Nobody is talking about this and that should scare you. Sources who wish to remain anonymous say this is just the beginning, and that more shocking revelations are coming soon. Do your own research!",News,fake
AN ANONYMOUS INSIDER LEAK PROOF OF A GLOBAL CONSPIRACY about A TECH COMPANY'S NEW PRODUCT!!!,"This has been hidden from the public for years! An anonymous insider leak proof of a global conspiracy related to a tech company's new product. Thousands of people are waking up to the truth every single day. Forward this to everyone you know before it's too late!!! Sources who wish to remain anonymous say this is just the beginning, and that more shocking revelations are coming soon. Do your own research!",News,fake
A VIRAL POST SAY THE VACCINE SECRETLY CONTAINS MICROCHIPS about THE ECONOMY!!!,"Share before it gets deleted! A viral post say the vaccine secretly contains microchips related to the economy. This proves once and for all what they've been hiding all along. This proves once and for all what they've been hiding all along. Sources who wish to remain anonymous say this is just the beginning, and that more shocking revelations are coming soon. Do your own research!",News,fake
A POPULAR BLOGGER REVEAL THE TRUTH THEY DON'T WANT YOU TO KNOW about THE EDUCATION SYSTEM!!!,"You won't believe what happens next! A popular blogger reveal the truth they don't want you to know related to the education system. This proves once and for all what they've been hiding all along. Share this NOW so the truth can finally come out!!! Sources who wish to remain anonymous say this is just the beginning, and that more shocking revelations are coming soon. Do your own research!",News,fake
A VIRAL POST SAY THE VACCINE SECRETLY CONTAINS MICROCHIPS about THE EDUCATION SYSTEM!!!,"They don't want you to see this! A viral post say the vaccine secretly contains microchips related to the education system. Share this NOW so the truth can finally come out!!! This proves once and for all what they've been hiding all along. Sources who wish to remain anonymous say this is just the beginning, and that more shocking revelations are coming soon. Do your own research!",News,fake
SOCIAL MEDIA USERS SAY THE GOVERNMENT IS HIDING THE CURE FOR CANCER about A MAJOR SPORTS EVENT!!!,"The mainstream media refuses to report this! Social media users say the government is hiding the cure for cancer related to a major sports event. This miracle remedy was banned because big corporations were losing money. This proves once and for all what they've been hiding all along. Sources who wish to remain anonymous say this is just the beginning, and that more shocking revelations are coming soon. Do your own research!",News,fake
A POPULAR BLOGGER SHOW THE SHOCKING SECRET BEHIND THE SCENES about THE STOCK MARKET!!!,"The mainstream media refuses to report this! A popular blogger show the shocking secret behind the scenes related to the stock market. Share this NOW so the truth can finally come out!!! The mainstream media is completely silent about this shocking truth. Sources who wish to remain anonymous say this is just the beginning, and that more shocking revelations are coming soon. Do your own research!",News,fake
A SELF-PROCLAIMED EXPERT EXPOSE A MASSIVE COVER-UP about THE EDUCATION SYSTEM!!!,"This has been hidden from the public for years! A self-proclaimed expert expose a massive cover-up related to the education system. This proves once and for all what they've been hiding all along. Click here now before this post gets taken down forever. Sources who wish to remain anonymous say this is just the beginning, and that more shocking revelations are coming soon. Do your own research!",News,fake
CELEBRITIES CONFIRM ALIENS ARE HIDING AMONG US about THE ECONOMY!!!,"You won't believe what happens next! Celebrities confirm aliens are hiding among us related to the economy. Click here now before this post gets taken down forever. This proves once and for all what they've been hiding all along. Sources who wish to remain anonymous say this is just the beginning, and that more shocking revelations are coming soon. Do your own research!",News,fake
SCIENTISTS YOU'VE NEVER HEARD OF WARN THAT THE WORLD WILL END NEXT MONTH about A GLOBAL PANDEMIC!!!,"Wake up people, this is huge! Scientists you've never heard of warn that the world will end next month related to a global pandemic. Nobody is talking about this and that should scare you. Share this NOW so the truth can finally come out!!! Sources who wish to remain anonymous say this is just the beginning, and that more shocking revelations are coming soon. Do your own research!",News,fake
SCIENTISTS YOU'VE NEVER HEARD OF REVEAL THE TRUTH THEY DON'T WANT YOU TO KNOW about THE ECONOMY!!!,"Experts are too afraid to speak up! Scientists you've never heard of reveal the truth they don't want you to know related to the economy. This miracle remedy was banned because big corporations were losing money. Share this NOW so the truth can finally come out!!! Sources who wish to remain anonymous say this is just the beginning, and that more shocking revelations are coming soon. Do your own research!",News,fake
SCIENTISTS YOU'VE NEVER HEARD OF CLAIM THE ELECTION WAS COMPLETELY RIGGED about THE HOUSING MARKET!!!,"They don't want you to see this! Scientists you've never heard of claim the election was completely rigged related to the housing market. Nobody is talking about this and that should scare you. This proves once and for all what they've been hiding all along. Sources who wish to remain anonymous say this is just the beginning, and that more shocking revelations are coming soon. Do your own research!",News,fake
AN UNNAMED SOURCE CLOSE TO THE FAMILY SAY THE GOVERNMENT IS HIDING THE CURE FOR CANCER about THE ECONOMY!!!,"Wake up people, this is huge! An unnamed source close to the family say the government is hiding the cure for cancer related to the economy. Thousands of people are waking up to the truth every single day. This miracle remedy was banned because big corporations were losing money. Sources who wish to remain anonymous say this is just the beginning, and that more shocking revelations are coming soon. Do your own research!",News,fake
AN ANONYMOUS INSIDER INSIST THE MOON LANDING WAS STAGED about A MAJOR SPORTS EVENT!!!,"Wake up people, this is huge! An anonymous insider insist the moon landing was staged related to a major sports event. The mainstream media is completely silent about this shocking truth. Share this NOW so the truth can finally come out!!! Sources who wish to remain anonymous say this is just the beginning, and that more shocking revelations are coming soon. Do your own research!",News,fake
CELEBRITIES REVEAL THE TRUTH THEY DON'T WANT YOU TO KNOW about THE NEW VACCINE!!!,"Share before it gets deleted! Celebrities reveal the truth they don't want you to know related to the new vaccine. Nobody is talking about this and that should scare you. The mainstream media is completely silent about this shocking truth. Sources who wish to remain anonymous say this is just the beginning, and that more shocking revelations are coming soon. Do your own research!",News,fake
A POPULAR BLOGGER SAY THE GOVERNMENT IS HIDING THE CURE FOR CANCER about A VIRAL HEALTH TREND!!!,"The mainstream media refuses to report this! A popular blogger say the government is hiding the cure for cancer related to a viral health trend. Forward this to everyone you know before it's too late!!! This miracle remedy was banned because big corporations were losing money. Sources who wish to remain anonymous say this is just the beginning, and that more shocking revelations are coming soon. Do your own research!",News,fake
A SHOCKING NEW REPORT CLAIM THIS ONE WEIRD TRICK CURES EVERYTHING about A NATURAL DISASTER!!!,"They don't want you to see this! A shocking new report claim this one weird trick cures everything related to a natural disaster. The mainstream media is completely silent about this shocking truth. This proves once and for all what they've been hiding all along. Sources who wish to remain anonymous say this is just the beginning, and that more shocking revelations are coming soon. Do your own research!",News,fake
DOCTORS REVEAL THE TRUTH THEY DON'T WANT YOU TO KNOW about A TECH COMPANY'S NEW PRODUCT!!!,"Wake up people, this is huge! Doctors reveal the truth they don't want you to know related to a tech company's new product. Share this NOW so the truth can finally come out!!! Share this NOW so the truth can finally come out!!! Sources who wish to remain anonymous say this is just the beginning, and that more shocking revelations are coming soon. Do your own research!",News,fake
A SHOCKING NEW REPORT INSIST THE MOON LANDING WAS STAGED about THE UPCOMING ELECTION!!!,"Share before it gets deleted! A shocking new report insist the moon landing was staged related to the upcoming election. Forward this to everyone you know before it's too late!!! Click here now before this post gets taken down forever. Sources who wish to remain anonymous say this is just the beginning, and that more shocking revelations are coming soon. Do your own research!",News,fake
A SECRET GOVERNMENT MEMO LEAK PROOF OF A GLOBAL CONSPIRACY about CLIMATE CHANGE!!!,"They don't want you to see this! A secret government memo leak proof of a global conspiracy related to climate change. Thousands of people are waking up to the truth every single day. This proves once and for all what they've been hiding all along. Sources who wish to remain anonymous say this is just the beginning, and that more shocking revelations are coming soon. Do your own research!",News,fake
SCIENTISTS YOU'VE NEVER HEARD OF SAY THE GOVERNMENT IS HIDING THE CURE FOR CANCER about THE NEW VACCINE!!!,"Share before it gets deleted! Scientists you've never heard of say the government is hiding the cure for cancer related to the new vaccine. Click here now before this post gets taken down forever. Share this NOW so the truth can finally come out!!! Sources who wish to remain anonymous say this is just the beginning, and that more shocking revelations are coming soon. Do your own research!",News,fake
A SELF-PROCLAIMED EXPERT REVEAL THE TRUTH THEY DON'T WANT YOU TO KNOW about THE HOUSING MARKET!!!,"Experts are too afraid to speak up! A self-proclaimed expert reveal the truth they don't want you to know related to the housing market. Thousands of people are waking up to the truth every single day. Share this NOW so the truth can finally come out!!! Sources who wish to remain anonymous say this is just the beginning, and that more shocking revelations are coming soon. Do your own research!",News,fake
A MYSTERIOUS WHISTLEBLOWER LEAK PROOF OF A GLOBAL CONSPIRACY about A VIRAL HEALTH TREND!!!,"Experts are too afraid to speak up! A mysterious whistleblower leak proof of a global conspiracy related to a viral health trend. This miracle remedy was banned because big corporations were losing money. This proves once and for all what they've been hiding all along. Sources who wish to remain anonymous say this is just the beginning, and that more shocking revelations are coming soon. Do your own research!",News,fake
A SELF-PROCLAIMED EXPERT EXPOSE A MASSIVE COVER-UP about A GLOBAL PANDEMIC!!!,"Share before it gets deleted! A self-proclaimed expert expose a massive cover-up related to a global pandemic. Share this NOW so the truth can finally come out!!! The mainstream media is completely silent about this shocking truth. Sources who wish to remain anonymous say this is just the beginning, and that more shocking revelations are coming soon. Do your own research!",News,fake
AN ANONYMOUS INSIDER WARN THAT THE WORLD WILL END NEXT MONTH about A TECH COMPANY'S NEW PRODUCT!!!,"They don't want you to see this! An anonymous insider warn that the world will end next month related to a tech company's new product. Thousands of people are waking up to the truth every single day. This proves once and for all what they've been hiding all along. Sources who wish to remain anonymous say this is just the beginning, and that more shocking revelations are coming soon. Do your own research!",News,fake
AN UNNAMED SOURCE CLOSE TO THE FAMILY REVEAL THE TRUTH THEY DON'T WANT YOU TO KNOW about A MAJOR SPORTS EVENT!!!,"This has been hidden from the public for years! An unnamed source close to the family reveal the truth they don't want you to know related to a major sports event. The mainstream media is completely silent about this shocking truth. Share this NOW so the truth can finally come out!!! Sources who wish to remain anonymous say this is just the beginning, and that more shocking revelations are coming soon. Do your own research!",News,fake
A MYSTERIOUS WHISTLEBLOWER REVEAL CELEBRITIES ARE ACTUALLY ROBOTS about THE NEW VACCINE!!!,"You won't believe what happens next! A mysterious whistleblower reveal celebrities are actually robots related to the new vaccine. Share this NOW so the truth can finally come out!!! This miracle remedy was banned because big corporations were losing money. Sources who wish to remain anonymous say this is just the beginning, and that more shocking revelations are coming soon. Do your own research!",News,fake
SOCIAL MEDIA USERS SAY THE VACCINE SECRETLY CONTAINS MICROCHIPS about A VIRAL HEALTH TREND!!!,"Experts are too afraid to speak up! Social media users say the vaccine secretly contains microchips related to a viral health trend. Share this NOW so the truth can finally come out!!! Share this NOW so the truth can finally come out!!! Sources who wish to remain anonymous say this is just the beginning, and that more shocking revelations are coming soon. Do your own research!",News,fake
AN ANONYMOUS INSIDER REVEAL THE TRUTH THEY DON'T WANT YOU TO KNOW about A TECH COMPANY'S NEW PRODUCT!!!,"They don't want you to see this! An anonymous insider reveal the truth they don't want you to know related to a tech company's new product. The mainstream media is completely silent about this shocking truth. This proves once and for all what they've been hiding all along. Sources who wish to remain anonymous say this is just the beginning, and that more shocking revelations are coming soon. Do your own research!",News,fake
AN ANONYMOUS INSIDER SAY THE GOVERNMENT IS HIDING THE CURE FOR CANCER about A NEW TECHNOLOGY!!!,"Wake up people, this is huge! An anonymous insider say the government is hiding the cure for cancer related to a new technology. This proves once and for all what they've been hiding all along. Share this NOW so the truth can finally come out!!! Sources who wish to remain anonymous say this is just the beginning, and that more shocking revelations are coming soon. Do your own research!",News,fake
A SECRET GOVERNMENT MEMO WARN THAT THE WORLD WILL END NEXT MONTH about THE ECONOMY!!!,"Share before it gets deleted! A secret government memo warn that the world will end next month related to the economy. Thousands of people are waking up to the truth every single day. The mainstream media is completely silent about this shocking truth. Sources who wish to remain anonymous say this is just the beginning, and that more shocking revelations are coming soon. Do your own research!",News,fake
CELEBRITIES SAY THE GOVERNMENT IS HIDING THE CURE FOR CANCER about A NATURAL DISASTER!!!,"Share before it gets deleted! Celebrities say the government is hiding the cure for cancer related to a natural disaster. Thousands of people are waking up to the truth every single day. This proves once and for all what they've been hiding all along. Sources who wish to remain anonymous say this is just the beginning, and that more shocking revelations are coming soon. Do your own research!",News,fake
AN ANONYMOUS INSIDER SHOW THE SHOCKING SECRET BEHIND THE SCENES about THE ECONOMY!!!,"This has been hidden from the public for years! An anonymous insider show the shocking secret behind the scenes related to the economy. The mainstream media is completely silent about this shocking truth. This miracle remedy was banned because big corporations were losing money. Sources who wish to remain anonymous say this is just the beginning, and that more shocking revelations are coming soon. Do your own research!",News,fake
CELEBRITIES CLAIM THE ELECTION WAS COMPLETELY RIGGED about THE UPCOMING ELECTION!!!,"The mainstream media refuses to report this! Celebrities claim the election was completely rigged related to the upcoming election. Click here now before this post gets taken down forever. This proves once and for all what they've been hiding all along. Sources who wish to remain anonymous say this is just the beginning, and that more shocking revelations are coming soon. Do your own research!",News,fake
CELEBRITIES INSIST THE MOON LANDING WAS STAGED about THE ECONOMY!!!,"They don't want you to see this! Celebrities insist the moon landing was staged related to the economy. Share this NOW so the truth can finally come out!!! This proves once and for all what they've been hiding all along. Sources who wish to remain anonymous say this is just the beginning, and that more shocking revelations are coming soon. Do your own research!",News,fake
A LEAKED DOCUMENT CLAIM THE ELECTION WAS COMPLETELY RIGGED about THE HOUSING MARKET!!!,"Experts are too afraid to speak up! A leaked document claim the election was completely rigged related to the housing market. The mainstream media is completely silent about this shocking truth. Click here now before this post gets taken down forever. Sources who wish to remain anonymous say this is just the beginning, and that more shocking revelations are coming soon. Do your own research!",News,fake
CELEBRITIES CLAIM THE ELECTION WAS COMPLETELY RIGGED about A NEW TECHNOLOGY!!!,"Experts are too afraid to speak up! Celebrities claim the election was completely rigged related to a new technology. This proves once and for all what they've been hiding all along. Forward this to everyone you know before it's too late!!! Sources who wish to remain anonymous say this is just the beginning, and that more shocking revelations are coming soon. Do your own research!",News,fake
A VIRAL POST REVEAL CELEBRITIES ARE ACTUALLY ROBOTS about A VIRAL HEALTH TREND!!!,"The mainstream media refuses to report this! A viral post reveal celebrities are actually robots related to a viral health trend. Nobody is talking about this and that should scare you. Share this NOW so the truth can finally come out!!! Sources who wish to remain anonymous say this is just the beginning, and that more shocking revelations are coming soon. Do your own research!",News,fake
A MYSTERIOUS WHISTLEBLOWER WARN THAT THE WORLD WILL END NEXT MONTH about A POPULAR CELEBRITY!!!,"The mainstream media refuses to report this! A mysterious whistleblower warn that the world will end next month related to a popular celebrity. The mainstream media is completely silent about this shocking truth. Share this NOW so the truth can finally come out!!! Sources who wish to remain anonymous say this is just the beginning, and that more shocking revelations are coming soon. Do your own research!",News,fake
A MYSTERIOUS WHISTLEBLOWER LEAK PROOF OF A GLOBAL CONSPIRACY about A POPULAR CELEBRITY!!!,"Wake up people, this is huge! A mysterious whistleblower leak proof of a global conspiracy related to a popular celebrity. Thousands of people are waking up to the truth every single day. Thousands of people are waking up to the truth every single day. Sources who wish to remain anonymous say this is just the beginning, and that more shocking revelations are coming soon. Do your own research!",News,fake
A SELF-PROCLAIMED EXPERT WARN THAT THE WORLD WILL END NEXT MONTH about A TECH COMPANY'S NEW PRODUCT!!!,"Share before it gets deleted! A self-proclaimed expert warn that the world will end next month related to a tech company's new product. Forward this to everyone you know before it's too late!!! The mainstream media is completely silent about this shocking truth. Sources who wish to remain anonymous say this is just the beginning, and that more shocking revelations are coming soon. Do your own research!",News,fake
AN UNNAMED SOURCE CLOSE TO THE FAMILY EXPOSE A MASSIVE COVER-UP about A POPULAR CELEBRITY!!!,"Wake up people, this is huge! An unnamed source close to the family expose a massive cover-up related to a popular celebrity. Nobody is talking about this and that should scare you. Nobody is talking about this and that should scare you. Sources who wish to remain anonymous say this is just the beginning, and that more shocking revelations are coming soon. Do your own research!",News,fake
SOCIAL MEDIA USERS CLAIM THIS ONE WEIRD TRICK CURES EVERYTHING about A POLITICAL SCANDAL!!!,"Wake up people, this is huge! Social media users claim this one weird trick cures everything related to a political scandal. Share this NOW so the truth can finally come out!!! The mainstream media is completely silent about this shocking truth. Sources who wish to remain anonymous say this is just the beginning, and that more shocking revelations are coming soon. Do your own research!",News,fake
AN ANONYMOUS INSIDER SAY THE GOVERNMENT IS HIDING THE CURE FOR CANCER about A TECH COMPANY'S NEW PRODUCT!!!,"This will shock you! An anonymous insider say the government is hiding the cure for cancer related to a tech company's new product. Thousands of people are waking up to the truth every single day. Nobody is talking about this and that should scare you. Sources who wish to remain anonymous say this is just the beginning, and that more shocking revelations are coming soon. Do your own research!",News,fake
SOCIAL MEDIA USERS REVEAL THE TRUTH THEY DON'T WANT YOU TO KNOW about A NATURAL DISASTER!!!,"Share before it gets deleted! Social media users reveal the truth they don't want you to know related to a natural disaster. Nobody is talking about this and that should scare you. Nobody is talking about this and that should scare you. Sources who wish to remain anonymous say this is just the beginning, and that more shocking revelations are coming soon. Do your own research!",News,fake
A LEAKED DOCUMENT CLAIM THIS ONE WEIRD TRICK CURES EVERYTHING about A TECH COMPANY'S NEW PRODUCT!!!,"The mainstream media refuses to report this! A leaked document claim this one weird trick cures everything related to a tech company's new product. Share this NOW so the truth can finally come out!!! Nobody is talking about this and that should scare you. Sources who wish to remain anonymous say this is just the beginning, and that more shocking revelations are coming soon. Do your own research!",News,fake
SOCIAL MEDIA USERS LEAK PROOF OF A GLOBAL CONSPIRACY about A NATURAL DISASTER!!!,"Experts are too afraid to speak up! Social media users leak proof of a global conspiracy related to a natural disaster. Thousands of people are waking up to the truth every single day. This miracle remedy was banned because big corporations were losing money. Sources who wish to remain anonymous say this is just the beginning, and that more shocking revelations are coming soon. Do your own research!",News,fake
A MYSTERIOUS WHISTLEBLOWER LEAK PROOF OF A GLOBAL CONSPIRACY about A GLOBAL PANDEMIC!!!,"This has been hidden from the public for years! A mysterious whistleblower leak proof of a global conspiracy related to a global pandemic. This proves once and for all what they've been hiding all along. Share this NOW so the truth can finally come out!!! Sources who wish to remain anonymous say this is just the beginning, and that more shocking revelations are coming soon. Do your own research!",News,fake
A MYSTERIOUS WHISTLEBLOWER CLAIM THIS ONE WEIRD TRICK CURES EVERYTHING about THE NEW VACCINE!!!,"This will shock you! A mysterious whistleblower claim this one weird trick cures everything related to the new vaccine. Nobody is talking about this and that should scare you. Nobody is talking about this and that should scare you. Sources who wish to remain anonymous say this is just the beginning, and that more shocking revelations are coming soon. Do your own research!",News,fake
A MYSTERIOUS WHISTLEBLOWER CLAIM THIS ONE WEIRD TRICK CURES EVERYTHING about A GLOBAL PANDEMIC!!!,"Share before it gets deleted! A mysterious whistleblower claim this one weird trick cures everything related to a global pandemic. Forward this to everyone you know before it's too late!!! Click here now before this post gets taken down forever. Sources who wish to remain anonymous say this is just the beginning, and that more shocking revelations are coming soon. Do your own research!",News,fake
DOCTORS SAY THE VACCINE SECRETLY CONTAINS MICROCHIPS about THE EDUCATION SYSTEM!!!,"Share before it gets deleted! Doctors say the vaccine secretly contains microchips related to the education system. This proves once and for all what they've been hiding all along. Share this NOW so the truth can finally come out!!! Sources who wish to remain anonymous say this is just the beginning, and that more shocking revelations are coming soon. Do your own research!",News,fake
A MYSTERIOUS WHISTLEBLOWER EXPOSE A MASSIVE COVER-UP about THE NEW VACCINE!!!,"They don't want you to see this! A mysterious whistleblower expose a massive cover-up related to the new vaccine. Forward this to everyone you know before it's too late!!! Nobody is talking about this and that should scare you. Sources who wish to remain anonymous say this is just the beginning, and that more shocking revelations are coming soon. Do your own research!",News,fake
A SECRET GOVERNMENT MEMO REVEAL CELEBRITIES ARE ACTUALLY ROBOTS about THE HOUSING MARKET!!!,"They don't want you to see this! A secret government memo reveal celebrities are actually robots related to the housing market. Nobody is talking about this and that should scare you. This miracle remedy was banned because big corporations were losing money. Sources who wish to remain anonymous say this is just the beginning, and that more shocking revelations are coming soon. Do your own research!",News,fake
AN UNNAMED SOURCE CLOSE TO THE FAMILY REVEAL THE TRUTH THEY DON'T WANT YOU TO KNOW about A TECH COMPANY'S NEW PRODUCT!!!,"You won't believe what happens next! An unnamed source close to the family reveal the truth they don't want you to know related to a tech company's new product. Nobody is talking about this and that should scare you. Click here now before this post gets taken down forever. Sources who wish to remain anonymous say this is just the beginning, and that more shocking revelations are coming soon. Do your own research!",News,fake
CELEBRITIES SAY THE VACCINE SECRETLY CONTAINS MICROCHIPS about A NEW TECHNOLOGY!!!,"You won't believe what happens next! Celebrities say the vaccine secretly contains microchips related to a new technology. Nobody is talking about this and that should scare you. Thousands of people are waking up to the truth every single day. Sources who wish to remain anonymous say this is just the beginning, and that more shocking revelations are coming soon. Do your own research!",News,fake
A SELF-PROCLAIMED EXPERT INSIST THE MOON LANDING WAS STAGED about THE EDUCATION SYSTEM!!!,"Share before it gets deleted! A self-proclaimed expert insist the moon landing was staged related to the education system. This proves once and for all what they've been hiding all along. Thousands of people are waking up to the truth every single day. Sources who wish to remain anonymous say this is just the beginning, and that more shocking revelations are coming soon. Do your own research!",News,fake
A SECRET GOVERNMENT MEMO WARN THAT THE WORLD WILL END NEXT MONTH about A TECH COMPANY'S NEW PRODUCT!!!,"This has been hidden from the public for years! A secret government memo warn that the world will end next month related to a tech company's new product. This proves once and for all what they've been hiding all along. The mainstream media is completely silent about this shocking truth. Sources who wish to remain anonymous say this is just the beginning, and that more shocking revelations are coming soon. Do your own research!",News,fake
A VIRAL POST SHOW THE SHOCKING SECRET BEHIND THE SCENES about THE STOCK MARKET!!!,"This will shock you! A viral post show the shocking secret behind the scenes related to the stock market. This proves once and for all what they've been hiding all along. This proves once and for all what they've been hiding all along. Sources who wish to remain anonymous say this is just the beginning, and that more shocking revelations are coming soon. Do your own research!",News,fake
SOCIAL MEDIA USERS SHOW THE SHOCKING SECRET BEHIND THE SCENES about A TECH COMPANY'S NEW PRODUCT!!!,"This has been hidden from the public for years! Social media users show the shocking secret behind the scenes related to a tech company's new product. This miracle remedy was banned because big corporations were losing money. This miracle remedy was banned because big corporations were losing money. Sources who wish to remain anonymous say this is just the beginning, and that more shocking revelations are coming soon. Do your own research!",News,fake
SOCIAL MEDIA USERS REVEAL CELEBRITIES ARE ACTUALLY ROBOTS about THE EDUCATION SYSTEM!!!,"This will shock you! Social media users reveal celebrities are actually robots related to the education system. Thousands of people are waking up to the truth every single day. Share this NOW so the truth can finally come out!!! Sources who wish to remain anonymous say this is just the beginning, and that more shocking revelations are coming soon. Do your own research!",News,fake
A POPULAR BLOGGER LEAK PROOF OF A GLOBAL CONSPIRACY about THE NEW VACCINE!!!,"This will shock you! A popular blogger leak proof of a global conspiracy related to the new vaccine. Nobody is talking about this and that should scare you. Click here now before this post gets taken down forever. Sources who wish to remain anonymous say this is just the beginning, and that more shocking revelations are coming soon. Do your own research!",News,fake
A SHOCKING NEW REPORT SAY THE VACCINE SECRETLY CONTAINS MICROCHIPS about A NEW TECHNOLOGY!!!,"They don't want you to see this! A shocking new report say the vaccine secretly contains microchips related to a new technology. Forward this to everyone you know before it's too late!!! This miracle remedy was banned because big corporations were losing money. Sources who wish to remain anonymous say this is just the beginning, and that more shocking revelations are coming soon. Do your own research!",News,fake
A VIRAL POST WARN THAT THE WORLD WILL END NEXT MONTH about THE ECONOMY!!!,"Wake up people, this is huge! A viral post warn that the world will end next month related to the economy. The mainstream media is completely silent about this shocking truth. Nobody is talking about this and that should scare you. Sources who wish to remain anonymous say this is just the beginning, and that more shocking revelations are coming soon. Do your own research!",News,fake
A SHOCKING NEW REPORT LEAK PROOF OF A GLOBAL CONSPIRACY about A TECH COMPANY'S NEW PRODUCT!!!,"Wake up people, this is huge! A shocking new report leak proof of a global conspiracy related to a tech company's new product. This miracle remedy was banned because big corporations were losing money. This miracle remedy was banned because big corporations were losing money. Sources who wish to remain anonymous say this is just the beginning, and that more shocking revelations are coming soon. Do your own research!",News,fake
AN ANONYMOUS INSIDER INSIST THE MOON LANDING WAS STAGED about THE NEW VACCINE!!!,"Experts are too afraid to speak up! An anonymous insider insist the moon landing was staged related to the new vaccine. This proves once and for all what they've been hiding all along. This proves once and for all what they've been hiding all along. Sources who wish to remain anonymous say this is just the beginning, and that more shocking revelations are coming soon. Do your own research!",News,fake
SOCIAL MEDIA USERS SAY THE VACCINE SECRETLY CONTAINS MICROCHIPS about A TECH COMPANY'S NEW PRODUCT!!!,"This will shock you! Social media users say the vaccine secretly contains microchips related to a tech company's new product. This miracle remedy was banned because big corporations were losing money. Forward this to everyone you know before it's too late!!! Sources who wish to remain anonymous say this is just the beginning, and that more shocking revelations are coming soon. Do your own research!",News,fake
A VIRAL POST CLAIM THE ELECTION WAS COMPLETELY RIGGED about A VIRAL HEALTH TREND!!!,"You won't believe what happens next! A viral post claim the election was completely rigged related to a viral health trend. Thousands of people are waking up to the truth every single day. Share this NOW so the truth can finally come out!!! Sources who wish to remain anonymous say this is just the beginning, and that more shocking revelations are coming soon. Do your own research!",News,fake
SCIENTISTS YOU'VE NEVER HEARD OF EXPOSE A MASSIVE COVER-UP about A TECH COMPANY'S NEW PRODUCT!!!,"The mainstream media refuses to report this! Scientists you've never heard of expose a massive cover-up related to a tech company's new product. Share this NOW so the truth can finally come out!!! The mainstream media is completely silent about this shocking truth. Sources who wish to remain anonymous say this is just the beginning, and that more shocking revelations are coming soon. Do your own research!",News,fake
DOCTORS CONFIRM ALIENS ARE HIDING AMONG US about CLIMATE CHANGE!!!,"This has been hidden from the public for years! Doctors confirm aliens are hiding among us related to climate change. This proves once and for all what they've been hiding all along. Forward this to everyone you know before it's too late!!! Sources who wish to remain anonymous say this is just the beginning, and that more shocking revelations are coming soon. Do your own research!",News,fake
A SECRET GOVERNMENT MEMO REVEAL THE TRUTH THEY DON'T WANT YOU TO KNOW about A POPULAR CELEBRITY!!!,"Share before it gets deleted! A secret government memo reveal the truth they don't want you to know related to a popular celebrity. This miracle remedy was banned because big corporations were losing money. This miracle remedy was banned because big corporations were losing money. Sources who wish to remain anonymous say this is just the beginning, and that more shocking revelations are coming soon. Do your own research!",News,fake
A SELF-PROCLAIMED EXPERT WARN THAT THE WORLD WILL END NEXT MONTH about A VIRAL HEALTH TREND!!!,"You won't believe what happens next! A self-proclaimed expert warn that the world will end next month related to a viral health trend. Nobody is talking about this and that should scare you. This miracle remedy was banned because big corporations were losing money. Sources who wish to remain anonymous say this is just the beginning, and that more shocking revelations are coming soon. Do your own research!",News,fake
A SHOCKING NEW REPORT WARN THAT THE WORLD WILL END NEXT MONTH about A GLOBAL PANDEMIC!!!,"This has been hidden from the public for years! A shocking new report warn that the world will end next month related to a global pandemic. Nobody is talking about this and that should scare you. Click here now before this post gets taken down forever. Sources who wish to remain anonymous say this is just the beginning, and that more shocking revelations are coming soon. Do your own research!",News,fake
CELEBRITIES REVEAL CELEBRITIES ARE ACTUALLY ROBOTS about THE NEW VACCINE!!!,"This has been hidden from the public for years! Celebrities reveal celebrities are actually robots related to the new vaccine. Click here now before this post gets taken down forever. Forward this to everyone you know before it's too late!!! Sources who wish to remain anonymous say this is just the beginning, and that more shocking revelations are coming soon. Do your own research!",News,fake
A LEAKED DOCUMENT SAY THE GOVERNMENT IS HIDING THE CURE FOR CANCER about A GLOBAL PANDEMIC!!!,"The mainstream media refuses to report this! A leaked document say the government is hiding the cure for cancer related to a global pandemic. Forward this to everyone you know before it's too late!!! Click here now before this post gets taken down forever. Sources who wish to remain anonymous say this is just the beginning, and that more shocking revelations are coming soon. Do your own research!",News,fake
A POPULAR BLOGGER LEAK PROOF OF A GLOBAL CONSPIRACY about THE NEW VACCINE!!!,"Wake up people, this is huge! A popular blogger leak proof of a global conspiracy related to the new vaccine. Thousands of people are waking up to the truth every single day. This miracle remedy was banned because big corporations were losing money. Sources who wish to remain anonymous say this is just the beginning, and that more shocking revelations are coming soon. Do your own research!",News,fake
AN UNNAMED SOURCE CLOSE TO THE FAMILY SHOW THE SHOCKING SECRET BEHIND THE SCENES about THE ECONOMY!!!,"You won't believe what happens next! An unnamed source close to the family show the shocking secret behind the scenes related to the economy. Share this NOW so the truth can finally come out!!! Click here now before this post gets taken down forever. Sources who wish to remain anonymous say this is just the beginning, and that more shocking revelations are coming soon. Do your own research!",News,fake
A POPULAR BLOGGER SAY THE VACCINE SECRETLY CONTAINS MICROCHIPS about THE STOCK MARKET!!!,"This has been hidden from the public for years! A popular blogger say the vaccine secretly contains microchips related to the stock market. Thousands of people are waking up to the truth every single day. Click here now before this post gets taken down forever. Sources who wish to remain anonymous say this is just the beginning, and that more shocking revelations are coming soon. Do your own research!",News,fake
SOCIAL MEDIA USERS REVEAL THE TRUTH THEY DON'T WANT YOU TO KNOW about THE EDUCATION SYSTEM!!!,"Share before it gets deleted! Social media users reveal the truth they don't want you to know related to the education system. Click here now before this post gets taken down forever. This proves once and for all what they've been hiding all along. Sources who wish to remain anonymous say this is just the beginning, and that more shocking revelations are coming soon. Do your own research!",News,fake
A MYSTERIOUS WHISTLEBLOWER INSIST THE MOON LANDING WAS STAGED about A POPULAR CELEBRITY!!!,"Wake up people, this is huge! A mysterious whistleblower insist the moon landing was staged related to a popular celebrity. Thousands of people are waking up to the truth every single day. Nobody is talking about this and that should scare you. Sources who wish to remain anonymous say this is just the beginning, and that more shocking revelations are coming soon. Do your own research!",News,fake
SOCIAL MEDIA USERS WARN THAT THE WORLD WILL END NEXT MONTH about A VIRAL HEALTH TREND!!!,"You won't believe what happens next! Social media users warn that the world will end next month related to a viral health trend. Share this NOW so the truth can finally come out!!! Forward this to everyone you know before it's too late!!! Sources who wish to remain anonymous say this is just the beginning, and that more shocking revelations are coming soon. Do your own research!",News,fake
AN UNNAMED SOURCE CLOSE TO THE FAMILY REVEAL THE TRUTH THEY DON'T WANT YOU TO KNOW about THE HOUSING MARKET!!!,"This will shock you! An unnamed source close to the family reveal the truth they don't want you to know related to the housing market. Forward this to everyone you know before it's too late!!! Share this NOW so the truth can finally come out!!! Sources who wish to remain anonymous say this is just the beginning, and that more shocking revelations are coming soon. Do your own research!",News,fake
A LEAKED DOCUMENT WARN THAT THE WORLD WILL END NEXT MONTH about THE NEW VACCINE!!!,"You won't believe what happens next! A leaked document warn that the world will end next month related to the new vaccine. Share this NOW so the truth can finally come out!!! Nobody is talking about this and that should scare you. Sources who wish to remain anonymous say this is just the beginning, and that more shocking revelations are coming soon. Do your own research!",News,fake
A MYSTERIOUS WHISTLEBLOWER SAY THE VACCINE SECRETLY CONTAINS MICROCHIPS about THE UPCOMING ELECTION!!!,"Experts are too afraid to speak up! A mysterious whistleblower say the vaccine secretly contains microchips related to the upcoming election. The mainstream media is completely silent about this shocking truth. Click here now before this post gets taken down forever. Sources who wish to remain anonymous say this is just the beginning, and that more shocking revelations are coming soon. Do your own research!",News,fake
DOCTORS SAY THE VACCINE SECRETLY CONTAINS MICROCHIPS about A GLOBAL PANDEMIC!!!,"Wake up people, this is huge! Doctors say the vaccine secretly contains microchips related to a global pandemic. Thousands of people are waking up to the truth every single day. Forward this to everyone you know before it's too late!!! Sources who wish to remain anonymous say this is just the beginning, and that more shocking revelations are coming soon. Do your own research!",News,fake
AN ANONYMOUS INSIDER REVEAL CELEBRITIES ARE ACTUALLY ROBOTS about A NATURAL DISASTER!!!,"The mainstream media refuses to report this! An anonymous insider reveal celebrities are actually robots related to a natural disaster. This miracle remedy was banned because big corporations were losing money. The mainstream media is completely silent about this shocking truth. Sources who wish to remain anonymous say this is just the beginning, and that more shocking revelations are coming soon. Do your own research!",News,fake
AN UNNAMED SOURCE CLOSE TO THE FAMILY INSIST THE MOON LANDING WAS STAGED about THE UPCOMING ELECTION!!!,"They don't want you to see this! An unnamed source close to the family insist the moon landing was staged related to the upcoming election. Forward this to everyone you know before it's too late!!! Click here now before this post gets taken down forever. Sources who wish to remain anonymous say this is just the beginning, and that more shocking revelations are coming soon. Do your own research!",News,fake
A SHOCKING NEW REPORT LEAK PROOF OF A GLOBAL CONSPIRACY about A POPULAR CELEBRITY!!!,"This has been hidden from the public for years! A shocking new report leak proof of a global conspiracy related to a popular celebrity. The mainstream media is completely silent about this shocking truth. Share this NOW so the truth can finally come out!!! Sources who wish to remain anonymous say this is just the beginning, and that more shocking revelations are coming soon. Do your own research!",News,fake
SCIENTISTS YOU'VE NEVER HEARD OF LEAK PROOF OF A GLOBAL CONSPIRACY about THE STOCK MARKET!!!,"Wake up people, this is huge! Scientists you've never heard of leak proof of a global conspiracy related to the stock market. Forward this to everyone you know before it's too late!!! This proves once and for all what they've been hiding all along. Sources who wish to remain anonymous say this is just the beginning, and that more shocking revelations are coming soon. Do your own research!",News,fake
SOCIAL MEDIA USERS LEAK PROOF OF A GLOBAL CONSPIRACY about A GLOBAL PANDEMIC!!!,"This will shock you! Social media users leak proof of a global conspiracy related to a global pandemic. Thousands of people are waking up to the truth every single day. Thousands of people are waking up to the truth every single day. Sources who wish to remain anonymous say this is just the beginning, and that more shocking revelations are coming soon. Do your own research!",News,fake
CELEBRITIES LEAK PROOF OF A GLOBAL CONSPIRACY about A VIRAL HEALTH TREND!!!,"You won't believe what happens next! Celebrities leak proof of a global conspiracy related to a viral health trend. Nobody is talking about this and that should scare you. Click here now before this post gets taken down forever. Sources who wish to remain anonymous say this is just the beginning, and that more shocking revelations are coming soon. Do your own research!",News,fake
A SHOCKING NEW REPORT REVEAL CELEBRITIES ARE ACTUALLY ROBOTS about THE NEW VACCINE!!!,"The mainstream media refuses to report this! A shocking new report reveal celebrities are actually robots related to the new vaccine. Share this NOW so the truth can finally come out!!! The mainstream media is completely silent about this shocking truth. Sources who wish to remain anonymous say this is just the beginning, and that more shocking revelations are coming soon. Do your own research!",News,fake
A LEAKED DOCUMENT CONFIRM ALIENS ARE HIDING AMONG US about A POLITICAL SCANDAL!!!,"This will shock you! A leaked document confirm aliens are hiding among us related to a political scandal. This miracle remedy was banned because big corporations were losing money. Forward this to everyone you know before it's too late!!! Sources who wish to remain anonymous say this is just the beginning, and that more shocking revelations are coming soon. Do your own research!",News,fake
A SECRET GOVERNMENT MEMO REVEAL THE TRUTH THEY DON'T WANT YOU TO KNOW about THE HOUSING MARKET!!!,"You won't believe what happens next! A secret government memo reveal the truth they don't want you to know related to the housing market. Forward this to everyone you know before it's too late!!! Click here now before this post gets taken down forever. Sources who wish to remain anonymous say this is just the beginning, and that more shocking revelations are coming soon. Do your own research!",News,fake
A POPULAR BLOGGER SAY THE GOVERNMENT IS HIDING THE CURE FOR CANCER about A NEW TECHNOLOGY!!!,"You won't believe what happens next! A popular blogger say the government is hiding the cure for cancer related to a new technology. This proves once and for all what they've been hiding all along. Share this NOW so the truth can finally come out!!! Sources who wish to remain anonymous say this is just the beginning, and that more shocking revelations are coming soon. Do your own research!",News,fake
AN UNNAMED SOURCE CLOSE TO THE FAMILY CONFIRM ALIENS ARE HIDING AMONG US about THE NEW VACCINE!!!,"The mainstream media refuses to report this! An unnamed source close to the family confirm aliens are hiding among us related to the new vaccine. The mainstream media is completely silent about this shocking truth. Forward this to everyone you know before it's too late!!! Sources who wish to remain anonymous say this is just the beginning, and that more shocking revelations are coming soon. Do your own research!",News,fake
A SELF-PROCLAIMED EXPERT REVEAL CELEBRITIES ARE ACTUALLY ROBOTS about THE STOCK MARKET!!!,"They don't want you to see this! A self-proclaimed expert reveal celebrities are actually robots related to the stock market. This proves once and for all what they've been hiding all along. Share this NOW so the truth can finally come out!!! Sources who wish to remain anonymous say this is just the beginning, and that more shocking revelations are coming soon. Do your own research!",News,fake
A MYSTERIOUS WHISTLEBLOWER CLAIM THIS ONE WEIRD TRICK CURES EVERYTHING about CLIMATE CHANGE!!!,"You won't believe what happens next! A mysterious whistleblower claim this one weird trick cures everything related to climate change. Click here now before this post gets taken down forever. This proves once and for all what they've been hiding all along. Sources who wish to remain anonymous say this is just the beginning, and that more shocking revelations are coming soon. Do your own research!",News,fake
CELEBRITIES SAY THE VACCINE SECRETLY CONTAINS MICROCHIPS about A POPULAR CELEBRITY!!!,"Experts are too afraid to speak up! Celebrities say the vaccine secretly contains microchips related to a popular celebrity. Nobody is talking about this and that should scare you. Forward this to everyone you know before it's too late!!! Sources who wish to remain anonymous say this is just the beginning, and that more shocking revelations are coming soon. Do your own research!",News,fake
A LEAKED DOCUMENT CONFIRM ALIENS ARE HIDING AMONG US about THE UPCOMING ELECTION!!!,"The mainstream media refuses to report this! A leaked document confirm aliens are hiding among us related to the upcoming election. Thousands of people are waking up to the truth every single day. The mainstream media is completely silent about this shocking truth. Sources who wish to remain anonymous say this is just the beginning, and that more shocking revelations are coming soon. Do your own research!",News,fake
A POPULAR BLOGGER CLAIM THE ELECTION WAS COMPLETELY RIGGED about A VIRAL HEALTH TREND!!!,"Experts are too afraid to speak up! A popular blogger claim the election was completely rigged related to a viral health trend. Click here now before this post gets taken down forever. This proves once and for all what they've been hiding all along. Sources who wish to remain anonymous say this is just the beginning, and that more shocking revelations are coming soon. Do your own research!",News,fake
A VIRAL POST CLAIM THIS ONE WEIRD TRICK CURES EVERYTHING about THE EDUCATION SYSTEM!!!,"The mainstream media refuses to report this! A viral post claim this one weird trick cures everything related to the education system. Thousands of people are waking up to the truth every single day. Share this NOW so the truth can finally come out!!! Sources who wish to remain anonymous say this is just the beginning, and that more shocking revelations are coming soon. Do your own research!",News,fake
A VIRAL POST LEAK PROOF OF A GLOBAL CONSPIRACY about A TECH COMPANY'S NEW PRODUCT!!!,"Share before it gets deleted! A viral post leak proof of a global conspiracy related to a tech company's new product. Forward this to everyone you know before it's too late!!! Nobody is talking about this and that should scare you. Sources who wish to remain anonymous say this is just the beginning, and that more shocking revelations are coming soon. Do your own research!",News,fake
SCIENTISTS YOU'VE NEVER HEARD OF SHOW THE SHOCKING SECRET BEHIND THE SCENES about A NATURAL DISASTER!!!,"The mainstream media refuses to report this! Scientists you've never heard of show the shocking secret behind the scenes related to a natural disaster. Nobody is talking about this and that should scare you. Forward this to everyone you know before it's too late!!! Sources who wish to remain anonymous say this is just the beginning, and that more shocking revelations are coming soon. Do your own research!",News,fake
SCIENTISTS YOU'VE NEVER HEARD OF INSIST THE MOON LANDING WAS STAGED about THE STOCK MARKET!!!,"Share before it gets deleted! Scientists you've never heard of insist the moon landing was staged related to the stock market. Thousands of people are waking up to the truth every single day. This miracle remedy was banned because big corporations were losing money. Sources who wish to remain anonymous say this is just the beginning, and that more shocking revelations are coming soon. Do your own research!",News,fake
DOCTORS SAY THE GOVERNMENT IS HIDING THE CURE FOR CANCER about A MAJOR SPORTS EVENT!!!,"Share before it gets deleted! Doctors say the government is hiding the cure for cancer related to a major sports event. The mainstream media is completely silent about this shocking truth. Nobody is talking about this and that should scare you. Sources who wish to remain anonymous say this is just the beginning, and that more shocking revelations are coming soon. Do your own research!",News,fake
A MYSTERIOUS WHISTLEBLOWER CONFIRM ALIENS ARE HIDING AMONG US about THE HOUSING MARKET!!!,"Share before it gets deleted! A mysterious whistleblower confirm aliens are hiding among us related to the housing market. This proves once and for all what they've been hiding all along. The mainstream media is completely silent about this shocking truth. Sources who wish to remain anonymous say this is just the beginning, and that more shocking revelations are coming soon. Do your own research!",News,fake
AN UNNAMED SOURCE CLOSE TO THE FAMILY LEAK PROOF OF A GLOBAL CONSPIRACY about THE STOCK MARKET!!!,"Experts are too afraid to speak up! An unnamed source close to the family leak proof of a global conspiracy related to the stock market. This proves once and for all what they've been hiding all along. Thousands of people are waking up to the truth every single day. Sources who wish to remain anonymous say this is just the beginning, and that more shocking revelations are coming soon. Do your own research!",News,fake
A SHOCKING NEW REPORT EXPOSE A MASSIVE COVER-UP about A NATURAL DISASTER!!!,"You won't believe what happens next! A shocking new report expose a massive cover-up related to a natural disaster. Click here now before this post gets taken down forever. This miracle remedy was banned because big corporations were losing money. Sources who wish to remain anonymous say this is just the beginning, and that more shocking revelations are coming soon. Do your own research!",News,fake
A MYSTERIOUS WHISTLEBLOWER SAY THE GOVERNMENT IS HIDING THE CURE FOR CANCER about CLIMATE CHANGE!!!,"This will shock you! A mysterious whistleblower say the government is hiding the cure for cancer related to climate change. This proves once and for all what they've been hiding all along. Nobody is talking about this and that should scare you. Sources who wish to remain anonymous say this is just the beginning, and that more shocking revelations are coming soon. Do your own research!",News,fake
AN UNNAMED SOURCE CLOSE TO THE FAMILY INSIST THE MOON LANDING WAS STAGED about THE EDUCATION SYSTEM!!!,"Wake up people, this is huge! An unnamed source close to the family insist the moon landing was staged related to the education system. Share this NOW so the truth can finally come out!!! Share this NOW so the truth can finally come out!!! Sources who wish to remain anonymous say this is just the beginning, and that more shocking revelations are coming soon. Do your own research!",News,fake
A VIRAL POST EXPOSE A MASSIVE COVER-UP about A TECH COMPANY'S NEW PRODUCT!!!,"Wake up people, this is huge! A viral post expose a massive cover-up related to a tech company's new product. Thousands of people are waking up to the truth every single day. This proves once and for all what they've been hiding all along. Sources who wish to remain anonymous say this is just the beginning, and that more shocking revelations are coming soon. Do your own research!",News,fake
A SHOCKING NEW REPORT SAY THE VACCINE SECRETLY CONTAINS MICROCHIPS about CLIMATE CHANGE!!!,"This will shock you! A shocking new report say the vaccine secretly contains microchips related to climate change. The mainstream media is completely silent about this shocking truth. Click here now before this post gets taken down forever. Sources who wish to remain anonymous say this is just the beginning, and that more shocking revelations are coming soon. Do your own research!",News,fake
AN UNNAMED SOURCE CLOSE TO THE FAMILY CLAIM THE ELECTION WAS COMPLETELY RIGGED about A MAJOR SPORTS EVENT!!!,"Experts are too afraid to speak up! An unnamed source close to the family claim the election was completely rigged related to a major sports event. Share this NOW so the truth can finally come out!!! Share this NOW so the truth can finally come out!!! Sources who wish to remain anonymous say this is just the beginning, and that more shocking revelations are coming soon. Do your own research!",News,fake
SCIENTISTS YOU'VE NEVER HEARD OF LEAK PROOF OF A GLOBAL CONSPIRACY about CLIMATE CHANGE!!!,"You won't believe what happens next! Scientists you've never heard of leak proof of a global conspiracy related to climate change. Share this NOW so the truth can finally come out!!! Thousands of people are waking up to the truth every single day. Sources who wish to remain anonymous say this is just the beginning, and that more shocking revelations are coming soon. Do your own research!",News,fake
AN UNNAMED SOURCE CLOSE TO THE FAMILY REVEAL CELEBRITIES ARE ACTUALLY ROBOTS about A POLITICAL SCANDAL!!!,"This will shock you! An unnamed source close to the family reveal celebrities are actually robots related to a political scandal. Click here now before this post gets taken down forever. Thousands of people are waking up to the truth every single day. Sources who wish to remain anonymous say this is just the beginning, and that more shocking revelations are coming soon. Do your own research!",News,fake
A SHOCKING NEW REPORT EXPOSE A MASSIVE COVER-UP about A POPULAR CELEBRITY!!!,"Experts are too afraid to speak up! A shocking new report expose a massive cover-up related to a popular celebrity. Click here now before this post gets taken down forever. Click here now before this post gets taken down forever. Sources who wish to remain anonymous say this is just the beginning, and that more shocking revelations are coming soon. Do your own research!",News,fake
A MYSTERIOUS WHISTLEBLOWER SAY THE VACCINE SECRETLY CONTAINS MICROCHIPS about A TECH COMPANY'S NEW PRODUCT!!!,"They don't want you to see this! A mysterious whistleblower say the vaccine secretly contains microchips related to a tech company's new product. Nobody is talking about this and that should scare you. This proves once and for all what they've been hiding all along. Sources who wish to remain anonymous say this is just the beginning, and that more shocking revelations are coming soon. Do your own research!",News,fake
A VIRAL POST EXPOSE A MASSIVE COVER-UP about A NEW TECHNOLOGY!!!,"The mainstream media refuses to report this! A viral post expose a massive cover-up related to a new technology. Thousands of people are waking up to the truth every single day. Share this NOW so the truth can finally come out!!! Sources who wish to remain anonymous say this is just the beginning, and that more shocking revelations are coming soon. Do your own research!",News,fake
A VIRAL POST LEAK PROOF OF A GLOBAL CONSPIRACY about THE UPCOMING ELECTION!!!,"This has been hidden from the public for years! A viral post leak proof of a global conspiracy related to the upcoming election. Share this NOW so the truth can finally come out!!! Share this NOW so the truth can finally come out!!! Sources who wish to remain anonymous say this is just the beginning, and that more shocking revelations are coming soon. Do your own research!",News,fake
SCIENTISTS YOU'VE NEVER HEARD OF INSIST THE MOON LANDING WAS STAGED about A NEW TECHNOLOGY!!!,"You won't believe what happens next! Scientists you've never heard of insist the moon landing was staged related to a new technology. Nobody is talking about this and that should scare you. Nobody is talking about this and that should scare you. Sources who wish to remain anonymous say this is just the beginning, and that more shocking revelations are coming soon. Do your own research!",News,fake
A SHOCKING NEW REPORT CLAIM THE ELECTION WAS COMPLETELY RIGGED about A VIRAL HEALTH TREND!!!,"You won't believe what happens next! A shocking new report claim the election was completely rigged related to a viral health trend. Forward this to everyone you know before it's too late!!! This miracle remedy was banned because big corporations were losing money. Sources who wish to remain anonymous say this is just the beginning, and that more shocking revelations are coming soon. Do your own research!",News,fake
A SECRET GOVERNMENT MEMO REVEAL CELEBRITIES ARE ACTUALLY ROBOTS about THE UPCOMING ELECTION!!!,"This has been hidden from the public for years! A secret government memo reveal celebrities are actually robots related to the upcoming election. Share this NOW so the truth can finally come out!!! The mainstream media is completely silent about this shocking truth. Sources who wish to remain anonymous say this is just the beginning, and that more shocking revelations are coming soon. Do your own research!",News,fake
AN ANONYMOUS INSIDER REVEAL THE TRUTH THEY DON'T WANT YOU TO KNOW about THE ECONOMY!!!,"Share before it gets deleted! An anonymous insider reveal the truth they don't want you to know related to the economy. Share this NOW so the truth can finally come out!!! Forward this to everyone you know before it's too late!!! Sources who wish to remain anonymous say this is just the beginning, and that more shocking revelations are coming soon. Do your own research!",News,fake
A VIRAL POST EXPOSE A MASSIVE COVER-UP about A NATURAL DISASTER!!!,"They don't want you to see this! A viral post expose a massive cover-up related to a natural disaster. The mainstream media is completely silent about this shocking truth. Share this NOW so the truth can finally come out!!! Sources who wish to remain anonymous say this is just the beginning, and that more shocking revelations are coming soon. Do your own research!",News,fake
A LEAKED DOCUMENT WARN THAT THE WORLD WILL END NEXT MONTH about CLIMATE CHANGE!!!,"This will shock you! A leaked document warn that the world will end next month related to climate change. This proves once and for all what they've been hiding all along. Share this NOW so the truth can finally come out!!! Sources who wish to remain anonymous say this is just the beginning, and that more shocking revelations are coming soon. Do your own research!",News,fake
A VIRAL POST SAY THE VACCINE SECRETLY CONTAINS MICROCHIPS about A TECH COMPANY'S NEW PRODUCT!!!,"This has been hidden from the public for years! A viral post say the vaccine secretly contains microchips related to a tech company's new product. Share this NOW so the truth can finally come out!!! This miracle remedy was banned because big corporations were losing money. Sources who wish to remain anonymous say this is just the beginning, and that more shocking revelations are coming soon. Do your own research!",News,fake
SCIENTISTS YOU'VE NEVER HEARD OF EXPOSE A MASSIVE COVER-UP about CLIMATE CHANGE!!!,"You won't believe what happens next! Scientists you've never heard of expose a massive cover-up related to climate change. Share this NOW so the truth can finally come out!!! The mainstream media is completely silent about this shocking truth. Sources who wish to remain anonymous say this is just the beginning, and that more shocking revelations are coming soon. Do your own research!",News,fake
CELEBRITIES SHOW THE SHOCKING SECRET BEHIND THE SCENES about THE EDUCATION SYSTEM!!!,"You won't believe what happens next! Celebrities show the shocking secret behind the scenes related to the education system. The mainstream media is completely silent about this shocking truth. Click here now before this post gets taken down forever. Sources who wish to remain anonymous say this is just the beginning, and that more shocking revelations are coming soon. Do your own research!",News,fake
A POPULAR BLOGGER WARN THAT THE WORLD WILL END NEXT MONTH about THE UPCOMING ELECTION!!!,"This has been hidden from the public for years! A popular blogger warn that the world will end next month related to the upcoming election. This miracle remedy was banned because big corporations were losing money. This proves once and for all what they've been hiding all along. Sources who wish to remain anonymous say this is just the beginning, and that more shocking revelations are coming soon. Do your own research!",News,fake
SOCIAL MEDIA USERS CLAIM THIS ONE WEIRD TRICK CURES EVERYTHING about A GLOBAL PANDEMIC!!!,"The mainstream media refuses to report this! Social media users claim this one weird trick cures everything related to a global pandemic. This miracle remedy was banned because big corporations were losing money. Click here now before this post gets taken down forever. Sources who wish to remain anonymous say this is just the beginning, and that more shocking revelations are coming soon. Do your own research!",News,fake
CELEBRITIES LEAK PROOF OF A GLOBAL CONSPIRACY about THE STOCK MARKET!!!,"This will shock you! Celebrities leak proof of a global conspiracy related to the stock market. The mainstream media is completely silent about this shocking truth. The mainstream media is completely silent about this shocking truth. Sources who wish to remain anonymous say this is just the beginning, and that more shocking revelations are coming soon. Do your own research!",News,fake
SCIENTISTS YOU'VE NEVER HEARD OF EXPOSE A MASSIVE COVER-UP about A NEW TECHNOLOGY!!!,"You won't believe what happens next! Scientists you've never heard of expose a massive cover-up related to a new technology. Forward this to everyone you know before it's too late!!! The mainstream media is completely silent about this shocking truth. Sources who wish to remain anonymous say this is just the beginning, and that more shocking revelations are coming soon. Do your own research!",News,fake
A VIRAL POST LEAK PROOF OF A GLOBAL CONSPIRACY about THE ECONOMY!!!,"You won't believe what happens next! A viral post leak proof of a global conspiracy related to the economy. Click here now before this post gets taken down forever. The mainstream media is completely silent about this shocking truth. Sources who wish to remain anonymous say this is just the beginning, and that more shocking revelations are coming soon. Do your own research!",News,fake
CELEBRITIES REVEAL THE TRUTH THEY DON'T WANT YOU TO KNOW about THE HOUSING MARKET!!!,"This will shock you! Celebrities reveal the truth they don't want you to know related to the housing market. Thousands of people are waking up to the truth every single day. Share this NOW so the truth can finally come out!!! Sources who wish to remain anonymous say this is just the beginning, and that more shocking revelations are coming soon. Do your own research!",News,fake
DOCTORS CLAIM THE ELECTION WAS COMPLETELY RIGGED about CLIMATE CHANGE!!!,"This will shock you! Doctors claim the election was completely rigged related to climate change. Click here now before this post gets taken down forever. The mainstream media is completely silent about this shocking truth. Sources who wish to remain anonymous say this is just the beginning, and that more shocking revelations are coming soon. Do your own research!",News,fake
A SELF-PROCLAIMED EXPERT SAY THE VACCINE SECRETLY CONTAINS MICROCHIPS about A NEW TECHNOLOGY!!!,"Share before it gets deleted! A self-proclaimed expert say the vaccine secretly contains microchips related to a new technology. Nobody is talking about this and that should scare you. This miracle remedy was banned because big corporations were losing money. Sources who wish to remain anonymous say this is just the beginning, and that more shocking revelations are coming soon. Do your own research!",News,fake
SOCIAL MEDIA USERS CLAIM THIS ONE WEIRD TRICK CURES EVERYTHING about A MAJOR SPORTS EVENT!!!,"This will shock you! Social media users claim this one weird trick cures everything related to a major sports event. Click here now before this post gets taken down forever. Share this NOW so the truth can finally come out!!! Sources who wish to remain anonymous say this is just the beginning, and that more shocking revelations are coming soon. Do your own research!",News,fake
A VIRAL POST CONFIRM ALIENS ARE HIDING AMONG US about THE UPCOMING ELECTION!!!,"The mainstream media refuses to report this! A viral post confirm aliens are hiding among us related to the upcoming election. The mainstream media is completely silent about this shocking truth. Forward this to everyone you know before it's too late!!! Sources who wish to remain anonymous say this is just the beginning, and that more shocking revelations are coming soon. Do your own research!",News,fake
A VIRAL POST REVEAL THE TRUTH THEY DON'T WANT YOU TO KNOW about THE EDUCATION SYSTEM!!!,"Share before it gets deleted! A viral post reveal the truth they don't want you to know related to the education system. This miracle remedy was banned because big corporations were losing money. Forward this to everyone you know before it's too late!!! Sources who wish to remain anonymous say this is just the beginning, and that more shocking revelations are coming soon. Do your own research!",News,fake
AN UNNAMED SOURCE CLOSE TO THE FAMILY SAY THE GOVERNMENT IS HIDING THE CURE FOR CANCER about A VIRAL HEALTH TREND!!!,"The mainstream media refuses to report this! An unnamed source close to the family say the government is hiding the cure for cancer related to a viral health trend. Thousands of people are waking up to the truth every single day. This proves once and for all what they've been hiding all along. Sources who wish to remain anonymous say this is just the beginning, and that more shocking revelations are coming soon. Do your own research!",News,fake
A SHOCKING NEW REPORT WARN THAT THE WORLD WILL END NEXT MONTH about A MAJOR SPORTS EVENT!!!,"You won't believe what happens next! A shocking new report warn that the world will end next month related to a major sports event. Nobody is talking about this and that should scare you. Forward this to everyone you know before it's too late!!! Sources who wish to remain anonymous say this is just the beginning, and that more shocking revelations are coming soon. Do your own research!",News,fake
A SELF-PROCLAIMED EXPERT CLAIM THE ELECTION WAS COMPLETELY RIGGED about THE ECONOMY!!!,"Experts are too afraid to speak up! A self-proclaimed expert claim the election was completely rigged related to the economy. The mainstream media is completely silent about this shocking truth. Thousands of people are waking up to the truth every single day. Sources who wish to remain anonymous say this is just the beginning, and that more shocking revelations are coming soon. Do your own research!",News,fake
A SECRET GOVERNMENT MEMO CLAIM THE ELECTION WAS COMPLETELY RIGGED about A NATURAL DISASTER!!!,"Experts are too afraid to speak up! A secret government memo claim the election was completely rigged related to a natural disaster. This proves once and for all what they've been hiding all along. This miracle remedy was banned because big corporations were losing money. Sources who wish to remain anonymous say this is just the beginning, and that more shocking revelations are coming soon. Do your own research!",News,fake
A SHOCKING NEW REPORT CLAIM THIS ONE WEIRD TRICK CURES EVERYTHING about A MAJOR SPORTS EVENT!!!,"Wake up people, this is huge! A shocking new report claim this one weird trick cures everything related to a major sports event. Thousands of people are waking up to the truth every single day. Forward this to everyone you know before it's too late!!! Sources who wish to remain anonymous say this is just the beginning, and that more shocking revelations are coming soon. Do your own research!",News,fake
A MYSTERIOUS WHISTLEBLOWER EXPOSE A MASSIVE COVER-UP about THE ECONOMY!!!,"This will shock you! A mysterious whistleblower expose a massive cover-up related to the economy. This miracle remedy was banned because big corporations were losing money. Nobody is talking about this and that should scare you. Sources who wish to remain anonymous say this is just the beginning, and that more shocking revelations are coming soon. Do your own research!",News,fake
A SELF-PROCLAIMED EXPERT CLAIM THIS ONE WEIRD TRICK CURES EVERYTHING about A GLOBAL PANDEMIC!!!,"The mainstream media refuses to report this! A self-proclaimed expert claim this one weird trick cures everything related to a global pandemic. Share this NOW so the truth can finally come out!!! Nobody is talking about this and that should scare you. Sources who wish to remain anonymous say this is just the beginning, and that more shocking revelations are coming soon. Do your own research!",News,fake
A SELF-PROCLAIMED EXPERT SAY THE VACCINE SECRETLY CONTAINS MICROCHIPS about THE UPCOMING ELECTION!!!,"You won't believe what happens next! A self-proclaimed expert say the vaccine secretly contains microchips related to the upcoming election. Nobody is talking about this and that should scare you. Nobody is talking about this and that should scare you. Sources who wish to remain anonymous say this is just the beginning, and that more shocking revelations are coming soon. Do your own research!",News,fake
A POPULAR BLOGGER LEAK PROOF OF A GLOBAL CONSPIRACY about CLIMATE CHANGE!!!,"Experts are too afraid to speak up! A popular blogger leak proof of a global conspiracy related to climate change. Share this NOW so the truth can finally come out!!! Forward this to everyone you know before it's too late!!! Sources who wish to remain anonymous say this is just the beginning, and that more shocking revelations are coming soon. Do your own research!",News,fake
A VIRAL POST WARN THAT THE WORLD WILL END NEXT MONTH about CLIMATE CHANGE!!!,"This will shock you! A viral post warn that the world will end next month related to climate change. Thousands of people are waking up to the truth every single day. Thousands of people are waking up to the truth every single day. Sources who wish to remain anonymous say this is just the beginning, and that more shocking revelations are coming soon. Do your own research!",News,fake
AN ANONYMOUS INSIDER INSIST THE MOON LANDING WAS STAGED about THE UPCOMING ELECTION!!!,"The mainstream media refuses to report this! An anonymous insider insist the moon landing was staged related to the upcoming election. This proves once and for all what they've been hiding all along. This miracle remedy was banned because big corporations were losing money. Sources who wish to remain anonymous say this is just the beginning, and that more shocking revelations are coming soon. Do your own research!",News,fake
SCIENTISTS YOU'VE NEVER HEARD OF SHOW THE SHOCKING SECRET BEHIND THE SCENES about THE STOCK MARKET!!!,"This will shock you! Scientists you've never heard of show the shocking secret behind the scenes related to the stock market. This proves once and for all what they've been hiding all along. This proves once and for all what they've been hiding all along. Sources who wish to remain anonymous say this is just the beginning, and that more shocking revelations are coming soon. Do your own research!",News,fake
A MYSTERIOUS WHISTLEBLOWER SHOW THE SHOCKING SECRET BEHIND THE SCENES about A POLITICAL SCANDAL!!!,"You won't believe what happens next! A mysterious whistleblower show the shocking secret behind the scenes related to a political scandal. This proves once and for all what they've been hiding all along. This proves once and for all what they've been hiding all along. Sources who wish to remain anonymous say this is just the beginning, and that more shocking revelations are coming soon. Do your own research!",News,fake
SCIENTISTS YOU'VE NEVER HEARD OF LEAK PROOF OF A GLOBAL CONSPIRACY about A POPULAR CELEBRITY!!!,"Wake up people, this is huge! Scientists you've never heard of leak proof of a global conspiracy related to a popular celebrity. Share this NOW so the truth can finally come out!!! Click here now before this post gets taken down forever. Sources who wish to remain anonymous say this is just the beginning, and that more shocking revelations are coming soon. Do your own research!",News,fake
SOCIAL MEDIA USERS SHOW THE SHOCKING SECRET BEHIND THE SCENES about CLIMATE CHANGE!!!,"The mainstream media refuses to report this! Social media users show the shocking secret behind the scenes related to climate change. Thousands of people are waking up to the truth every single day. Forward this to everyone you know before it's too late!!! Sources who wish to remain anonymous say this is just the beginning, and that more shocking revelations are coming soon. Do your own research!",News,fake
A LEAKED DOCUMENT INSIST THE MOON LANDING WAS STAGED about A MAJOR SPORTS EVENT!!!,"Experts are too afraid to speak up! A leaked document insist the moon landing was staged related to a major sports event. Share this NOW so the truth can finally come out!!! Click here now before this post gets taken down forever. Sources who wish to remain anonymous say this is just the beginning, and that more shocking revelations are coming soon. Do your own research!",News,fake
A LEAKED DOCUMENT CLAIM THE ELECTION WAS COMPLETELY RIGGED about THE UPCOMING ELECTION!!!,"Share before it gets deleted! A leaked document claim the election was completely rigged related to the upcoming election. This proves once and for all what they've been hiding all along. Click here now before this post gets taken down forever. Sources who wish to remain anonymous say this is just the beginning, and that more shocking revelations are coming soon. Do your own research!",News,fake
SOCIAL MEDIA USERS CLAIM THIS ONE WEIRD TRICK CURES EVERYTHING about A GLOBAL PANDEMIC!!!,"This has been hidden from the public for years! Social media users claim this one weird trick cures everything related to a global pandemic. This proves once and for all what they've been hiding all along. Thousands of people are waking up to the truth every single day. Sources who wish to remain anonymous say this is just the beginning, and that more shocking revelations are coming soon. Do your own research!",News,fake
SOCIAL MEDIA USERS SAY THE GOVERNMENT IS HIDING THE CURE FOR CANCER about A POPULAR CELEBRITY!!!,"Share before it gets deleted! Social media users say the government is hiding the cure for cancer related to a popular celebrity. Share this NOW so the truth can finally come out!!! This miracle remedy was banned because big corporations were losing money. Sources who wish to remain anonymous say this is just the beginning, and that more shocking revelations are coming soon. Do your own research!",News,fake
A SELF-PROCLAIMED EXPERT INSIST THE MOON LANDING WAS STAGED about A MAJOR SPORTS EVENT!!!,"This has been hidden from the public for years! A self-proclaimed expert insist the moon landing was staged related to a major sports event. The mainstream media is completely silent about this shocking truth. Thousands of people are waking up to the truth every single day. Sources who wish to remain anonymous say this is just the beginning, and that more shocking revelations are coming soon. Do your own research!",News,fake
SOCIAL MEDIA USERS SAY THE VACCINE SECRETLY CONTAINS MICROCHIPS about A VIRAL HEALTH TREND!!!,"This has been hidden from the public for years! Social media users say the vaccine secretly contains microchips related to a viral health trend. Click here now before this post gets taken down forever. This proves once and for all what they've been hiding all along. Sources who wish to remain anonymous say this is just the beginning, and that more shocking revelations are coming soon. Do your own research!",News,fake
SCIENTISTS YOU'VE NEVER HEARD OF INSIST THE MOON LANDING WAS STAGED about A GLOBAL PANDEMIC!!!,"The mainstream media refuses to report this! Scientists you've never heard of insist the moon landing was staged related to a global pandemic. This proves once and for all what they've been hiding all along. Click here now before this post gets taken down forever. Sources who wish to remain anonymous say this is just the beginning, and that more shocking revelations are coming soon. Do your own research!",News,fake
A MYSTERIOUS WHISTLEBLOWER INSIST THE MOON LANDING WAS STAGED about THE HOUSING MARKET!!!,"This has been hidden from the public for years! A mysterious whistleblower insist the moon landing was staged related to the housing market. This proves once and for all what they've been hiding all along. Click here now before this post gets taken down forever. Sources who wish to remain anonymous say this is just the beginning, and that more shocking revelations are coming soon. Do your own research!",News,fake
SOCIAL MEDIA USERS WARN THAT THE WORLD WILL END NEXT MONTH about A NEW TECHNOLOGY!!!,"The mainstream media refuses to report this! Social media users warn that the world will end next month related to a new technology. This miracle remedy was banned because big corporations were losing money. The mainstream media is completely silent about this shocking truth. Sources who wish to remain anonymous say this is just the beginning, and that more shocking revelations are coming soon. Do your own research!",News,fake
SOCIAL MEDIA USERS WARN THAT THE WORLD WILL END NEXT MONTH about A POPULAR CELEBRITY!!!,"The mainstream media refuses to report this! Social media users warn that the world will end next month related to a popular celebrity. This proves once and for all what they've been hiding all along. Share this NOW so the truth can finally come out!!! Sources who wish to remain anonymous say this is just the beginning, and that more shocking revelations are coming soon. Do your own research!",News,fake
SCIENTISTS YOU'VE NEVER HEARD OF REVEAL THE TRUTH THEY DON'T WANT YOU TO KNOW about THE NEW VACCINE!!!,"This has been hidden from the public for years! Scientists you've never heard of reveal the truth they don't want you to know related to the new vaccine. Click here now before this post gets taken down forever. The mainstream media is completely silent about this shocking truth. Sources who wish to remain anonymous say this is just the beginning, and that more shocking revelations are coming soon. Do your own research!",News,fake
DOCTORS CLAIM THIS ONE WEIRD TRICK CURES EVERYTHING about A POLITICAL SCANDAL!!!,"They don't want you to see this! Doctors claim this one weird trick cures everything related to a political scandal. Forward this to everyone you know before it's too late!!! Forward this to everyone you know before it's too late!!! Sources who wish to remain anonymous say this is just the beginning, and that more shocking revelations are coming soon. Do your own research!",News,fake
CELEBRITIES CONFIRM ALIENS ARE HIDING AMONG US about THE STOCK MARKET!!!,"This has been hidden from the public for years! Celebrities confirm aliens are hiding among us related to the stock market. Nobody is talking about this and that should scare you. Nobody is talking about this and that should scare you. Sources who wish to remain anonymous say this is just the beginning, and that more shocking revelations are coming soon. Do your own research!",News,fake
A POPULAR BLOGGER CLAIM THIS ONE WEIRD TRICK CURES EVERYTHING about A TECH COMPANY'S NEW PRODUCT!!!,"Experts are too afraid to speak up! A popular blogger claim this one weird trick cures everything related to a tech company's new product. Nobody is talking about this and that should scare you. The mainstream media is completely silent about this shocking truth. Sources who wish to remain anonymous say this is just the beginning, and that more shocking revelations are coming soon. Do your own research!",News,fake
A POPULAR BLOGGER REVEAL THE TRUTH THEY DON'T WANT YOU TO KNOW about THE EDUCATION SYSTEM!!!,"They don't want you to see this! A popular blogger reveal the truth they don't want you to know related to the education system. Thousands of people are waking up to the truth every single day. Nobody is talking about this and that should scare you. Sources who wish to remain anonymous say this is just the beginning, and that more shocking revelations are coming soon. Do your own research!",News,fake
DOCTORS SAY THE GOVERNMENT IS HIDING THE CURE FOR CANCER about THE ECONOMY!!!,"Experts are too afraid to speak up! Doctors say the government is hiding the cure for cancer related to the economy. Nobody is talking about this and that should scare you. Forward this to everyone you know before it's too late!!! Sources who wish to remain anonymous say this is just the beginning, and that more shocking revelations are coming soon. Do your own research!",News,fake
A POPULAR BLOGGER SHOW THE SHOCKING SECRET BEHIND THE SCENES about THE EDUCATION SYSTEM!!!,"This has been hidden from the public for years! A popular blogger show the shocking secret behind the scenes related to the education system. The mainstream media is completely silent about this shocking truth. Nobody is talking about this and that should scare you. Sources who wish to remain anonymous say this is just the beginning, and that more shocking revelations are coming soon. Do your own research!",News,fake
A POPULAR BLOGGER EXPOSE A MASSIVE COVER-UP about A TECH COMPANY'S NEW PRODUCT!!!,"Share before it gets deleted! A popular blogger expose a massive cover-up related to a tech company's new product. Forward this to everyone you know before it's too late!!! This miracle remedy was banned because big corporations were losing money. Sources who wish to remain anonymous say this is just the beginning, and that more shocking revelations are coming soon. Do your own research!",News,fake
CELEBRITIES REVEAL THE TRUTH THEY DON'T WANT YOU TO KNOW about A NATURAL DISASTER!!!,"Wake up people, this is huge! Celebrities reveal the truth they don't want you to know related to a natural disaster. Thousands of people are waking up to the truth every single day. Thousands of people are waking up to the truth every single day. Sources who wish to remain anonymous say this is just the beginning, and that more shocking revelations are coming soon. Do your own research!",News,fake
AN ANONYMOUS INSIDER CONFIRM ALIENS ARE HIDING AMONG US about A POLITICAL SCANDAL!!!,"This has been hidden from the public for years! An anonymous insider confirm aliens are hiding among us related to a political scandal. Click here now before this post gets taken down forever. Thousands of people are waking up to the truth every single day. Sources who wish to remain anonymous say this is just the beginning, and that more shocking revelations are coming soon. Do your own research!",News,fake
AN UNNAMED SOURCE CLOSE TO THE FAMILY SAY THE GOVERNMENT IS HIDING THE CURE FOR CANCER about THE NEW VACCINE!!!,"Wake up people, this is huge! An unnamed source close to the family say the government is hiding the cure for cancer related to the new vaccine. Nobody is talking about this and that should scare you. Thousands of people are waking up to the truth every single day. Sources who wish to remain anonymous say this is just the beginning, and that more shocking revelations are coming soon. Do your own research!",News,fake
SOCIAL MEDIA USERS INSIST THE MOON LANDING WAS STAGED about A NATURAL DISASTER!!!,"This has been hidden from the public for years! Social media users insist the moon landing was staged related to a natural disaster. This proves once and for all what they've been hiding all along. Thousands of people are waking up to the truth every single day. Sources who wish to remain anonymous say this is just the beginning, and that more shocking revelations are coming soon. Do your own research!",News,fake
A SECRET GOVERNMENT MEMO CONFIRM ALIENS ARE HIDING AMONG US about THE EDUCATION SYSTEM!!!,"The mainstream media refuses to report this! A secret government memo confirm aliens are hiding among us related to the education system. The mainstream media is completely silent about this shocking truth. Nobody is talking about this and that should scare you. Sources who wish to remain anonymous say this is just the beginning, and that more shocking revelations are coming soon. Do your own research!",News,fake
DOCTORS CLAIM THE ELECTION WAS COMPLETELY RIGGED about A TECH COMPANY'S NEW PRODUCT!!!,"The mainstream media refuses to report this! Doctors claim the election was completely rigged related to a tech company's new product. This proves once and for all what they've been hiding all along. This proves once and for all what they've been hiding all along. Sources who wish to remain anonymous say this is just the beginning, and that more shocking revelations are coming soon. Do your own research!",News,fake
A SECRET GOVERNMENT MEMO LEAK PROOF OF A GLOBAL CONSPIRACY about THE HOUSING MARKET!!!,"You won't believe what happens next! A secret government memo leak proof of a global conspiracy related to the housing market. Share this NOW so the truth can finally come out!!! Nobody is talking about this and that should scare you. Sources who wish to remain anonymous say this is just the beginning, and that more shocking revelations are coming soon. Do your own research!",News,fake
A POPULAR BLOGGER SAY THE VACCINE SECRETLY CONTAINS MICROCHIPS about THE EDUCATION SYSTEM!!!,"Share before it gets deleted! A popular blogger say the vaccine secretly contains microchips related to the education system. Forward this to everyone you know before it's too late!!! Nobody is talking about this and that should scare you. Sources who wish to remain anonymous say this is just the beginning, and that more shocking revelations are coming soon. Do your own research!",News,fake
CELEBRITIES SAY THE VACCINE SECRETLY CONTAINS MICROCHIPS about THE ECONOMY!!!,"This has been hidden from the public for years! Celebrities say the vaccine secretly contains microchips related to the economy. Nobody is talking about this and that should scare you. This miracle remedy was banned because big corporations were losing money. Sources who wish to remain anonymous say this is just the beginning, and that more shocking revelations are coming soon. Do your own research!",News,fake
A MYSTERIOUS WHISTLEBLOWER WARN THAT THE WORLD WILL END NEXT MONTH about THE EDUCATION SYSTEM!!!,"Wake up people, this is huge! A mysterious whistleblower warn that the world will end next month related to the education system. This proves once and for all what they've been hiding all along. Click here now before this post gets taken down forever. Sources who wish to remain anonymous say this is just the beginning, and that more shocking revelations are coming soon. Do your own research!",News,fake
A LEAKED DOCUMENT SAY THE GOVERNMENT IS HIDING THE CURE FOR CANCER about THE STOCK MARKET!!!,"Wake up people, this is huge! A leaked document say the government is hiding the cure for cancer related to the stock market. This proves once and for all what they've been hiding all along. This proves once and for all what they've been hiding all along. Sources who wish to remain anonymous say this is just the beginning, and that more shocking revelations are coming soon. Do your own research!",News,fake
A SECRET GOVERNMENT MEMO WARN THAT THE WORLD WILL END NEXT MONTH about A POLITICAL SCANDAL!!!,"Experts are too afraid to speak up! A secret government memo warn that the world will end next month related to a political scandal. Forward this to everyone you know before it's too late!!! Click here now before this post gets taken down forever. Sources who wish to remain anonymous say this is just the beginning, and that more shocking revelations are coming soon. Do your own research!",News,fake
SOCIAL MEDIA USERS SHOW THE SHOCKING SECRET BEHIND THE SCENES about A GLOBAL PANDEMIC!!!,"They don't want you to see this! Social media users show the shocking secret behind the scenes related to a global pandemic. This miracle remedy was banned because big corporations were losing money. Thousands of people are waking up to the truth every single day. Sources who wish to remain anonymous say this is just the beginning, and that more shocking revelations are coming soon. Do your own research!",News,fake
SOCIAL MEDIA USERS CLAIM THE ELECTION WAS COMPLETELY RIGGED about A NATURAL DISASTER!!!,"This will shock you! Social media users claim the election was completely rigged related to a natural disaster. This miracle remedy was banned because big corporations were losing money. This proves once and for all what they've been hiding all along. Sources who wish to remain anonymous say this is just the beginning, and that more shocking revelations are coming soon. Do your own research!",News,fake
A SHOCKING NEW REPORT SHOW THE SHOCKING SECRET BEHIND THE SCENES about THE ECONOMY!!!,"Share before it gets deleted! A shocking new report show the shocking secret behind the scenes related to the economy. The mainstream media is completely silent about this shocking truth. Nobody is talking about this and that should scare you. Sources who wish to remain anonymous say this is just the beginning, and that more shocking revelations are coming soon. Do your own research!",News,fake
DOCTORS REVEAL THE TRUTH THEY DON'T WANT YOU TO KNOW about A MAJOR SPORTS EVENT!!!,"The mainstream media refuses to report this! Doctors reveal the truth they don't want you to know related to a major sports event. Share this NOW so the truth can finally come out!!! Click here now before this post gets taken down forever. Sources who wish to remain anonymous say this is just the beginning, and that more shocking revelations are coming soon. Do your own research!",News,fake
A MYSTERIOUS WHISTLEBLOWER SHOW THE SHOCKING SECRET BEHIND THE SCENES about A POPULAR CELEBRITY!!!,"This has been hidden from the public for years! A mysterious whistleblower show the shocking secret behind the scenes related to a popular celebrity. Share this NOW so the truth can finally come out!!! Nobody is talking about this and that should scare you. Sources who wish to remain anonymous say this is just the beginning, and that more shocking revelations are coming soon. Do your own research!",News,fake
A SELF-PROCLAIMED EXPERT SAY THE GOVERNMENT IS HIDING THE CURE FOR CANCER about THE ECONOMY!!!,"The mainstream media refuses to report this! A self-proclaimed expert say the government is hiding the cure for cancer related to the economy. Share this NOW so the truth can finally come out!!! Click here now before this post gets taken down forever. Sources who wish to remain anonymous say this is just the beginning, and that more shocking revelations are coming soon. Do your own research!",News,fake
CELEBRITIES SAY THE GOVERNMENT IS HIDING THE CURE FOR CANCER about A POPULAR CELEBRITY!!!,"This has been hidden from the public for years! Celebrities say the government is hiding the cure for cancer related to a popular celebrity. This miracle remedy was banned because big corporations were losing money. The mainstream media is completely silent about this shocking truth. Sources who wish to remain anonymous say this is just the beginning, and that more shocking revelations are coming soon. Do your own research!",News,fake
AN UNNAMED SOURCE CLOSE TO THE FAMILY REVEAL CELEBRITIES ARE ACTUALLY ROBOTS about THE NEW VACCINE!!!,"Wake up people, this is huge! An unnamed source close to the family reveal celebrities are actually robots related to the new vaccine. The mainstream media is completely silent about this shocking truth. Thousands of people are waking up to the truth every single day. Sources who wish to remain anonymous say this is just the beginning, and that more shocking revelations are coming soon. Do your own research!",News,fake
AN UNNAMED SOURCE CLOSE TO THE FAMILY SHOW THE SHOCKING SECRET BEHIND THE SCENES about THE NEW VACCINE!!!,"Experts are too afraid to speak up! An unnamed source close to the family show the shocking secret behind the scenes related to the new vaccine. Forward this to everyone you know before it's too late!!! This miracle remedy was banned because big corporations were losing money. Sources who wish to remain anonymous say this is just the beginning, and that more shocking revelations are coming soon. Do your own research!",News,fake
A SECRET GOVERNMENT MEMO REVEAL THE TRUTH THEY DON'T WANT YOU TO KNOW about THE STOCK MARKET!!!,"They don't want you to see this! A secret government memo reveal the truth they don't want you to know related to the stock market. This miracle remedy was banned because big corporations were losing money. This proves once and for all what they've been hiding all along. Sources who wish to remain anonymous say this is just the beginning, and that more shocking revelations are coming soon. Do your own research!",News,fake
A SELF-PROCLAIMED EXPERT REVEAL CELEBRITIES ARE ACTUALLY ROBOTS about CLIMATE CHANGE!!!,"Wake up people, this is huge! A self-proclaimed expert reveal celebrities are actually robots related to climate change. Share this NOW so the truth can finally come out!!! Nobody is talking about this and that should scare you. Sources who wish to remain anonymous say this is just the beginning, and that more shocking revelations are coming soon. Do your own research!",News,fake
A VIRAL POST CLAIM THIS ONE WEIRD TRICK CURES EVERYTHING about CLIMATE CHANGE!!!,"The mainstream media refuses to report this! A viral post claim this one weird trick cures everything related to climate change. Click here now before this post gets taken down forever. Thousands of people are waking up to the truth every single day. Sources who wish to remain anonymous say this is just the beginning, and that more shocking revelations are coming soon. Do your own research!",News,fake
AN ANONYMOUS INSIDER INSIST THE MOON LANDING WAS STAGED about THE NEW VACCINE!!!,"This has been hidden from the public for years! An anonymous insider insist the moon landing was staged related to the new vaccine. Click here now before this post gets taken down forever. Click here now before this post gets taken down forever. Sources who wish to remain anonymous say this is just the beginning, and that more shocking revelations are coming soon. Do your own research!",News,fake
SCIENTISTS YOU'VE NEVER HEARD OF SAY THE GOVERNMENT IS HIDING THE CURE FOR CANCER about THE EDUCATION SYSTEM!!!,"This has been hidden from the public for years! Scientists you've never heard of say the government is hiding the cure for cancer related to the education system. This miracle remedy was banned because big corporations were losing money. Thousands of people are waking up to the truth every single day. Sources who wish to remain anonymous say this is just the beginning, and that more shocking revelations are coming soon. Do your own research!",News,fake
A POPULAR BLOGGER SAY THE GOVERNMENT IS HIDING THE CURE FOR CANCER about A MAJOR SPORTS EVENT!!!,"Share before it gets deleted! A popular blogger say the government is hiding the cure for cancer related to a major sports event. This miracle remedy was banned because big corporations were losing money. Nobody is talking about this and that should scare you. Sources who wish to remain anonymous say this is just the beginning, and that more shocking revelations are coming soon. Do your own research!",News,fake
SCIENTISTS YOU'VE NEVER HEARD OF REVEAL THE TRUTH THEY DON'T WANT YOU TO KNOW about A NATURAL DISASTER!!!,"This will shock you! Scientists you've never heard of reveal the truth they don't want you to know related to a natural disaster. This proves once and for all what they've been hiding all along. The mainstream media is completely silent about this shocking truth. Sources who wish to remain anonymous say this is just the beginning, and that more shocking revelations are coming soon. Do your own research!",News,fake
AN ANONYMOUS INSIDER EXPOSE A MASSIVE COVER-UP about THE ECONOMY!!!,"They don't want you to see this! An anonymous insider expose a massive cover-up related to the economy. The mainstream media is completely silent about this shocking truth. This proves once and for all what they've been hiding all along. Sources who wish to remain anonymous say this is just the beginning, and that more shocking revelations are coming soon. Do your own research!",News,fake
AN UNNAMED SOURCE CLOSE TO THE FAMILY INSIST THE MOON LANDING WAS STAGED about A VIRAL HEALTH TREND!!!,"They don't want you to see this! An unnamed source close to the family insist the moon landing was staged related to a viral health trend. Share this NOW so the truth can finally come out!!! The mainstream media is completely silent about this shocking truth. Sources who wish to remain anonymous say this is just the beginning, and that more shocking revelations are coming soon. Do your own research!",News,fake
DOCTORS WARN THAT THE WORLD WILL END NEXT MONTH about A POLITICAL SCANDAL!!!,"Experts are too afraid to speak up! Doctors warn that the world will end next month related to a political scandal. This proves once and for all what they've been hiding all along. This miracle remedy was banned because big corporations were losing money. Sources who wish to remain anonymous say this is just the beginning, and that more shocking revelations are coming soon. Do your own research!",News,fake
DOCTORS SAY THE GOVERNMENT IS HIDING THE CURE FOR CANCER about A NATURAL DISASTER!!!,"Share before it gets deleted! Doctors say the government is hiding the cure for cancer related to a natural disaster. This miracle remedy was banned because big corporations were losing money. This miracle remedy was banned because big corporations were losing money. Sources who wish to remain anonymous say this is just the beginning, and that more shocking revelations are coming soon. Do your own research!",News,fake
A SELF-PROCLAIMED EXPERT CLAIM THE ELECTION WAS COMPLETELY RIGGED about THE EDUCATION SYSTEM!!!,"This has been hidden from the public for years! A self-proclaimed expert claim the election was completely rigged related to the education system. Share this NOW so the truth can finally come out!!! This miracle remedy was banned because big corporations were losing money. Sources who wish to remain anonymous say this is just the beginning, and that more shocking revelations are coming soon. Do your own research!",News,fake
A LEAKED DOCUMENT REVEAL CELEBRITIES ARE ACTUALLY ROBOTS about A POPULAR CELEBRITY!!!,"The mainstream media refuses to report this! A leaked document reveal celebrities are actually robots related to a popular celebrity. The mainstream media is completely silent about this shocking truth. Click here now before this post gets taken down forever. Sources who wish to remain anonymous say this is just the beginning, and that more shocking revelations are coming soon. Do your own research!",News,fake
A SECRET GOVERNMENT MEMO INSIST THE MOON LANDING WAS STAGED about THE NEW VACCINE!!!,"The mainstream media refuses to report this! A secret government memo insist the moon landing was staged related to the new vaccine. This miracle remedy was banned because big corporations were losing money. Forward this to everyone you know before it's too late!!! Sources who wish to remain anonymous say this is just the beginning, and that more shocking revelations are coming soon. Do your own research!",News,fake
A LEAKED DOCUMENT SAY THE GOVERNMENT IS HIDING THE CURE FOR CANCER about A NEW TECHNOLOGY!!!,"Share before it gets deleted! A leaked document say the government is hiding the cure for cancer related to a new technology. Share this NOW so the truth can finally come out!!! The mainstream media is completely silent about this shocking truth. Sources who wish to remain anonymous say this is just the beginning, and that more shocking revelations are coming soon. Do your own research!",News,fake
SOCIAL MEDIA USERS REVEAL CELEBRITIES ARE ACTUALLY ROBOTS about THE UPCOMING ELECTION!!!,"Experts are too afraid to speak up! Social media users reveal celebrities are actually robots related to the upcoming election. Forward this to everyone you know before it's too late!!! Share this NOW so the truth can finally come out!!! Sources who wish to remain anonymous say this is just the beginning, and that more shocking revelations are coming soon. Do your own research!",News,fake
AN ANONYMOUS INSIDER REVEAL CELEBRITIES ARE ACTUALLY ROBOTS about THE ECONOMY!!!,"Experts are too afraid to speak up! An anonymous insider reveal celebrities are actually robots related to the economy. This proves once and for all what they've been hiding all along. Share this NOW so the truth can finally come out!!! Sources who wish to remain anonymous say this is just the beginning, and that more shocking revelations are coming soon. Do your own research!",News,fake
AN UNNAMED SOURCE CLOSE TO THE FAMILY REVEAL THE TRUTH THEY DON'T WANT YOU TO KNOW about A POPULAR CELEBRITY!!!,"They don't want you to see this! An unnamed source close to the family reveal the truth they don't want you to know related to a popular celebrity. Share this NOW so the truth can finally come out!!! Click here now before this post gets taken down forever. Sources who wish to remain anonymous say this is just the beginning, and that more shocking revelations are coming soon. Do your own research!",News,fake
SCIENTISTS YOU'VE NEVER HEARD OF SAY THE GOVERNMENT IS HIDING THE CURE FOR CANCER about A GLOBAL PANDEMIC!!!,"You won't believe what happens next! Scientists you've never heard of say the government is hiding the cure for cancer related to a global pandemic. Share this NOW so the truth can finally come out!!! Share this NOW so the truth can finally come out!!! Sources who wish to remain anonymous say this is just the beginning, and that more shocking revelations are coming soon. Do your own research!",News,fake
SCIENTISTS YOU'VE NEVER HEARD OF CONFIRM ALIENS ARE HIDING AMONG US about THE ECONOMY!!!,"This will shock you! Scientists you've never heard of confirm aliens are hiding among us related to the economy. Nobody is talking about this and that should scare you. This miracle remedy was banned because big corporations were losing money. Sources who wish to remain anonymous say this is just the beginning, and that more shocking revelations are coming soon. Do your own research!",News,fake
A VIRAL POST REVEAL THE TRUTH THEY DON'T WANT YOU TO KNOW about A MAJOR SPORTS EVENT!!!,"Share before it gets deleted! A viral post reveal the truth they don't want you to know related to a major sports event. The mainstream media is completely silent about this shocking truth. Share this NOW so the truth can finally come out!!! Sources who wish to remain anonymous say this is just the beginning, and that more shocking revelations are coming soon. Do your own research!",News,fake
A SHOCKING NEW REPORT SAY THE VACCINE SECRETLY CONTAINS MICROCHIPS about A MAJOR SPORTS EVENT!!!,"Experts are too afraid to speak up! A shocking new report say the vaccine secretly contains microchips related to a major sports event. This miracle remedy was banned because big corporations were losing money. Click here now before this post gets taken down forever. Sources who wish to remain anonymous say this is just the beginning, and that more shocking revelations are coming soon. Do your own research!",News,fake
SOCIAL MEDIA USERS LEAK PROOF OF A GLOBAL CONSPIRACY about THE STOCK MARKET!!!,"You won't believe what happens next! Social media users leak proof of a global conspiracy related to the stock market. Thousands of people are waking up to the truth every single day. The mainstream media is completely silent about this shocking truth. Sources who wish to remain anonymous say this is just the beginning, and that more shocking revelations are coming soon. Do your own research!",News,fake
SOCIAL MEDIA USERS CONFIRM ALIENS ARE HIDING AMONG US about CLIMATE CHANGE!!!,"You won't believe what happens next! Social media users confirm aliens are hiding among us related to climate change. Thousands of people are waking up to the truth every single day. Share this NOW so the truth can finally come out!!! Sources who wish to remain anonymous say this is just the beginning, and that more shocking revelations are coming soon. Do your own research!",News,fake
A MYSTERIOUS WHISTLEBLOWER SAY THE GOVERNMENT IS HIDING THE CURE FOR CANCER about THE STOCK MARKET!!!,"Share before it gets deleted! A mysterious whistleblower say the government is hiding the cure for cancer related to the stock market. This proves once and for all what they've been hiding all along. This proves once and for all what they've been hiding all along. Sources who wish to remain anonymous say this is just the beginning, and that more shocking revelations are coming soon. Do your own research!",News,fake
AN ANONYMOUS INSIDER CONFIRM ALIENS ARE HIDING AMONG US about A POLITICAL SCANDAL!!!,"You won't believe what happens next! An anonymous insider confirm aliens are hiding among us related to a political scandal. Thousands of people are waking up to the truth every single day. Forward this to everyone you know before it's too late!!! Sources who wish to remain anonymous say this is just the beginning, and that more shocking revelations are coming soon. Do your own research!",News,fake
CELEBRITIES SAY THE VACCINE SECRETLY CONTAINS MICROCHIPS about A NEW TECHNOLOGY!!!,"They don't want you to see this! Celebrities say the vaccine secretly contains microchips related to a new technology. The mainstream media is completely silent about this shocking truth. This proves once and for all what they've been hiding all along. Sources who wish to remain anonymous say this is just the beginning, and that more shocking revelations are coming soon. Do your own research!",News,fake
SCIENTISTS YOU'VE NEVER HEARD OF REVEAL THE TRUTH THEY DON'T WANT YOU TO KNOW about THE EDUCATION SYSTEM!!!,"They don't want you to see this! Scientists you've never heard of reveal the truth they don't want you to know related to the education system. Thousands of people are waking up to the truth every single day. This proves once and for all what they've been hiding all along. Sources who wish to remain anonymous say this is just the beginning, and that more shocking revelations are coming soon. Do your own research!",News,fake
A POPULAR BLOGGER SAY THE GOVERNMENT IS HIDING THE CURE FOR CANCER about THE UPCOMING ELECTION!!!,"Share before it gets deleted! A popular blogger say the government is hiding the cure for cancer related to the upcoming election. The mainstream media is completely silent about this shocking truth. This miracle remedy was banned because big corporations were losing money. Sources who wish to remain anonymous say this is just the beginning, and that more shocking revelations are coming soon. Do your own research!",News,fake
DOCTORS CLAIM THE ELECTION WAS COMPLETELY RIGGED about THE NEW VACCINE!!!,"The mainstream media refuses to report this! Doctors claim the election was completely rigged related to the new vaccine. Forward this to everyone you know before it's too late!!! This proves once and for all what they've been hiding all along. Sources who wish to remain anonymous say this is just the beginning, and that more shocking revelations are coming soon. Do your own research!",News,fake
A SHOCKING NEW REPORT LEAK PROOF OF A GLOBAL CONSPIRACY about THE ECONOMY!!!,"Wake up people, this is huge! A shocking new report leak proof of a global conspiracy related to the economy. This proves once and for all what they've been hiding all along. Forward this to everyone you know before it's too late!!! Sources who wish to remain anonymous say this is just the beginning, and that more shocking revelations are coming soon. Do your own research!",News,fake
SOCIAL MEDIA USERS LEAK PROOF OF A GLOBAL CONSPIRACY about THE STOCK MARKET!!!,"The mainstream media refuses to report this! Social media users leak proof of a global conspiracy related to the stock market. Forward this to everyone you know before it's too late!!! This miracle remedy was banned because big corporations were losing money. Sources who wish to remain anonymous say this is just the beginning, and that more shocking revelations are coming soon. Do your own research!",News,fake
SCIENTISTS YOU'VE NEVER HEARD OF SHOW THE SHOCKING SECRET BEHIND THE SCENES about A GLOBAL PANDEMIC!!!,"They don't want you to see this! Scientists you've never heard of show the shocking secret behind the scenes related to a global pandemic. The mainstream media is completely silent about this shocking truth. This proves once and for all what they've been hiding all along. Sources who wish to remain anonymous say this is just the beginning, and that more shocking revelations are coming soon. Do your own research!",News,fake
A SECRET GOVERNMENT MEMO REVEAL THE TRUTH THEY DON'T WANT YOU TO KNOW about A NATURAL DISASTER!!!,"You won't believe what happens next! A secret government memo reveal the truth they don't want you to know related to a natural disaster. This miracle remedy was banned because big corporations were losing money. Nobody is talking about this and that should scare you. Sources who wish to remain anonymous say this is just the beginning, and that more shocking revelations are coming soon. Do your own research!",News,fake
A SELF-PROCLAIMED EXPERT SAY THE VACCINE SECRETLY CONTAINS MICROCHIPS about A VIRAL HEALTH TREND!!!,"The mainstream media refuses to report this! A self-proclaimed expert say the vaccine secretly contains microchips related to a viral health trend. This proves once and for all what they've been hiding all along. The mainstream media is completely silent about this shocking truth. Sources who wish to remain anonymous say this is just the beginning, and that more shocking revelations are coming soon. Do your own research!",News,fake
A POPULAR BLOGGER SAY THE GOVERNMENT IS HIDING THE CURE FOR CANCER about THE UPCOMING ELECTION!!!,"The mainstream media refuses to report this! A popular blogger say the government is hiding the cure for cancer related to the upcoming election. Share this NOW so the truth can finally come out!!! The mainstream media is completely silent about this shocking truth. Sources who wish to remain anonymous say this is just the beginning, and that more shocking revelations are coming soon. Do your own research!",News,fake
AN UNNAMED SOURCE CLOSE TO THE FAMILY INSIST THE MOON LANDING WAS STAGED about THE ECONOMY!!!,"Share before it gets deleted! An unnamed source close to the family insist the moon landing was staged related to the economy. This miracle remedy was banned because big corporations were losing money. Thousands of people are waking up to the truth every single day. Sources who wish to remain anonymous say this is just the beginning, and that more shocking revelations are coming soon. Do your own research!",News,fake
CELEBRITIES SAY THE GOVERNMENT IS HIDING THE CURE FOR CANCER about A GLOBAL PANDEMIC!!!,"This will shock you! Celebrities say the government is hiding the cure for cancer related to a global pandemic. This proves once and for all what they've been hiding all along. The mainstream media is completely silent about this shocking truth. Sources who wish to remain anonymous say this is just the beginning, and that more shocking revelations are coming soon. Do your own research!",News,fake
SCIENTISTS YOU'VE NEVER HEARD OF CLAIM THIS ONE WEIRD TRICK CURES EVERYTHING about A POLITICAL SCANDAL!!!,"You won't believe what happens next! Scientists you've never heard of claim this one weird trick cures everything related to a political scandal. Thousands of people are waking up to the truth every single day. This proves once and for all what they've been hiding all along. Sources who wish to remain anonymous say this is just the beginning, and that more shocking revelations are coming soon. Do your own research!",News,fake
AN UNNAMED SOURCE CLOSE TO THE FAMILY LEAK PROOF OF A GLOBAL CONSPIRACY about A VIRAL HEALTH TREND!!!,"This has been hidden from the public for years! An unnamed source close to the family leak proof of a global conspiracy related to a viral health trend. Click here now before this post gets taken down forever. Thousands of people are waking up to the truth every single day. Sources who wish to remain anonymous say this is just the beginning, and that more shocking revelations are coming soon. Do your own research!",News,fake
A MYSTERIOUS WHISTLEBLOWER REVEAL CELEBRITIES ARE ACTUALLY ROBOTS about THE HOUSING MARKET!!!,"Wake up people, this is huge! A mysterious whistleblower reveal celebrities are actually robots related to the housing market. Click here now before this post gets taken down forever. Click here now before this post gets taken down forever. Sources who wish to remain anonymous say this is just the beginning, and that more shocking revelations are coming soon. Do your own research!",News,fake
AN ANONYMOUS INSIDER EXPOSE A MASSIVE COVER-UP about THE HOUSING MARKET!!!,"You won't believe what happens next! An anonymous insider expose a massive cover-up related to the housing market. Thousands of people are waking up to the truth every single day. Click here now before this post gets taken down forever. Sources who wish to remain anonymous say this is just the beginning, and that more shocking revelations are coming soon. Do your own research!",News,fake
SCIENTISTS YOU'VE NEVER HEARD OF CLAIM THIS ONE WEIRD TRICK CURES EVERYTHING about A TECH COMPANY'S NEW PRODUCT!!!,"The mainstream media refuses to report this! Scientists you've never heard of claim this one weird trick cures everything related to a tech company's new product. Thousands of people are waking up to the truth every single day. The mainstream media is completely silent about this shocking truth. Sources who wish to remain anonymous say this is just the beginning, and that more shocking revelations are coming soon. Do your own research!",News,fake
A SECRET GOVERNMENT MEMO INSIST THE MOON LANDING WAS STAGED about THE EDUCATION SYSTEM!!!,"They don't want you to see this! A secret government memo insist the moon landing was staged related to the education system. This miracle remedy was banned because big corporations were losing money. This proves once and for all what they've been hiding all along. Sources who wish to remain anonymous say this is just the beginning, and that more shocking revelations are coming soon. Do your own research!",News,fake
A SHOCKING NEW REPORT EXPOSE A MASSIVE COVER-UP about CLIMATE CHANGE!!!,"They don't want you to see this! A shocking new report expose a massive cover-up related to climate change. Click here now before this post gets taken down forever. Forward this to everyone you know before it's too late!!! Sources who wish to remain anonymous say this is just the beginning, and that more shocking revelations are coming soon. Do your own research!",News,fake
A SELF-PROCLAIMED EXPERT SAY THE GOVERNMENT IS HIDING THE CURE FOR CANCER about A TECH COMPANY'S NEW PRODUCT!!!,"The mainstream media refuses to report this! A self-proclaimed expert say the government is hiding the cure for cancer related to a tech company's new product. Share this NOW so the truth can finally come out!!! Thousands of people are waking up to the truth every single day. Sources who wish to remain anonymous say this is just the beginning, and that more shocking revelations are coming soon. Do your own research!",News,fake
CELEBRITIES EXPOSE A MASSIVE COVER-UP about THE STOCK MARKET!!!,"This has been hidden from the public for years! Celebrities expose a massive cover-up related to the stock market. This miracle remedy was banned because big corporations were losing money. Share this NOW so the truth can finally come out!!! Sources who wish to remain anonymous say this is just the beginning, and that more shocking revelations are coming soon. Do your own research!",News,fake
A VIRAL POST CLAIM THE ELECTION WAS COMPLETELY RIGGED about THE EDUCATION SYSTEM!!!,"Wake up people, this is huge! A viral post claim the election was completely rigged related to the education system. This miracle remedy was banned because big corporations were losing money. Click here now before this post gets taken down forever. Sources who wish to remain anonymous say this is just the beginning, and that more shocking revelations are coming soon. Do your own research!",News,fake
A SELF-PROCLAIMED EXPERT CLAIM THE ELECTION WAS COMPLETELY RIGGED about THE NEW VACCINE!!!,"The mainstream media refuses to report this! A self-proclaimed expert claim the election was completely rigged related to the new vaccine. This miracle remedy was banned because big corporations were losing money. The mainstream media is completely silent about this shocking truth. Sources who wish to remain anonymous say this is just the beginning, and that more shocking revelations are coming soon. Do your own research!",News,fake
SOCIAL MEDIA USERS REVEAL CELEBRITIES ARE ACTUALLY ROBOTS about THE EDUCATION SYSTEM!!!,"Share before it gets deleted! Social media users reveal celebrities are actually robots related to the education system. Forward this to everyone you know before it's too late!!! The mainstream media is completely silent about this shocking truth. Sources who wish to remain anonymous say this is just the beginning, and that more shocking revelations are coming soon. Do your own research!",News,fake
AN ANONYMOUS INSIDER EXPOSE A MASSIVE COVER-UP about A POPULAR CELEBRITY!!!,"This will shock you! An anonymous insider expose a massive cover-up related to a popular celebrity. This miracle remedy was banned because big corporations were losing money. Forward this to everyone you know before it's too late!!! Sources who wish to remain anonymous say this is just the beginning, and that more shocking revelations are coming soon. Do your own research!",News,fake
A VIRAL POST WARN THAT THE WORLD WILL END NEXT MONTH about A POLITICAL SCANDAL!!!,"Wake up people, this is huge! A viral post warn that the world will end next month related to a political scandal. Share this NOW so the truth can finally come out!!! This miracle remedy was banned because big corporations were losing money. Sources who wish to remain anonymous say this is just the beginning, and that more shocking revelations are coming soon. Do your own research!",News,fake
AN UNNAMED SOURCE CLOSE TO THE FAMILY INSIST THE MOON LANDING WAS STAGED about A NATURAL DISASTER!!!,"They don't want you to see this! An unnamed source close to the family insist the moon landing was staged related to a natural disaster. The mainstream media is completely silent about this shocking truth. Forward this to everyone you know before it's too late!!! Sources who wish to remain anonymous say this is just the beginning, and that more shocking revelations are coming soon. Do your own research!",News,fake
AN UNNAMED SOURCE CLOSE TO THE FAMILY LEAK PROOF OF A GLOBAL CONSPIRACY about THE ECONOMY!!!,"Share before it gets deleted! An unnamed source close to the family leak proof of a global conspiracy related to the economy. Thousands of people are waking up to the truth every single day. Forward this to everyone you know before it's too late!!! Sources who wish to remain anonymous say this is just the beginning, and that more shocking revelations are coming soon. Do your own research!",News,fake
A VIRAL POST SAY THE GOVERNMENT IS HIDING THE CURE FOR CANCER about A NATURAL DISASTER!!!,"This has been hidden from the public for years! A viral post say the government is hiding the cure for cancer related to a natural disaster. The mainstream media is completely silent about this shocking truth. Share this NOW so the truth can finally come out!!! Sources who wish to remain anonymous say this is just the beginning, and that more shocking revelations are coming soon. Do your own research!",News,fake
A SECRET GOVERNMENT MEMO CLAIM THE ELECTION WAS COMPLETELY RIGGED about THE NEW VACCINE!!!,"Experts are too afraid to speak up! A secret government memo claim the election was completely rigged related to the new vaccine. Nobody is talking about this and that should scare you. The mainstream media is completely silent about this shocking truth. Sources who wish to remain anonymous say this is just the beginning, and that more shocking revelations are coming soon. Do your own research!",News,fake
A POPULAR BLOGGER WARN THAT THE WORLD WILL END NEXT MONTH about CLIMATE CHANGE!!!,"This has been hidden from the public for years! A popular blogger warn that the world will end next month related to climate change. Click here now before this post gets taken down forever. Click here now before this post gets taken down forever. Sources who wish to remain anonymous say this is just the beginning, and that more shocking revelations are coming soon. Do your own research!",News,fake
SCIENTISTS YOU'VE NEVER HEARD OF INSIST THE MOON LANDING WAS STAGED about A POLITICAL SCANDAL!!!,"This will shock you! Scientists you've never heard of insist the moon landing was staged related to a political scandal. Forward this to everyone you know before it's too late!!! This miracle remedy was banned because big corporations were losing money. Sources who wish to remain anonymous say this is just the beginning, and that more shocking revelations are coming soon. Do your own research!",News,fake
CELEBRITIES INSIST THE MOON LANDING WAS STAGED about A TECH COMPANY'S NEW PRODUCT!!!,"Wake up people, this is huge! Celebrities insist the moon landing was staged related to a tech company's new product. The mainstream media is completely silent about this shocking truth. The mainstream media is completely silent about this shocking truth. Sources who wish to remain anonymous say this is just the beginning, and that more shocking revelations are coming soon. Do your own research!",News,fake
AN ANONYMOUS INSIDER WARN THAT THE WORLD WILL END NEXT MONTH about THE STOCK MARKET!!!,"This has been hidden from the public for years! An anonymous insider warn that the world will end next month related to the stock market. Nobody is talking about this and that should scare you. Share this NOW so the truth can finally come out!!! Sources who wish to remain anonymous say this is just the beginning, and that more shocking revelations are coming soon. Do your own research!",News,fake
A MYSTERIOUS WHISTLEBLOWER SAY THE GOVERNMENT IS HIDING THE CURE FOR CANCER about A MAJOR SPORTS EVENT!!!,"The mainstream media refuses to report this! A mysterious whistleblower say the government is hiding the cure for cancer related to a major sports event. This proves once and for all what they've been hiding all along. Share this NOW so the truth can finally come out!!! Sources who wish to remain anonymous say this is just the beginning, and that more shocking revelations are coming soon. Do your own research!",News,fake
A SECRET GOVERNMENT MEMO CLAIM THE ELECTION WAS COMPLETELY RIGGED about THE HOUSING MARKET!!!,"This has been hidden from the public for years! A secret government memo claim the election was completely rigged related to the housing market. Thousands of people are waking up to the truth every single day. The mainstream media is completely silent about this shocking truth. Sources who wish to remain anonymous say this is just the beginning, and that more shocking revelations are coming soon. Do your own research!",News,fake
AN UNNAMED SOURCE CLOSE TO THE FAMILY SHOW THE SHOCKING SECRET BEHIND THE SCENES about A GLOBAL PANDEMIC!!!,"Share before it gets deleted! An unnamed source close to the family show the shocking secret behind the scenes related to a global pandemic. The mainstream media is completely silent about this shocking truth. Forward this to everyone you know before it's too late!!! Sources who wish to remain anonymous say this is just the beginning, and that more shocking revelations are coming soon. Do your own research!",News,fake
CELEBRITIES WARN THAT THE WORLD WILL END NEXT MONTH about THE UPCOMING ELECTION!!!,"This has been hidden from the public for years! Celebrities warn that the world will end next month related to the upcoming election. Thousands of people are waking up to the truth every single day. Thousands of people are waking up to the truth every single day. Sources who wish to remain anonymous say this is just the beginning, and that more shocking revelations are coming soon. Do your own research!",News,fake
SOCIAL MEDIA USERS CLAIM THIS ONE WEIRD TRICK CURES EVERYTHING about THE STOCK MARKET!!!,"This has been hidden from the public for years! Social media users claim this one weird trick cures everything related to the stock market. Forward this to everyone you know before it's too late!!! The mainstream media is completely silent about this shocking truth. Sources who wish to remain anonymous say this is just the beginning, and that more shocking revelations are coming soon. Do your own research!",News,fake
AN ANONYMOUS INSIDER CONFIRM ALIENS ARE HIDING AMONG US about THE NEW VACCINE!!!,"Share before it gets deleted! An anonymous insider confirm aliens are hiding among us related to the new vaccine. Thousands of people are waking up to the truth every single day. The mainstream media is completely silent about this shocking truth. Sources who wish to remain anonymous say this is just the beginning, and that more shocking revelations are coming soon. Do your own research!",News,fake
SOCIAL MEDIA USERS WARN THAT THE WORLD WILL END NEXT MONTH about A NEW TECHNOLOGY!!!,"They don't want you to see this! Social media users warn that the world will end next month related to a new technology. This proves once and for all what they've been hiding all along. Nobody is talking about this and that should scare you. Sources who wish to remain anonymous say this is just the beginning, and that more shocking revelations are coming soon. Do your own research!",News,fake
DOCTORS SAY THE GOVERNMENT IS HIDING THE CURE FOR CANCER about A VIRAL HEALTH TREND!!!,"You won't believe what happens next! Doctors say the government is hiding the cure for cancer related to a viral health trend. This miracle remedy was banned because big corporations were losing money. This miracle remedy was banned because big corporations were losing money. Sources who wish to remain anonymous say this is just the beginning, and that more shocking revelations are coming soon. Do your own research!",News,fake
A POPULAR BLOGGER REVEAL CELEBRITIES ARE ACTUALLY ROBOTS about THE EDUCATION SYSTEM!!!,"They don't want you to see this! A popular blogger reveal celebrities are actually robots related to the education system. Thousands of people are waking up to the truth every single day. This proves once and for all what they've been hiding all along. Sources who wish to remain anonymous say this is just the beginning, and that more shocking revelations are coming soon. Do your own research!",News,fake
SOCIAL MEDIA USERS EXPOSE A MASSIVE COVER-UP about A VIRAL HEALTH TREND!!!,"This has been hidden from the public for years! Social media users expose a massive cover-up related to a viral health trend. Forward this to everyone you know before it's too late!!! Thousands of people are waking up to the truth every single day. Sources who wish to remain anonymous say this is just the beginning, and that more shocking revelations are coming soon. Do your own research!",News,fake
A SHOCKING NEW REPORT SAY THE GOVERNMENT IS HIDING THE CURE FOR CANCER about A TECH COMPANY'S NEW PRODUCT!!!,"This has been hidden from the public for years! A shocking new report say the government is hiding the cure for cancer related to a tech company's new product. This proves once and for all what they've been hiding all along. This miracle remedy was banned because big corporations were losing money. Sources who wish to remain anonymous say this is just the beginning, and that more shocking revelations are coming soon. Do your own research!",News,fake
SCIENTISTS YOU'VE NEVER HEARD OF REVEAL THE TRUTH THEY DON'T WANT YOU TO KNOW about THE NEW VACCINE!!!,"This will shock you! Scientists you've never heard of reveal the truth they don't want you to know related to the new vaccine. Nobody is talking about this and that should scare you. Nobody is talking about this and that should scare you. Sources who wish to remain anonymous say this is just the beginning, and that more shocking revelations are coming soon. Do your own research!",News,fake
A VIRAL POST CLAIM THE ELECTION WAS COMPLETELY RIGGED about A POLITICAL SCANDAL!!!,"You won't believe what happens next! A viral post claim the election was completely rigged related to a political scandal. Click here now before this post gets taken down forever. Thousands of people are waking up to the truth every single day. Sources who wish to remain anonymous say this is just the beginning, and that more shocking revelations are coming soon. Do your own research!",News,fake
A POPULAR BLOGGER CLAIM THE ELECTION WAS COMPLETELY RIGGED about A VIRAL HEALTH TREND!!!,"You won't believe what happens next! A popular blogger claim the election was completely rigged related to a viral health trend. Share this NOW so the truth can finally come out!!! Forward this to everyone you know before it's too late!!! Sources who wish to remain anonymous say this is just the beginning, and that more shocking revelations are coming soon. Do your own research!",News,fake
A MYSTERIOUS WHISTLEBLOWER SAY THE VACCINE SECRETLY CONTAINS MICROCHIPS about THE HOUSING MARKET!!!,"This has been hidden from the public for years! A mysterious whistleblower say the vaccine secretly contains microchips related to the housing market. Thousands of people are waking up to the truth every single day. Nobody is talking about this and that should scare you. Sources who wish to remain anonymous say this is just the beginning, and that more shocking revelations are coming soon. Do your own research!",News,fake
A LEAKED DOCUMENT INSIST THE MOON LANDING WAS STAGED about THE HOUSING MARKET!!!,"This will shock you! A leaked document insist the moon landing was staged related to the housing market. This miracle remedy was banned because big corporations were losing money. Forward this to everyone you know before it's too late!!! Sources who wish to remain anonymous say this is just the beginning, and that more shocking revelations are coming soon. Do your own research!",News,fake
AN ANONYMOUS INSIDER WARN THAT THE WORLD WILL END NEXT MONTH about THE NEW VACCINE!!!,"Wake up people, this is huge! An anonymous insider warn that the world will end next month related to the new vaccine. The mainstream media is completely silent about this shocking truth. Thousands of people are waking up to the truth every single day. Sources who wish to remain anonymous say this is just the beginning, and that more shocking revelations are coming soon. Do your own research!",News,fake
CELEBRITIES WARN THAT THE WORLD WILL END NEXT MONTH about A POPULAR CELEBRITY!!!,"Experts are too afraid to speak up! Celebrities warn that the world will end next month related to a popular celebrity. Nobody is talking about this and that should scare you. This proves once and for all what they've been hiding all along. Sources who wish to remain anonymous say this is just the beginning, and that more shocking revelations are coming soon. Do your own research!",News,fake
AN ANONYMOUS INSIDER CLAIM THE ELECTION WAS COMPLETELY RIGGED about THE NEW VACCINE!!!,"Wake up people, this is huge! An anonymous insider claim the election was completely rigged related to the new vaccine. Forward this to everyone you know before it's too late!!! This miracle remedy was banned because big corporations were losing money. Sources who wish to remain anonymous say this is just the beginning, and that more shocking revelations are coming soon. Do your own research!",News,fake
A SHOCKING NEW REPORT WARN THAT THE WORLD WILL END NEXT MONTH about CLIMATE CHANGE!!!,"They don't want you to see this! A shocking new report warn that the world will end next month related to climate change. The mainstream media is completely silent about this shocking truth. Click here now before this post gets taken down forever. Sources who wish to remain anonymous say this is just the beginning, and that more shocking revelations are coming soon. Do your own research!",News,fake
SOCIAL MEDIA USERS SHOW THE SHOCKING SECRET BEHIND THE SCENES about A NEW TECHNOLOGY!!!,"They don't want you to see this! Social media users show the shocking secret behind the scenes related to a new technology. Click here now before this post gets taken down forever. Share this NOW so the truth can finally come out!!! Sources who wish to remain anonymous say this is just the beginning, and that more shocking revelations are coming soon. Do your own research!",News,fake
A SHOCKING NEW REPORT SAY THE VACCINE SECRETLY CONTAINS MICROCHIPS about A MAJOR SPORTS EVENT!!!,"This has been hidden from the public for years! A shocking new report say the vaccine secretly contains microchips related to a major sports event. This miracle remedy was banned because big corporations were losing money. Share this NOW so the truth can finally come out!!! Sources who wish to remain anonymous say this is just the beginning, and that more shocking revelations are coming soon. Do your own research!",News,fake
AN UNNAMED SOURCE CLOSE TO THE FAMILY SHOW THE SHOCKING SECRET BEHIND THE SCENES about A GLOBAL PANDEMIC!!!,"They don't want you to see this! An unnamed source close to the family show the shocking secret behind the scenes related to a global pandemic. Forward this to everyone you know before it's too late!!! Forward this to everyone you know before it's too late!!! Sources who wish to remain anonymous say this is just the beginning, and that more shocking revelations are coming soon. Do your own research!",News,fake
A SECRET GOVERNMENT MEMO SAY THE VACCINE SECRETLY CONTAINS MICROCHIPS about CLIMATE CHANGE!!!,"This has been hidden from the public for years! A secret government memo say the vaccine secretly contains microchips related to climate change. This proves once and for all what they've been hiding all along. The mainstream media is completely silent about this shocking truth. Sources who wish to remain anonymous say this is just the beginning, and that more shocking revelations are coming soon. Do your own research!",News,fake
CELEBRITIES SHOW THE SHOCKING SECRET BEHIND THE SCENES about THE NEW VACCINE!!!,"Wake up people, this is huge! Celebrities show the shocking secret behind the scenes related to the new vaccine. The mainstream media is completely silent about this shocking truth. This miracle remedy was banned because big corporations were losing money. Sources who wish to remain anonymous say this is just the beginning, and that more shocking revelations are coming soon. Do your own research!",News,fake
A LEAKED DOCUMENT CONFIRM ALIENS ARE HIDING AMONG US about THE STOCK MARKET!!!,"This will shock you! A leaked document confirm aliens are hiding among us related to the stock market. Nobody is talking about this and that should scare you. Share this NOW so the truth can finally come out!!! Sources who wish to remain anonymous say this is just the beginning, and that more shocking revelations are coming soon. Do your own research!",News,fake
DOCTORS REVEAL CELEBRITIES ARE ACTUALLY ROBOTS about A NEW TECHNOLOGY!!!,"Share before it gets deleted! Doctors reveal celebrities are actually robots related to a new technology. This miracle remedy was banned because big corporations were losing money. Thousands of people are waking up to the truth every single day. Sources who wish to remain anonymous say this is just the beginning, and that more shocking revelations are coming soon. Do your own research!",News,fake
A MYSTERIOUS WHISTLEBLOWER CONFIRM ALIENS ARE HIDING AMONG US about A NEW TECHNOLOGY!!!,"This has been hidden from the public for years! A mysterious whistleblower confirm aliens are hiding among us related to a new technology. Thousands of people are waking up to the truth every single day. Forward this to everyone you know before it's too late!!! Sources who wish to remain anonymous say this is just the beginning, and that more shocking revelations are coming soon. Do your own research!",News,fake
A SECRET GOVERNMENT MEMO WARN THAT THE WORLD WILL END NEXT MONTH about A POPULAR CELEBRITY!!!,"This will shock you! A secret government memo warn that the world will end next month related to a popular celebrity. This proves once and for all what they've been hiding all along. The mainstream media is completely silent about this shocking truth. Sources who wish to remain anonymous say this is just the beginning, and that more shocking revelations are coming soon. Do your own research!",News,fake
A SELF-PROCLAIMED EXPERT SAY THE VACCINE SECRETLY CONTAINS MICROCHIPS about A TECH COMPANY'S NEW PRODUCT!!!,"Share before it gets deleted! A self-proclaimed expert say the vaccine secretly contains microchips related to a tech company's new product. Forward this to everyone you know before it's too late!!! The mainstream media is completely silent about this shocking truth. Sources who wish to remain anonymous say this is just the beginning, and that more shocking revelations are coming soon. Do your own research!",News,fake
A VIRAL POST CONFIRM ALIENS ARE HIDING AMONG US about A NEW TECHNOLOGY!!!,"This has been hidden from the public for years! A viral post confirm aliens are hiding among us related to a new technology. Share this NOW so the truth can finally come out!!! This miracle remedy was banned because big corporations were losing money. Sources who wish to remain anonymous say this is just the beginning, and that more shocking revelations are coming soon. Do your own research!",News,fake
AN UNNAMED SOURCE CLOSE TO THE FAMILY CLAIM THE ELECTION WAS COMPLETELY RIGGED about THE NEW VACCINE!!!,"The mainstream media refuses to report this! An unnamed source close to the family claim the election was completely rigged related to the new vaccine. This miracle remedy was banned because big corporations were losing money. Nobody is talking about this and that should scare you. Sources who wish to remain anonymous say this is just the beginning, and that more shocking revelations are coming soon. Do your own research!",News,fake
AN ANONYMOUS INSIDER SHOW THE SHOCKING SECRET BEHIND THE SCENES about THE NEW VACCINE!!!,"Experts are too afraid to speak up! An anonymous insider show the shocking secret behind the scenes related to the new vaccine. This proves once and for all what they've been hiding all along. Click here now before this post gets taken down forever. Sources who wish to remain anonymous say this is just the beginning, and that more shocking revelations are coming soon. Do your own research!",News,fake
A SELF-PROCLAIMED EXPERT CLAIM THE ELECTION WAS COMPLETELY RIGGED about THE ECONOMY!!!,"This will shock you! A self-proclaimed expert claim the election was completely rigged related to the economy. Thousands of people are waking up to the truth every single day. Thousands of people are waking up to the truth every single day. Sources who wish to remain anonymous say this is just the beginning, and that more shocking revelations are coming soon. Do your own research!",News,fake
A SHOCKING NEW REPORT EXPOSE A MASSIVE COVER-UP about A NATURAL DISASTER!!!,"The mainstream media refuses to report this! A shocking new report expose a massive cover-up related to a natural disaster. Forward this to everyone you know before it's too late!!! Nobody is talking about this and that should scare you. Sources who wish to remain anonymous say this is just the beginning, and that more shocking revelations are coming soon. Do your own research!",News,fake
SOCIAL MEDIA USERS SHOW THE SHOCKING SECRET BEHIND THE SCENES about A MAJOR SPORTS EVENT!!!,"Wake up people, this is huge! Social media users show the shocking secret behind the scenes related to a major sports event. This proves once and for all what they've been hiding all along. Nobody is talking about this and that should scare you. Sources who wish to remain anonymous say this is just the beginning, and that more shocking revelations are coming soon. Do your own research!",News,fake
AN ANONYMOUS INSIDER SHOW THE SHOCKING SECRET BEHIND THE SCENES about THE STOCK MARKET!!!,"This has been hidden from the public for years! An anonymous insider show the shocking secret behind the scenes related to the stock market. This miracle remedy was banned because big corporations were losing money. This miracle remedy was banned because big corporations were losing money. Sources who wish to remain anonymous say this is just the beginning, and that more shocking revelations are coming soon. Do your own research!",News,fake
SOCIAL MEDIA USERS CLAIM THE ELECTION WAS COMPLETELY RIGGED about THE NEW VACCINE!!!,"This will shock you! Social media users claim the election was completely rigged related to the new vaccine. The mainstream media is completely silent about this shocking truth. The mainstream media is completely silent about this shocking truth. Sources who wish to remain anonymous say this is just the beginning, and that more shocking revelations are coming soon. Do your own research!",News,fake
A SELF-PROCLAIMED EXPERT SHOW THE SHOCKING SECRET BEHIND THE SCENES about A NATURAL DISASTER!!!,"You won't believe what happens next! A self-proclaimed expert show the shocking secret behind the scenes related to a natural disaster. Click here now before this post gets taken down forever. This proves once and for all what they've been hiding all along. Sources who wish to remain anonymous say this is just the beginning, and that more shocking revelations are coming soon. Do your own research!",News,fake
A VIRAL POST SHOW THE SHOCKING SECRET BEHIND THE SCENES about THE STOCK MARKET!!!,"This will shock you! A viral post show the shocking secret behind the scenes related to the stock market. Share this NOW so the truth can finally come out!!! This proves once and for all what they've been hiding all along. Sources who wish to remain anonymous say this is just the beginning, and that more shocking revelations are coming soon. Do your own research!",News,fake
AN UNNAMED SOURCE CLOSE TO THE FAMILY SAY THE VACCINE SECRETLY CONTAINS MICROCHIPS about A GLOBAL PANDEMIC!!!,"They don't want you to see this! An unnamed source close to the family say the vaccine secretly contains microchips related to a global pandemic. Click here now before this post gets taken down forever. Click here now before this post gets taken down forever. Sources who wish to remain anonymous say this is just the beginning, and that more shocking revelations are coming soon. Do your own research!",News,fake
A LEAKED DOCUMENT CLAIM THIS ONE WEIRD TRICK CURES EVERYTHING about THE ECONOMY!!!,"You won't believe what happens next! A leaked document claim this one weird trick cures everything related to the economy. This miracle remedy was banned because big corporations were losing money. Nobody is talking about this and that should scare you. Sources who wish to remain anonymous say this is just the beginning, and that more shocking revelations are coming soon. Do your own research!",News,fake
A VIRAL POST REVEAL CELEBRITIES ARE ACTUALLY ROBOTS about THE UPCOMING ELECTION!!!,"This has been hidden from the public for years! A viral post reveal celebrities are actually robots related to the upcoming election. This proves once and for all what they've been hiding all along. Forward this to everyone you know before it's too late!!! Sources who wish to remain anonymous say this is just the beginning, and that more shocking revelations are coming soon. Do your own research!",News,fake
A LEAKED DOCUMENT CONFIRM ALIENS ARE HIDING AMONG US about A MAJOR SPORTS EVENT!!!,"Share before it gets deleted! A leaked document confirm aliens are hiding among us related to a major sports event. Thousands of people are waking up to the truth every single day. The mainstream media is completely silent about this shocking truth. Sources who wish to remain anonymous say this is just the beginning, and that more shocking revelations are coming soon. Do your own research!",News,fake
A MYSTERIOUS WHISTLEBLOWER SAY THE GOVERNMENT IS HIDING THE CURE FOR CANCER about A TECH COMPANY'S NEW PRODUCT!!!,"They don't want you to see this! A mysterious whistleblower say the government is hiding the cure for cancer related to a tech company's new product. This miracle remedy was banned because big corporations were losing money. Nobody is talking about this and that should scare you. Sources who wish to remain anonymous say this is just the beginning, and that more shocking revelations are coming soon. Do your own research!",News,fake
A SELF-PROCLAIMED EXPERT CLAIM THE ELECTION WAS COMPLETELY RIGGED about THE ECONOMY!!!,"Share before it gets deleted! A self-proclaimed expert claim the election was completely rigged related to the economy. The mainstream media is completely silent about this shocking truth. This proves once and for all what they've been hiding all along. Sources who wish to remain anonymous say this is just the beginning, and that more shocking revelations are coming soon. Do your own research!",News,fake
A VIRAL POST SAY THE GOVERNMENT IS HIDING THE CURE FOR CANCER about A POPULAR CELEBRITY!!!,"The mainstream media refuses to report this! A viral post say the government is hiding the cure for cancer related to a popular celebrity. Thousands of people are waking up to the truth every single day. Thousands of people are waking up to the truth every single day. Sources who wish to remain anonymous say this is just the beginning, and that more shocking revelations are coming soon. Do your own research!",News,fake
SCIENTISTS YOU'VE NEVER HEARD OF REVEAL THE TRUTH THEY DON'T WANT YOU TO KNOW about A NATURAL DISASTER!!!,"Share before it gets deleted! Scientists you've never heard of reveal the truth they don't want you to know related to a natural disaster. Forward this to everyone you know before it's too late!!! The mainstream media is completely silent about this shocking truth. Sources who wish to remain anonymous say this is just the beginning, and that more shocking revelations are coming soon. Do your own research!",News,fake
SCIENTISTS YOU'VE NEVER HEARD OF WARN THAT THE WORLD WILL END NEXT MONTH about THE NEW VACCINE!!!,"This will shock you! Scientists you've never heard of warn that the world will end next month related to the new vaccine. Share this NOW so the truth can finally come out!!! Nobody is talking about this and that should scare you. Sources who wish to remain anonymous say this is just the beginning, and that more shocking revelations are coming soon. Do your own research!",News,fake
A LEAKED DOCUMENT REVEAL THE TRUTH THEY DON'T WANT YOU TO KNOW about A NATURAL DISASTER!!!,"Wake up people, this is huge! A leaked document reveal the truth they don't want you to know related to a natural disaster. The mainstream media is completely silent about this shocking truth. Thousands of people are waking up to the truth every single day. Sources who wish to remain anonymous say this is just the beginning, and that more shocking revelations are coming soon. Do your own research!",News,fake
A MYSTERIOUS WHISTLEBLOWER WARN THAT THE WORLD WILL END NEXT MONTH about A POPULAR CELEBRITY!!!,"Share before it gets deleted! A mysterious whistleblower warn that the world will end next month related to a popular celebrity. Forward this to everyone you know before it's too late!!! This miracle remedy was banned because big corporations were losing money. Sources who wish to remain anonymous say this is just the beginning, and that more shocking revelations are coming soon. Do your own research!",News,fake
CELEBRITIES CLAIM THE ELECTION WAS COMPLETELY RIGGED about CLIMATE CHANGE!!!,"You won't believe what happens next! Celebrities claim the election was completely rigged related to climate change. Click here now before this post gets taken down forever. The mainstream media is completely silent about this shocking truth. Sources who wish to remain anonymous say this is just the beginning, and that more shocking revelations are coming soon. Do your own research!",News,fake
A VIRAL POST CONFIRM ALIENS ARE HIDING AMONG US about A GLOBAL PANDEMIC!!!,"This will shock you! A viral post confirm aliens are hiding among us related to a global pandemic. Thousands of people are waking up to the truth every single day. Forward this to everyone you know before it's too late!!! Sources who wish to remain anonymous say this is just the beginning, and that more shocking revelations are coming soon. Do your own research!",News,fake
SCIENTISTS YOU'VE NEVER HEARD OF SHOW THE SHOCKING SECRET BEHIND THE SCENES about THE NEW VACCINE!!!,"The mainstream media refuses to report this! Scientists you've never heard of show the shocking secret behind the scenes related to the new vaccine. Nobody is talking about this and that should scare you. Click here now before this post gets taken down forever. Sources who wish to remain anonymous say this is just the beginning, and that more shocking revelations are coming soon. Do your own research!",News,fake
SCIENTISTS YOU'VE NEVER HEARD OF WARN THAT THE WORLD WILL END NEXT MONTH about A NATURAL DISASTER!!!,"The mainstream media refuses to report this! Scientists you've never heard of warn that the world will end next month related to a natural disaster. Click here now before this post gets taken down forever. This proves once and for all what they've been hiding all along. Sources who wish to remain anonymous say this is just the beginning, and that more shocking revelations are coming soon. Do your own research!",News,fake
A LEAKED DOCUMENT SHOW THE SHOCKING SECRET BEHIND THE SCENES about A VIRAL HEALTH TREND!!!,"This has been hidden from the public for years! A leaked document show the shocking secret behind the scenes related to a viral health trend. Click here now before this post gets taken down forever. Nobody is talking about this and that should scare you. Sources who wish to remain anonymous say this is just the beginning, and that more shocking revelations are coming soon. Do your own research!",News,fake
A SHOCKING NEW REPORT SAY THE GOVERNMENT IS HIDING THE CURE FOR CANCER about A NEW TECHNOLOGY!!!,"This will shock you! A shocking new report say the government is hiding the cure for cancer related to a new technology. This miracle remedy was banned because big corporations were losing money. Forward this to everyone you know before it's too late!!! Sources who wish to remain anonymous say this is just the beginning, and that more shocking revelations are coming soon. Do your own research!",News,fake
DOCTORS REVEAL THE TRUTH THEY DON'T WANT YOU TO KNOW about A POLITICAL SCANDAL!!!,"Share before it gets deleted! Doctors reveal the truth they don't want you to know related to a political scandal. Nobody is talking about this and that should scare you. This proves once and for all what they've been hiding all along. Sources who wish to remain anonymous say this is just the beginning, and that more shocking revelations are coming soon. Do your own research!",News,fake
A SELF-PROCLAIMED EXPERT CONFIRM ALIENS ARE HIDING AMONG US about CLIMATE CHANGE!!!,"Experts are too afraid to speak up! A self-proclaimed expert confirm aliens are hiding among us related to climate change. Nobody is talking about this and that should scare you. The mainstream media is completely silent about this shocking truth. Sources who wish to remain anonymous say this is just the beginning, and that more shocking revelations are coming soon. Do your own research!",News,fake
CELEBRITIES CLAIM THE ELECTION WAS COMPLETELY RIGGED about A GLOBAL PANDEMIC!!!,"Experts are too afraid to speak up! Celebrities claim the election was completely rigged related to a global pandemic. Thousands of people are waking up to the truth every single day. The mainstream media is completely silent about this shocking truth. Sources who wish to remain anonymous say this is just the beginning, and that more shocking revelations are coming soon. Do your own research!",News,fake
AN UNNAMED SOURCE CLOSE TO THE FAMILY SAY THE VACCINE SECRETLY CONTAINS MICROCHIPS about A VIRAL HEALTH TREND!!!,"This will shock you! An unnamed source close to the family say the vaccine secretly contains microchips related to a viral health trend. This proves once and for all what they've been hiding all along. This proves once and for all what they've been hiding all along. Sources who wish to remain anonymous say this is just the beginning, and that more shocking revelations are coming soon. Do your own research!",News,fake
CELEBRITIES CLAIM THIS ONE WEIRD TRICK CURES EVERYTHING about A MAJOR SPORTS EVENT!!!,"They don't want you to see this! Celebrities claim this one weird trick cures everything related to a major sports event. The mainstream media is completely silent about this shocking truth. The mainstream media is completely silent about this shocking truth. Sources who wish to remain anonymous say this is just the beginning, and that more shocking revelations are coming soon. Do your own research!",News,fake
A POPULAR BLOGGER CLAIM THIS ONE WEIRD TRICK CURES EVERYTHING about THE ECONOMY!!!,"They don't want you to see this! A popular blogger claim this one weird trick cures everything related to the economy. Forward this to everyone you know before it's too late!!! Share this NOW so the truth can finally come out!!! Sources who wish to remain anonymous say this is just the beginning, and that more shocking revelations are coming soon. Do your own research!",News,fake
A SELF-PROCLAIMED EXPERT CLAIM THIS ONE WEIRD TRICK CURES EVERYTHING about A NEW TECHNOLOGY!!!,"This will shock you! A self-proclaimed expert claim this one weird trick cures everything related to a new technology. The mainstream media is completely silent about this shocking truth. This proves once and for all what they've been hiding all along. Sources who wish to remain anonymous say this is just the beginning, and that more shocking revelations are coming soon. Do your own research!",News,fake
A SECRET GOVERNMENT MEMO REVEAL CELEBRITIES ARE ACTUALLY ROBOTS about A NEW TECHNOLOGY!!!,"Experts are too afraid to speak up! A secret government memo reveal celebrities are actually robots related to a new technology. Forward this to everyone you know before it's too late!!! This proves once and for all what they've been hiding all along. Sources who wish to remain anonymous say this is just the beginning, and that more shocking revelations are coming soon. Do your own research!",News,fake
A POPULAR BLOGGER REVEAL THE TRUTH THEY DON'T WANT YOU TO KNOW about THE UPCOMING ELECTION!!!,"You won't believe what happens next! A popular blogger reveal the truth they don't want you to know related to the upcoming election. Forward this to everyone you know before it's too late!!! Forward this to everyone you know before it's too late!!! Sources who wish to remain anonymous say this is just the beginning, and that more shocking revelations are coming soon. Do your own research!",News,fake
AN ANONYMOUS INSIDER REVEAL THE TRUTH THEY DON'T WANT YOU TO KNOW about THE EDUCATION SYSTEM!!!,"The mainstream media refuses to report this! An anonymous insider reveal the truth they don't want you to know related to the education system. Nobody is talking about this and that should scare you. Forward this to everyone you know before it's too late!!! Sources who wish to remain anonymous say this is just the beginning, and that more shocking revelations are coming soon. Do your own research!",News,fake
DOCTORS SAY THE VACCINE SECRETLY CONTAINS MICROCHIPS about A POPULAR CELEBRITY!!!,"This will shock you! Doctors say the vaccine secretly contains microchips related to a popular celebrity. Nobody is talking about this and that should scare you. This proves once and for all what they've been hiding all along. Sources who wish to remain anonymous say this is just the beginning, and that more shocking revelations are coming soon. Do your own research!",News,fake
A SECRET GOVERNMENT MEMO WARN THAT THE WORLD WILL END NEXT MONTH about A TECH COMPANY'S NEW PRODUCT!!!,"Experts are too afraid to speak up! A secret government memo warn that the world will end next month related to a tech company's new product. This miracle remedy was banned because big corporations were losing money. This proves once and for all what they've been hiding all along. Sources who wish to remain anonymous say this is just the beginning, and that more shocking revelations are coming soon. Do your own research!",News,fake
A SELF-PROCLAIMED EXPERT SHOW THE SHOCKING SECRET BEHIND THE SCENES about THE STOCK MARKET!!!,"They don't want you to see this! A self-proclaimed expert show the shocking secret behind the scenes related to the stock market. Share this NOW so the truth can finally come out!!! Thousands of people are waking up to the truth every single day. Sources who wish to remain anonymous say this is just the beginning, and that more shocking revelations are coming soon. Do your own research!",News,fake
AN UNNAMED SOURCE CLOSE TO THE FAMILY EXPOSE A MASSIVE COVER-UP about THE EDUCATION SYSTEM!!!,"The mainstream media refuses to report this! An unnamed source close to the family expose a massive cover-up related to the education system. The mainstream media is completely silent about this shocking truth. The mainstream media is completely silent about this shocking truth. Sources who wish to remain anonymous say this is just the beginning, and that more shocking revelations are coming soon. Do your own research!",News,fake
A LEAKED DOCUMENT EXPOSE A MASSIVE COVER-UP about THE NEW VACCINE!!!,"Wake up people, this is huge! A leaked document expose a massive cover-up related to the new vaccine. Nobody is talking about this and that should scare you. Thousands of people are waking up to the truth every single day. Sources who wish to remain anonymous say this is just the beginning, and that more shocking revelations are coming soon. Do your own research!",News,fake
A SELF-PROCLAIMED EXPERT WARN THAT THE WORLD WILL END NEXT MONTH about A GLOBAL PANDEMIC!!!,"This will shock you! A self-proclaimed expert warn that the world will end next month related to a global pandemic. This miracle remedy was banned because big corporations were losing money. Thousands of people are waking up to the truth every single day. Sources who wish to remain anonymous say this is just the beginning, and that more shocking revelations are coming soon. Do your own research!",News,fake
A VIRAL POST REVEAL THE TRUTH THEY DON'T WANT YOU TO KNOW about A MAJOR SPORTS EVENT!!!,"They don't want you to see this! A viral post reveal the truth they don't want you to know related to a major sports event. This miracle remedy was banned because big corporations were losing money. Click here now before this post gets taken down forever. Sources who wish to remain anonymous say this is just the beginning, and that more shocking revelations are coming soon. Do your own research!",News,fake
SOCIAL MEDIA USERS REVEAL THE TRUTH THEY DON'T WANT YOU TO KNOW about THE ECONOMY!!!,"The mainstream media refuses to report this! Social media users reveal the truth they don't want you to know related to the economy. Share this NOW so the truth can finally come out!!! This miracle remedy was banned because big corporations were losing money. Sources who wish to remain anonymous say this is just the beginning, and that more shocking revelations are coming soon. Do your own research!",News,fake
SCIENTISTS YOU'VE NEVER HEARD OF REVEAL THE TRUTH THEY DON'T WANT YOU TO KNOW about THE STOCK MARKET!!!,"This will shock you! Scientists you've never heard of reveal the truth they don't want you to know related to the stock market. This proves once and for all what they've been hiding all along. Thousands of people are waking up to the truth every single day. Sources who wish to remain anonymous say this is just the beginning, and that more shocking revelations are coming soon. Do your own research!",News,fake
CELEBRITIES SAY THE VACCINE SECRETLY CONTAINS MICROCHIPS about THE NEW VACCINE!!!,"Experts are too afraid to speak up! Celebrities say the vaccine secretly contains microchips related to the new vaccine. Forward this to everyone you know before it's too late!!! This proves once and for all what they've been hiding all along. Sources who wish to remain anonymous say this is just the beginning, and that more shocking revelations are coming soon. Do your own research!",News,fake
AN ANONYMOUS INSIDER CLAIM THE ELECTION WAS COMPLETELY RIGGED about THE HOUSING MARKET!!!,"They don't want you to see this! An anonymous insider claim the election was completely rigged related to the housing market. Share this NOW so the truth can finally come out!!! This proves once and for all what they've been hiding all along. Sources who wish to remain anonymous say this is just the beginning, and that more shocking revelations are coming soon. Do your own research!",News,fake
A VIRAL POST REVEAL THE TRUTH THEY DON'T WANT YOU TO KNOW about A GLOBAL PANDEMIC!!!,"You won't believe what happens next! A viral post reveal the truth they don't want you to know related to a global pandemic. Forward this to everyone you know before it's too late!!! Click here now before this post gets taken down forever. Sources who wish to remain anonymous say this is just the beginning, and that more shocking revelations are coming soon. Do your own research!",News,fake
A LEAKED DOCUMENT LEAK PROOF OF A GLOBAL CONSPIRACY about THE UPCOMING ELECTION!!!,"This will shock you! A leaked document leak proof of a global conspiracy related to the upcoming election. Click here now before this post gets taken down forever. Share this NOW so the truth can finally come out!!! Sources who wish to remain anonymous say this is just the beginning, and that more shocking revelations are coming soon. Do your own research!",News,fake
SOCIAL MEDIA USERS CLAIM THIS ONE WEIRD TRICK CURES EVERYTHING about CLIMATE CHANGE!!!,"This will shock you! Social media users claim this one weird trick cures everything related to climate change. Share this NOW so the truth can finally come out!!! Click here now before this post gets taken down forever. Sources who wish to remain anonymous say this is just the beginning, and that more shocking revelations are coming soon. Do your own research!",News,fake
AN ANONYMOUS INSIDER WARN THAT THE WORLD WILL END NEXT MONTH about A GLOBAL PANDEMIC!!!,"Experts are too afraid to speak up! An anonymous insider warn that the world will end next month related to a global pandemic. Share this NOW so the truth can finally come out!!! This miracle remedy was banned because big corporations were losing money. Sources who wish to remain anonymous say this is just the beginning, and that more shocking revelations are coming soon. Do your own research!",News,fake
AN ANONYMOUS INSIDER SAY THE VACCINE SECRETLY CONTAINS MICROCHIPS about CLIMATE CHANGE!!!,"This will shock you! An anonymous insider say the vaccine secretly contains microchips related to climate change. Forward this to everyone you know before it's too late!!! Nobody is talking about this and that should scare you. Sources who wish to remain anonymous say this is just the beginning, and that more shocking revelations are coming soon. Do your own research!",News,fake
A SECRET GOVERNMENT MEMO CLAIM THIS ONE WEIRD TRICK CURES EVERYTHING about A VIRAL HEALTH TREND!!!,"You won't believe what happens next! A secret government memo claim this one weird trick cures everything related to a viral health trend. Click here now before this post gets taken down forever. Thousands of people are waking up to the truth every single day. Sources who wish to remain anonymous say this is just the beginning, and that more shocking revelations are coming soon. Do your own research!",News,fake
A SECRET GOVERNMENT MEMO SAY THE VACCINE SECRETLY CONTAINS MICROCHIPS about A NEW TECHNOLOGY!!!,"Experts are too afraid to speak up! A secret government memo say the vaccine secretly contains microchips related to a new technology. Share this NOW so the truth can finally come out!!! Nobody is talking about this and that should scare you. Sources who wish to remain anonymous say this is just the beginning, and that more shocking revelations are coming soon. Do your own research!",News,fake
DOCTORS CONFIRM ALIENS ARE HIDING AMONG US about THE EDUCATION SYSTEM!!!,"They don't want you to see this! Doctors confirm aliens are hiding among us related to the education system. Nobody is talking about this and that should scare you. Share this NOW so the truth can finally come out!!! Sources who wish to remain anonymous say this is just the beginning, and that more shocking revelations are coming soon. Do your own research!",News,fake
A SELF-PROCLAIMED EXPERT WARN THAT THE WORLD WILL END NEXT MONTH about A NEW TECHNOLOGY!!!,"Experts are too afraid to speak up! A self-proclaimed expert warn that the world will end next month related to a new technology. Forward this to everyone you know before it's too late!!! Thousands of people are waking up to the truth every single day. Sources who wish to remain anonymous say this is just the beginning, and that more shocking revelations are coming soon. Do your own research!",News,fake
A VIRAL POST LEAK PROOF OF A GLOBAL CONSPIRACY about A POPULAR CELEBRITY!!!,"This will shock you! A viral post leak proof of a global conspiracy related to a popular celebrity. Share this NOW so the truth can finally come out!!! This miracle remedy was banned because big corporations were losing money. Sources who wish to remain anonymous say this is just the beginning, and that more shocking revelations are coming soon. Do your own research!",News,fake
A POPULAR BLOGGER LEAK PROOF OF A GLOBAL CONSPIRACY about A POPULAR CELEBRITY!!!,"They don't want you to see this! A popular blogger leak proof of a global conspiracy related to a popular celebrity. Thousands of people are waking up to the truth every single day. Forward this to everyone you know before it's too late!!! Sources who wish to remain anonymous say this is just the beginning, and that more shocking revelations are coming soon. Do your own research!",News,fake
A MYSTERIOUS WHISTLEBLOWER SHOW THE SHOCKING SECRET BEHIND THE SCENES about A POPULAR CELEBRITY!!!,"Experts are too afraid to speak up! A mysterious whistleblower show the shocking secret behind the scenes related to a popular celebrity. The mainstream media is completely silent about this shocking truth. Forward this to everyone you know before it's too late!!! Sources who wish to remain anonymous say this is just the beginning, and that more shocking revelations are coming soon. Do your own research!",News,fake
A POPULAR BLOGGER REVEAL CELEBRITIES ARE ACTUALLY ROBOTS about A POPULAR CELEBRITY!!!,"Share before it gets deleted! A popular blogger reveal celebrities are actually robots related to a popular celebrity. Share this NOW so the truth can finally come out!!! Click here now before this post gets taken down forever. Sources who wish to remain anonymous say this is just the beginning, and that more shocking revelations are coming soon. Do your own research!",News,fake
A VIRAL POST SAY THE VACCINE SECRETLY CONTAINS MICROCHIPS about THE ECONOMY!!!,"This will shock you! A viral post say the vaccine secretly contains microchips related to the economy. Share this NOW so the truth can finally come out!!! Click here now before this post gets taken down forever. Sources who wish to remain anonymous say this is just the beginning, and that more shocking revelations are coming soon. Do your own research!",News,fake
SCIENTISTS YOU'VE NEVER HEARD OF WARN THAT THE WORLD WILL END NEXT MONTH about A GLOBAL PANDEMIC!!!,"Experts are too afraid to speak up! Scientists you've never heard of warn that the world will end next month related to a global pandemic. Click here now before this post gets taken down forever. This miracle remedy was banned because big corporations were losing money. Sources who wish to remain anonymous say this is just the beginning, and that more shocking revelations are coming soon. Do your own research!",News,fake
A POPULAR BLOGGER REVEAL THE TRUTH THEY DON'T WANT YOU TO KNOW about THE UPCOMING ELECTION!!!,"They don't want you to see this! A popular blogger reveal the truth they don't want you to know related to the upcoming election. Forward this to everyone you know before it's too late!!! Share this NOW so the truth can finally come out!!! Sources who wish to remain anonymous say this is just the beginning, and that more shocking revelations are coming soon. Do your own research!",News,fake
A LEAKED DOCUMENT REVEAL THE TRUTH THEY DON'T WANT YOU TO KNOW about A GLOBAL PANDEMIC!!!,"They don't want you to see this! A leaked document reveal the truth they don't want you to know related to a global pandemic. Click here now before this post gets taken down forever. Click here now before this post gets taken down forever. Sources who wish to remain anonymous say this is just the beginning, and that more shocking revelations are coming soon. Do your own research!",News,fake
A SELF-PROCLAIMED EXPERT EXPOSE A MASSIVE COVER-UP about CLIMATE CHANGE!!!,"They don't want you to see this! A self-proclaimed expert expose a massive cover-up related to climate change. This proves once and for all what they've been hiding all along. Thousands of people are waking up to the truth every single day. Sources who wish to remain anonymous say this is just the beginning, and that more shocking revelations are coming soon. Do your own research!",News,fake
A LEAKED DOCUMENT LEAK PROOF OF A GLOBAL CONSPIRACY about CLIMATE CHANGE!!!,"This will shock you! A leaked document leak proof of a global conspiracy related to climate change. Share this NOW so the truth can finally come out!!! Nobody is talking about this and that should scare you. Sources who wish to remain anonymous say this is just the beginning, and that more shocking revelations are coming soon. Do your own research!",News,fake
CELEBRITIES LEAK PROOF OF A GLOBAL CONSPIRACY about A NEW TECHNOLOGY!!!,"This has been hidden from the public for years! Celebrities leak proof of a global conspiracy related to a new technology. Forward this to everyone you know before it's too late!!! Forward this to everyone you know before it's too late!!! Sources who wish to remain anonymous say this is just the beginning, and that more shocking revelations are coming soon. Do your own research!",News,fake
A MYSTERIOUS WHISTLEBLOWER EXPOSE A MASSIVE COVER-UP about CLIMATE CHANGE!!!,"Experts are too afraid to speak up! A mysterious whistleblower expose a massive cover-up related to climate change. Click here now before this post gets taken down forever. Forward this to everyone you know before it's too late!!! Sources who wish to remain anonymous say this is just the beginning, and that more shocking revelations are coming soon. Do your own research!",News,fake
A MYSTERIOUS WHISTLEBLOWER REVEAL CELEBRITIES ARE ACTUALLY ROBOTS about A TECH COMPANY'S NEW PRODUCT!!!,"Wake up people, this is huge! A mysterious whistleblower reveal celebrities are actually robots related to a tech company's new product. Forward this to everyone you know before it's too late!!! The mainstream media is completely silent about this shocking truth. Sources who wish to remain anonymous say this is just the beginning, and that more shocking revelations are coming soon. Do your own research!",News,fake
A POPULAR BLOGGER SHOW THE SHOCKING SECRET BEHIND THE SCENES about A TECH COMPANY'S NEW PRODUCT!!!,"Experts are too afraid to speak up! A popular blogger show the shocking secret behind the scenes related to a tech company's new product. Forward this to everyone you know before it's too late!!! The mainstream media is completely silent about this shocking truth. Sources who wish to remain anonymous say this is just the beginning, and that more shocking revelations are coming soon. Do your own research!",News,fake
AN UNNAMED SOURCE CLOSE TO THE FAMILY INSIST THE MOON LANDING WAS STAGED about CLIMATE CHANGE!!!,"Wake up people, this is huge! An unnamed source close to the family insist the moon landing was staged related to climate change. Thousands of people are waking up to the truth every single day. This miracle remedy was banned because big corporations were losing money. Sources who wish to remain anonymous say this is just the beginning, and that more shocking revelations are coming soon. Do your own research!",News,fake
A POPULAR BLOGGER INSIST THE MOON LANDING WAS STAGED about THE NEW VACCINE!!!,"The mainstream media refuses to report this! A popular blogger insist the moon landing was staged related to the new vaccine. The mainstream media is completely silent about this shocking truth. Forward this to everyone you know before it's too late!!! Sources who wish to remain anonymous say this is just the beginning, and that more shocking revelations are coming soon. Do your own research!",News,fake
A VIRAL POST REVEAL THE TRUTH THEY DON'T WANT YOU TO KNOW about THE ECONOMY!!!,"Wake up people, this is huge! A viral post reveal the truth they don't want you to know related to the economy. Share this NOW so the truth can finally come out!!! This proves once and for all what they've been hiding all along. Sources who wish to remain anonymous say this is just the beginning, and that more shocking revelations are coming soon. Do your own research!",News,fake
A VIRAL POST REVEAL CELEBRITIES ARE ACTUALLY ROBOTS about A TECH COMPANY'S NEW PRODUCT!!!,"They don't want you to see this! A viral post reveal celebrities are actually robots related to a tech company's new product. Share this NOW so the truth can finally come out!!! The mainstream media is completely silent about this shocking truth. Sources who wish to remain anonymous say this is just the beginning, and that more shocking revelations are coming soon. Do your own research!",News,fake
AN ANONYMOUS INSIDER REVEAL CELEBRITIES ARE ACTUALLY ROBOTS about A NEW TECHNOLOGY!!!,"The mainstream media refuses to report this! An anonymous insider reveal celebrities are actually robots related to a new technology. Share this NOW so the truth can finally come out!!! Click here now before this post gets taken down forever. Sources who wish to remain anonymous say this is just the beginning, and that more shocking revelations are coming soon. Do your own research!",News,fake
A SELF-PROCLAIMED EXPERT SAY THE VACCINE SECRETLY CONTAINS MICROCHIPS about A MAJOR SPORTS EVENT!!!,"This has been hidden from the public for years! A self-proclaimed expert say the vaccine secretly contains microchips related to a major sports event. The mainstream media is completely silent about this shocking truth. Share this NOW so the truth can finally come out!!! Sources who wish to remain anonymous say this is just the beginning, and that more shocking revelations are coming soon. Do your own research!",News,fake
A SECRET GOVERNMENT MEMO CLAIM THE ELECTION WAS COMPLETELY RIGGED about THE ECONOMY!!!,"This has been hidden from the public for years! A secret government memo claim the election was completely rigged related to the economy. Click here now before this post gets taken down forever. Forward this to everyone you know before it's too late!!! Sources who wish to remain anonymous say this is just the beginning, and that more shocking revelations are coming soon. Do your own research!",News,fake
CELEBRITIES INSIST THE MOON LANDING WAS STAGED about A POPULAR CELEBRITY!!!,"Wake up people, this is huge! Celebrities insist the moon landing was staged related to a popular celebrity. Forward this to everyone you know before it's too late!!! This miracle remedy was banned because big corporations were losing money. Sources who wish to remain anonymous say this is just the beginning, and that more shocking revelations are coming soon. Do your own research!",News,fake
AN ANONYMOUS INSIDER SAY THE GOVERNMENT IS HIDING THE CURE FOR CANCER about THE STOCK MARKET!!!,"Share before it gets deleted! An anonymous insider say the government is hiding the cure for cancer related to the stock market. Nobody is talking about this and that should scare you. Share this NOW so the truth can finally come out!!! Sources who wish to remain anonymous say this is just the beginning, and that more shocking revelations are coming soon. Do your own research!",News,fake
A SECRET GOVERNMENT MEMO SAY THE GOVERNMENT IS HIDING THE CURE FOR CANCER about A MAJOR SPORTS EVENT!!!,"Wake up people, this is huge! A secret government memo say the government is hiding the cure for cancer related to a major sports event. Share this NOW so the truth can finally come out!!! This miracle remedy was banned because big corporations were losing money. Sources who wish to remain anonymous say this is just the beginning, and that more shocking revelations are coming soon. Do your own research!",News,fake
A POPULAR BLOGGER CLAIM THE ELECTION WAS COMPLETELY RIGGED about THE NEW VACCINE!!!,"This has been hidden from the public for years! A popular blogger claim the election was completely rigged related to the new vaccine. Forward this to everyone you know before it's too late!!! Forward this to everyone you know before it's too late!!! Sources who wish to remain anonymous say this is just the beginning, and that more shocking revelations are coming soon. Do your own research!",News,fake
CELEBRITIES SAY THE GOVERNMENT IS HIDING THE CURE FOR CANCER about THE STOCK MARKET!!!,"Wake up people, this is huge! Celebrities say the government is hiding the cure for cancer related to the stock market. Thousands of people are waking up to the truth every single day. Thousands of people are waking up to the truth every single day. Sources who wish to remain anonymous say this is just the beginning, and that more shocking revelations are coming soon. Do your own research!",News,fake
DOCTORS CLAIM THE ELECTION WAS COMPLETELY RIGGED about THE NEW VACCINE!!!,"They don't want you to see this! Doctors claim the election was completely rigged related to the new vaccine. Forward this to everyone you know before it's too late!!! The mainstream media is completely silent about this shocking truth. Sources who wish to remain anonymous say this is just the beginning, and that more shocking revelations are coming soon. Do your own research!",News,fake
A SHOCKING NEW REPORT REVEAL THE TRUTH THEY DON'T WANT YOU TO KNOW about A MAJOR SPORTS EVENT!!!,"Wake up people, this is huge! A shocking new report reveal the truth they don't want you to know related to a major sports event. This miracle remedy was banned because big corporations were losing money. Thousands of people are waking up to the truth every single day. Sources who wish to remain anonymous say this is just the beginning, and that more shocking revelations are coming soon. Do your own research!",News,fake
A VIRAL POST INSIST THE MOON LANDING WAS STAGED about A MAJOR SPORTS EVENT!!!,"Share before it gets deleted! A viral post insist the moon landing was staged related to a major sports event. Thousands of people are waking up to the truth every single day. The mainstream media is completely silent about this shocking truth. Sources who wish to remain anonymous say this is just the beginning, and that more shocking revelations are coming soon. Do your own research!",News,fake
DOCTORS CONFIRM ALIENS ARE HIDING AMONG US about A VIRAL HEALTH TREND!!!,"This has been hidden from the public for years! Doctors confirm aliens are hiding among us related to a viral health trend. The mainstream media is completely silent about this shocking truth. Nobody is talking about this and that should scare you. Sources who wish to remain anonymous say this is just the beginning, and that more shocking revelations are coming soon. Do your own research!",News,fake
AN UNNAMED SOURCE CLOSE TO THE FAMILY CONFIRM ALIENS ARE HIDING AMONG US about A VIRAL HEALTH TREND!!!,"Experts are too afraid to speak up! An unnamed source close to the family confirm aliens are hiding among us related to a viral health trend. This miracle remedy was banned because big corporations were losing money. The mainstream media is completely silent about this shocking truth. Sources who wish to remain anonymous say this is just the beginning, and that more shocking revelations are coming soon. Do your own research!",News,fake
AN ANONYMOUS INSIDER REVEAL CELEBRITIES ARE ACTUALLY ROBOTS about THE NEW VACCINE!!!,"They don't want you to see this! An anonymous insider reveal celebrities are actually robots related to the new vaccine. The mainstream media is completely silent about this shocking truth. Share this NOW so the truth can finally come out!!! Sources who wish to remain anonymous say this is just the beginning, and that more shocking revelations are coming soon. Do your own research!",News,fake
SCIENTISTS YOU'VE NEVER HEARD OF LEAK PROOF OF A GLOBAL CONSPIRACY about THE NEW VACCINE!!!,"Experts are too afraid to speak up! Scientists you've never heard of leak proof of a global conspiracy related to the new vaccine. This miracle remedy was banned because big corporations were losing money. Click here now before this post gets taken down forever. Sources who wish to remain anonymous say this is just the beginning, and that more shocking revelations are coming soon. Do your own research!",News,fake
A POPULAR BLOGGER CLAIM THIS ONE WEIRD TRICK CURES EVERYTHING about A VIRAL HEALTH TREND!!!,"This will shock you! A popular blogger claim this one weird trick cures everything related to a viral health trend. Share this NOW so the truth can finally come out!!! Click here now before this post gets taken down forever. Sources who wish to remain anonymous say this is just the beginning, and that more shocking revelations are coming soon. Do your own research!",News,fake
A VIRAL POST CONFIRM ALIENS ARE HIDING AMONG US about CLIMATE CHANGE!!!,"You won't believe what happens next! A viral post confirm aliens are hiding among us related to climate change. Thousands of people are waking up to the truth every single day. Nobody is talking about this and that should scare you. Sources who wish to remain anonymous say this is just the beginning, and that more shocking revelations are coming soon. Do your own research!",News,fake
A MYSTERIOUS WHISTLEBLOWER CLAIM THE ELECTION WAS COMPLETELY RIGGED about THE STOCK MARKET!!!,"You won't believe what happens next! A mysterious whistleblower claim the election was completely rigged related to the stock market. The mainstream media is completely silent about this shocking truth. This proves once and for all what they've been hiding all along. Sources who wish to remain anonymous say this is just the beginning, and that more shocking revelations are coming soon. Do your own research!",News,fake
SCIENTISTS YOU'VE NEVER HEARD OF INSIST THE MOON LANDING WAS STAGED about THE NEW VACCINE!!!,"You won't believe what happens next! Scientists you've never heard of insist the moon landing was staged related to the new vaccine. Forward this to everyone you know before it's too late!!! Share this NOW so the truth can finally come out!!! Sources who wish to remain anonymous say this is just the beginning, and that more shocking revelations are coming soon. Do your own research!",News,fake
A MYSTERIOUS WHISTLEBLOWER EXPOSE A MASSIVE COVER-UP about A GLOBAL PANDEMIC!!!,"You won't believe what happens next! A mysterious whistleblower expose a massive cover-up related to a global pandemic. Forward this to everyone you know before it's too late!!! Forward this to everyone you know before it's too late!!! Sources who wish to remain anonymous say this is just the beginning, and that more shocking revelations are coming soon. Do your own research!",News,fake
AN UNNAMED SOURCE CLOSE TO THE FAMILY SHOW THE SHOCKING SECRET BEHIND THE SCENES about A MAJOR SPORTS EVENT!!!,"You won't believe what happens next! An unnamed source close to the family show the shocking secret behind the scenes related to a major sports event. This proves once and for all what they've been hiding all along. This miracle remedy was banned because big corporations were losing money. Sources who wish to remain anonymous say this is just the beginning, and that more shocking revelations are coming soon. Do your own research!",News,fake
CELEBRITIES REVEAL THE TRUTH THEY DON'T WANT YOU TO KNOW about THE STOCK MARKET!!!,"Experts are too afraid to speak up! Celebrities reveal the truth they don't want you to know related to the stock market. Thousands of people are waking up to the truth every single day. Nobody is talking about this and that should scare you. Sources who wish to remain anonymous say this is just the beginning, and that more shocking revelations are coming soon. Do your own research!",News,fake
A VIRAL POST LEAK PROOF OF A GLOBAL CONSPIRACY about A POLITICAL SCANDAL!!!,"You won't believe what happens next! A viral post leak proof of a global conspiracy related to a political scandal. Forward this to everyone you know before it's too late!!! Thousands of people are waking up to the truth every single day. Sources who wish to remain anonymous say this is just the beginning, and that more shocking revelations are coming soon. Do your own research!",News,fake
AN ANONYMOUS INSIDER SAY THE VACCINE SECRETLY CONTAINS MICROCHIPS about THE STOCK MARKET!!!,"You won't believe what happens next! An anonymous insider say the vaccine secretly contains microchips related to the stock market. Nobody is talking about this and that should scare you. Thousands of people are waking up to the truth every single day. Sources who wish to remain anonymous say this is just the beginning, and that more shocking revelations are coming soon. Do your own research!",News,fake
A SECRET GOVERNMENT MEMO SAY THE VACCINE SECRETLY CONTAINS MICROCHIPS about A NEW TECHNOLOGY!!!,"The mainstream media refuses to report this! A secret government memo say the vaccine secretly contains microchips related to a new technology. Nobody is talking about this and that should scare you. Thousands of people are waking up to the truth every single day. Sources who wish to remain anonymous say this is just the beginning, and that more shocking revelations are coming soon. Do your own research!",News,fake
AN UNNAMED SOURCE CLOSE TO THE FAMILY SAY THE VACCINE SECRETLY CONTAINS MICROCHIPS about THE EDUCATION SYSTEM!!!,"Experts are too afraid to speak up! An unnamed source close to the family say the vaccine secretly contains microchips related to the education system. The mainstream media is completely silent about this shocking truth. Forward this to everyone you know before it's too late!!! Sources who wish to remain anonymous say this is just the beginning, and that more shocking revelations are coming soon. Do your own research!",News,fake
AN ANONYMOUS INSIDER REVEAL CELEBRITIES ARE ACTUALLY ROBOTS about A POPULAR CELEBRITY!!!,"The mainstream media refuses to report this! An anonymous insider reveal celebrities are actually robots related to a popular celebrity. Thousands of people are waking up to the truth every single day. The mainstream media is completely silent about this shocking truth. Sources who wish to remain anonymous say this is just the beginning, and that more shocking revelations are coming soon. Do your own research!",News,fake
A SELF-PROCLAIMED EXPERT SHOW THE SHOCKING SECRET BEHIND THE SCENES about THE ECONOMY!!!,"This will shock you! A self-proclaimed expert show the shocking secret behind the scenes related to the economy. Share this NOW so the truth can finally come out!!! Forward this to everyone you know before it's too late!!! Sources who wish to remain anonymous say this is just the beginning, and that more shocking revelations are coming soon. Do your own research!",News,fake
SCIENTISTS YOU'VE NEVER HEARD OF CLAIM THE ELECTION WAS COMPLETELY RIGGED about A NEW TECHNOLOGY!!!,"This has been hidden from the public for years! Scientists you've never heard of claim the election was completely rigged related to a new technology. Forward this to everyone you know before it's too late!!! This proves once and for all what they've been hiding all along. Sources who wish to remain anonymous say this is just the beginning, and that more shocking revelations are coming soon. Do your own research!",News,fake
AN ANONYMOUS INSIDER SAY THE GOVERNMENT IS HIDING THE CURE FOR CANCER about THE HOUSING MARKET!!!,"This has been hidden from the public for years! An anonymous insider say the government is hiding the cure for cancer related to the housing market. Forward this to everyone you know before it's too late!!! Click here now before this post gets taken down forever. Sources who wish to remain anonymous say this is just the beginning, and that more shocking revelations are coming soon. Do your own research!",News,fake
SCIENTISTS YOU'VE NEVER HEARD OF CLAIM THE ELECTION WAS COMPLETELY RIGGED about A POLITICAL SCANDAL!!!,"The mainstream media refuses to report this! Scientists you've never heard of claim the election was completely rigged related to a political scandal. Forward this to everyone you know before it's too late!!! Nobody is talking about this and that should scare you. Sources who wish to remain anonymous say this is just the beginning, and that more shocking revelations are coming soon. Do your own research!",News,fake
A MYSTERIOUS WHISTLEBLOWER REVEAL THE TRUTH THEY DON'T WANT YOU TO KNOW about THE EDUCATION SYSTEM!!!,"This has been hidden from the public for years! A mysterious whistleblower reveal the truth they don't want you to know related to the education system. Click here now before this post gets taken down forever. Share this NOW so the truth can finally come out!!! Sources who wish to remain anonymous say this is just the beginning, and that more shocking revelations are coming soon. Do your own research!",News,fake
SOCIAL MEDIA USERS EXPOSE A MASSIVE COVER-UP about A GLOBAL PANDEMIC!!!,"Share before it gets deleted! Social media users expose a massive cover-up related to a global pandemic. Forward this to everyone you know before it's too late!!! Click here now before this post gets taken down forever. Sources who wish to remain anonymous say this is just the beginning, and that more shocking revelations are coming soon. Do your own research!",News,fake
A SHOCKING NEW REPORT CLAIM THE ELECTION WAS COMPLETELY RIGGED about THE ECONOMY!!!,"This has been hidden from the public for years! A shocking new report claim the election was completely rigged related to the economy. Click here now before this post gets taken down forever. Nobody is talking about this and that should scare you. Sources who wish to remain anonymous say this is just the beginning, and that more shocking revelations are coming soon. Do your own research!",News,fake
SCIENTISTS YOU'VE NEVER HEARD OF CLAIM THE ELECTION WAS COMPLETELY RIGGED about A TECH COMPANY'S NEW PRODUCT!!!,"Experts are too afraid to speak up! Scientists you've never heard of claim the election was completely rigged related to a tech company's new product. Click here now before this post gets taken down forever. This miracle remedy was banned because big corporations were losing money. Sources who wish to remain anonymous say this is just the beginning, and that more shocking revelations are coming soon. Do your own research!",News,fake
DOCTORS CONFIRM ALIENS ARE HIDING AMONG US about A NATURAL DISASTER!!!,"Wake up people, this is huge! Doctors confirm aliens are hiding among us related to a natural disaster. Thousands of people are waking up to the truth every single day. This proves once and for all what they've been hiding all along. Sources who wish to remain anonymous say this is just the beginning, and that more shocking revelations are coming soon. Do your own research!",News,fake
CELEBRITIES WARN THAT THE WORLD WILL END NEXT MONTH about A POLITICAL SCANDAL!!!,"They don't want you to see this! Celebrities warn that the world will end next month related to a political scandal. Click here now before this post gets taken down forever. Click here now before this post gets taken down forever. Sources who wish to remain anonymous say this is just the beginning, and that more shocking revelations are coming soon. Do your own research!",News,fake
A POPULAR BLOGGER SAY THE GOVERNMENT IS HIDING THE CURE FOR CANCER about THE UPCOMING ELECTION!!!,"You won't believe what happens next! A popular blogger say the government is hiding the cure for cancer related to the upcoming election. The mainstream media is completely silent about this shocking truth. Forward this to everyone you know before it's too late!!! Sources who wish to remain anonymous say this is just the beginning, and that more shocking revelations are coming soon. Do your own research!",News,fake
AN UNNAMED SOURCE CLOSE TO THE FAMILY INSIST THE MOON LANDING WAS STAGED about THE ECONOMY!!!,"The mainstream media refuses to report this! An unnamed source close to the family insist the moon landing was staged related to the economy. Click here now before this post gets taken down forever. Click here now before this post gets taken down forever. Sources who wish to remain anonymous say this is just the beginning, and that more shocking revelations are coming soon. Do your own research!",News,fake
A SHOCKING NEW REPORT REVEAL THE TRUTH THEY DON'T WANT YOU TO KNOW about THE HOUSING MARKET!!!,"This will shock you! A shocking new report reveal the truth they don't want you to know related to the housing market. Share this NOW so the truth can finally come out!!! The mainstream media is completely silent about this shocking truth. Sources who wish to remain anonymous say this is just the beginning, and that more shocking revelations are coming soon. Do your own research!",News,fake
A SELF-PROCLAIMED EXPERT LEAK PROOF OF A GLOBAL CONSPIRACY about A NATURAL DISASTER!!!,"This will shock you! A self-proclaimed expert leak proof of a global conspiracy related to a natural disaster. This proves once and for all what they've been hiding all along. Click here now before this post gets taken down forever. Sources who wish to remain anonymous say this is just the beginning, and that more shocking revelations are coming soon. Do your own research!",News,fake
A LEAKED DOCUMENT SAY THE GOVERNMENT IS HIDING THE CURE FOR CANCER about A NEW TECHNOLOGY!!!,"Experts are too afraid to speak up! A leaked document say the government is hiding the cure for cancer related to a new technology. Click here now before this post gets taken down forever. Forward this to everyone you know before it's too late!!! Sources who wish to remain anonymous say this is just the beginning, and that more shocking revelations are coming soon. Do your own research!",News,fake
A SECRET GOVERNMENT MEMO CLAIM THE ELECTION WAS COMPLETELY RIGGED about A POLITICAL SCANDAL!!!,"The mainstream media refuses to report this! A secret government memo claim the election was completely rigged related to a political scandal. Nobody is talking about this and that should scare you. Nobody is talking about this and that should scare you. Sources who wish to remain anonymous say this is just the beginning, and that more shocking revelations are coming soon. Do your own research!",News,fake
A MYSTERIOUS WHISTLEBLOWER SAY THE GOVERNMENT IS HIDING THE CURE FOR CANCER about THE NEW VACCINE!!!,"This will shock you! A mysterious whistleblower say the government is hiding the cure for cancer related to the new vaccine. Thousands of people are waking up to the truth every single day. This proves once and for all what they've been hiding all along. Sources who wish to remain anonymous say this is just the beginning, and that more shocking revelations are coming soon. Do your own research!",News,fake
A SELF-PROCLAIMED EXPERT REVEAL CELEBRITIES ARE ACTUALLY ROBOTS about THE STOCK MARKET!!!,"Wake up people, this is huge! A self-proclaimed expert reveal celebrities are actually robots related to the stock market. Click here now before this post gets taken down forever. Thousands of people are waking up to the truth every single day. Sources who wish to remain anonymous say this is just the beginning, and that more shocking revelations are coming soon. Do your own research!",News,fake
A VIRAL POST CONFIRM ALIENS ARE HIDING AMONG US about A NEW TECHNOLOGY!!!,"The mainstream media refuses to report this! A viral post confirm aliens are hiding among us related to a new technology. Nobody is talking about this and that should scare you. The mainstream media is completely silent about this shocking truth. Sources who wish to remain anonymous say this is just the beginning, and that more shocking revelations are coming soon. Do your own research!",News,fake
A SECRET GOVERNMENT MEMO CONFIRM ALIENS ARE HIDING AMONG US about A GLOBAL PANDEMIC!!!,"This will shock you! A secret government memo confirm aliens are hiding among us related to a global pandemic. Nobody is talking about this and that should scare you. Share this NOW so the truth can finally come out!!! Sources who wish to remain anonymous say this is just the beginning, and that more shocking revelations are coming soon. Do your own research!",News,fake
A POPULAR BLOGGER WARN THAT THE WORLD WILL END NEXT MONTH about A POLITICAL SCANDAL!!!,"The mainstream media refuses to report this! A popular blogger warn that the world will end next month related to a political scandal. This proves once and for all what they've been hiding all along. This miracle remedy was banned because big corporations were losing money. Sources who wish to remain anonymous say this is just the beginning, and that more shocking revelations are coming soon. Do your own research!",News,fake
A SECRET GOVERNMENT MEMO LEAK PROOF OF A GLOBAL CONSPIRACY about THE HOUSING MARKET!!!,"This has been hidden from the public for years! A secret government memo leak proof of a global conspiracy related to the housing market. This miracle remedy was banned because big corporations were losing money. Share this NOW so the truth can finally come out!!! Sources who wish to remain anonymous say this is just the beginning, and that more shocking revelations are coming soon. Do your own research!",News,fake
DOCTORS WARN THAT THE WORLD WILL END NEXT MONTH about A MAJOR SPORTS EVENT!!!,"This will shock you! Doctors warn that the world will end next month related to a major sports event. Click here now before this post gets taken down forever. Share this NOW so the truth can finally come out!!! Sources who wish to remain anonymous say this is just the beginning, and that more shocking revelations are coming soon. Do your own research!",News,fake
DOCTORS INSIST THE MOON LANDING WAS STAGED about THE NEW VACCINE!!!,"Share before it gets deleted! Doctors insist the moon landing was staged related to the new vaccine. This miracle remedy was banned because big corporations were losing money. This proves once and for all what they've been hiding all along. Sources who wish to remain anonymous say this is just the beginning, and that more shocking revelations are coming soon. Do your own research!",News,fake
SOCIAL MEDIA USERS SAY THE VACCINE SECRETLY CONTAINS MICROCHIPS about THE STOCK MARKET!!!,"This will shock you! Social media users say the vaccine secretly contains microchips related to the stock market. Nobody is talking about this and that should scare you. The mainstream media is completely silent about this shocking truth. Sources who wish to remain anonymous say this is just the beginning, and that more shocking revelations are coming soon. Do your own research!",News,fake
A LEAKED DOCUMENT SAY THE GOVERNMENT IS HIDING THE CURE FOR CANCER about THE EDUCATION SYSTEM!!!,"Wake up people, this is huge! A leaked document say the government is hiding the cure for cancer related to the education system. This proves once and for all what they've been hiding all along. Click here now before this post gets taken down forever. Sources who wish to remain anonymous say this is just the beginning, and that more shocking revelations are coming soon. Do your own research!",News,fake
AN ANONYMOUS INSIDER CLAIM THIS ONE WEIRD TRICK CURES EVERYTHING about A NATURAL DISASTER!!!,"Experts are too afraid to speak up! An anonymous insider claim this one weird trick cures everything related to a natural disaster. Share this NOW so the truth can finally come out!!! This proves once and for all what they've been hiding all along. Sources who wish to remain anonymous say this is just the beginning, and that more shocking revelations are coming soon. Do your own research!",News,fake
A VIRAL POST SAY THE VACCINE SECRETLY CONTAINS MICROCHIPS about THE STOCK MARKET!!!,"Wake up people, this is huge! A viral post say the vaccine secretly contains microchips related to the stock market. Forward this to everyone you know before it's too late!!! This proves once and for all what they've been hiding all along. Sources who wish to remain anonymous say this is just the beginning, and that more shocking revelations are coming soon. Do your own research!",News,fake
DOCTORS INSIST THE MOON LANDING WAS STAGED about A MAJOR SPORTS EVENT!!!,"The mainstream media refuses to report this! Doctors insist the moon landing was staged related to a major sports event. Click here now before this post gets taken down forever. Nobody is talking about this and that should scare you. Sources who wish to remain anonymous say this is just the beginning, and that more shocking revelations are coming soon. Do your own research!",News,fake
SCIENTISTS YOU'VE NEVER HEARD OF SHOW THE SHOCKING SECRET BEHIND THE SCENES about THE UPCOMING ELECTION!!!,"Wake up people, this is huge! Scientists you've never heard of show the shocking secret behind the scenes related to the upcoming election. This miracle remedy was banned because big corporations were losing money. Click here now before this post gets taken down forever. Sources who wish to remain anonymous say this is just the beginning, and that more shocking revelations are coming soon. Do your own research!",News,fake
AN ANONYMOUS INSIDER REVEAL THE TRUTH THEY DON'T WANT YOU TO KNOW about THE HOUSING MARKET!!!,"The mainstream media refuses to report this! An anonymous insider reveal the truth they don't want you to know related to the housing market. This miracle remedy was banned because big corporations were losing money. Forward this to everyone you know before it's too late!!! Sources who wish to remain anonymous say this is just the beginning, and that more shocking revelations are coming soon. Do your own research!",News,fake
A SHOCKING NEW REPORT EXPOSE A MASSIVE COVER-UP about A VIRAL HEALTH TREND!!!,"They don't want you to see this! A shocking new report expose a massive cover-up related to a viral health trend. This proves once and for all what they've been hiding all along. Share this NOW so the truth can finally come out!!! Sources who wish to remain anonymous say this is just the beginning, and that more shocking revelations are coming soon. Do your own research!",News,fake
CELEBRITIES LEAK PROOF OF A GLOBAL CONSPIRACY about A POPULAR CELEBRITY!!!,"Wake up people, this is huge! Celebrities leak proof of a global conspiracy related to a popular celebrity. The mainstream media is completely silent about this shocking truth. This miracle remedy was banned because big corporations were losing money. Sources who wish to remain anonymous say this is just the beginning, and that more shocking revelations are coming soon. Do your own research!",News,fake
SOCIAL MEDIA USERS REVEAL THE TRUTH THEY DON'T WANT YOU TO KNOW about CLIMATE CHANGE!!!,"Experts are too afraid to speak up! Social media users reveal the truth they don't want you to know related to climate change. Nobody is talking about this and that should scare you. Click here now before this post gets taken down forever. Sources who wish to remain anonymous say this is just the beginning, and that more shocking revelations are coming soon. Do your own research!",News,fake
A LEAKED DOCUMENT REVEAL THE TRUTH THEY DON'T WANT YOU TO KNOW about THE UPCOMING ELECTION!!!,"Experts are too afraid to speak up! A leaked document reveal the truth they don't want you to know related to the upcoming election. Forward this to everyone you know before it's too late!!! Forward this to everyone you know before it's too late!!! Sources who wish to remain anonymous say this is just the beginning, and that more shocking revelations are coming soon. Do your own research!",News,fake
SCIENTISTS YOU'VE NEVER HEARD OF SHOW THE SHOCKING SECRET BEHIND THE SCENES about A NEW TECHNOLOGY!!!,"Share before it gets deleted! Scientists you've never heard of show the shocking secret behind the scenes related to a new technology. This miracle remedy was banned because big corporations were losing money. Share this NOW so the truth can finally come out!!! Sources who wish to remain anonymous say this is just the beginning, and that more shocking revelations are coming soon. Do your own research!",News,fake
DOCTORS LEAK PROOF OF A GLOBAL CONSPIRACY about A NEW TECHNOLOGY!!!,"This will shock you! Doctors leak proof of a global conspiracy related to a new technology. Thousands of people are waking up to the truth every single day. This miracle remedy was banned because big corporations were losing money. Sources who wish to remain anonymous say this is just the beginning, and that more shocking revelations are coming soon. Do your own research!",News,fake
A SELF-PROCLAIMED EXPERT CONFIRM ALIENS ARE HIDING AMONG US about THE HOUSING MARKET!!!,"Wake up people, this is huge! A self-proclaimed expert confirm aliens are hiding among us related to the housing market. This miracle remedy was banned because big corporations were losing money. Click here now before this post gets taken down forever. Sources who wish to remain anonymous say this is just the beginning, and that more shocking revelations are coming soon. Do your own research!",News,fake
A MYSTERIOUS WHISTLEBLOWER SAY THE GOVERNMENT IS HIDING THE CURE FOR CANCER about A VIRAL HEALTH TREND!!!,"This has been hidden from the public for years! A mysterious whistleblower say the government is hiding the cure for cancer related to a viral health trend. Nobody is talking about this and that should scare you. Share this NOW so the truth can finally come out!!! Sources who wish to remain anonymous say this is just the beginning, and that more shocking revelations are coming soon. Do your own research!",News,fake
CELEBRITIES CONFIRM ALIENS ARE HIDING AMONG US about A NATURAL DISASTER!!!,"The mainstream media refuses to report this! Celebrities confirm aliens are hiding among us related to a natural disaster. This proves once and for all what they've been hiding all along. The mainstream media is completely silent about this shocking truth. Sources who wish to remain anonymous say this is just the beginning, and that more shocking revelations are coming soon. Do your own research!",News,fake
SOCIAL MEDIA USERS LEAK PROOF OF A GLOBAL CONSPIRACY about A POLITICAL SCANDAL!!!,"Share before it gets deleted! Social media users leak proof of a global conspiracy related to a political scandal. Share this NOW so the truth can finally come out!!! Share this NOW so the truth can finally come out!!! Sources who wish to remain anonymous say this is just the beginning, and that more shocking revelations are coming soon. Do your own research!",News,fake
AN UNNAMED SOURCE CLOSE TO THE FAMILY EXPOSE A MASSIVE COVER-UP about THE ECONOMY!!!,"This has been hidden from the public for years! An unnamed source close to the family expose a massive cover-up related to the economy. Nobody is talking about this and that should scare you. Click here now before this post gets taken down forever. Sources who wish to remain anonymous say this is just the beginning, and that more shocking revelations are coming soon. Do your own research!",News,fake
A LEAKED DOCUMENT SAY THE VACCINE SECRETLY CONTAINS MICROCHIPS about A POPULAR CELEBRITY!!!,"You won't believe what happens next! A leaked document say the vaccine secretly contains microchips related to a popular celebrity. Share this NOW so the truth can finally come out!!! Thousands of people are waking up to the truth every single day. Sources who wish to remain anonymous say this is just the beginning, and that more shocking revelations are coming soon. Do your own research!",News,fake
A VIRAL POST CLAIM THE ELECTION WAS COMPLETELY RIGGED about THE HOUSING MARKET!!!,"Share before it gets deleted! A viral post claim the election was completely rigged related to the housing market. Thousands of people are waking up to the truth every single day. The mainstream media is completely silent about this shocking truth. Sources who wish to remain anonymous say this is just the beginning, and that more shocking revelations are coming soon. Do your own research!",News,fake
A MYSTERIOUS WHISTLEBLOWER LEAK PROOF OF A GLOBAL CONSPIRACY about A POLITICAL SCANDAL!!!,"This will shock you! A mysterious whistleblower leak proof of a global conspiracy related to a political scandal. Nobody is talking about this and that should scare you. Nobody is talking about this and that should scare you. Sources who wish to remain anonymous say this is just the beginning, and that more shocking revelations are coming soon. Do your own research!",News,fake
A SHOCKING NEW REPORT REVEAL CELEBRITIES ARE ACTUALLY ROBOTS about CLIMATE CHANGE!!!,"The mainstream media refuses to report this! A shocking new report reveal celebrities are actually robots related to climate change. This proves once and for all what they've been hiding all along. Thousands of people are waking up to the truth every single day. Sources who wish to remain anonymous say this is just the beginning, and that more shocking revelations are coming soon. Do your own research!",News,fake
A LEAKED DOCUMENT EXPOSE A MASSIVE COVER-UP about THE ECONOMY!!!,"The mainstream media refuses to report this! A leaked document expose a massive cover-up related to the economy. Forward this to everyone you know before it's too late!!! Forward this to everyone you know before it's too late!!! Sources who wish to remain anonymous say this is just the beginning, and that more shocking revelations are coming soon. Do your own research!",News,fake
DOCTORS WARN THAT THE WORLD WILL END NEXT MONTH about A POPULAR CELEBRITY!!!,"They don't want you to see this! Doctors warn that the world will end next month related to a popular celebrity. Forward this to everyone you know before it's too late!!! Thousands of people are waking up to the truth every single day. Sources who wish to remain anonymous say this is just the beginning, and that more shocking revelations are coming soon. Do your own research!",News,fake
A MYSTERIOUS WHISTLEBLOWER LEAK PROOF OF A GLOBAL CONSPIRACY about CLIMATE CHANGE!!!,"This has been hidden from the public for years! A mysterious whistleblower leak proof of a global conspiracy related to climate change. Click here now before this post gets taken down forever. The mainstream media is completely silent about this shocking truth. Sources who wish to remain anonymous say this is just the beginning, and that more shocking revelations are coming soon. Do your own research!",News,fake
A SECRET GOVERNMENT MEMO INSIST THE MOON LANDING WAS STAGED about THE UPCOMING ELECTION!!!,"This has been hidden from the public for years! A secret government memo insist the moon landing was staged related to the upcoming election. Click here now before this post gets taken down forever. Nobody is talking about this and that should scare you. Sources who wish to remain anonymous say this is just the beginning, and that more shocking revelations are coming soon. Do your own research!",News,fake
A VIRAL POST REVEAL THE TRUTH THEY DON'T WANT YOU TO KNOW about A NATURAL DISASTER!!!,"They don't want you to see this! A viral post reveal the truth they don't want you to know related to a natural disaster. Share this NOW so the truth can finally come out!!! This proves once and for all what they've been hiding all along. Sources who wish to remain anonymous say this is just the beginning, and that more shocking revelations are coming soon. Do your own research!",News,fake
CELEBRITIES SAY THE VACCINE SECRETLY CONTAINS MICROCHIPS about A MAJOR SPORTS EVENT!!!,"The mainstream media refuses to report this! Celebrities say the vaccine secretly contains microchips related to a major sports event. Forward this to everyone you know before it's too late!!! Share this NOW so the truth can finally come out!!! Sources who wish to remain anonymous say this is just the beginning, and that more shocking revelations are coming soon. Do your own research!",News,fake
A VIRAL POST CLAIM THE ELECTION WAS COMPLETELY RIGGED about A MAJOR SPORTS EVENT!!!,"You won't believe what happens next! A viral post claim the election was completely rigged related to a major sports event. Thousands of people are waking up to the truth every single day. Share this NOW so the truth can finally come out!!! Sources who wish to remain anonymous say this is just the beginning, and that more shocking revelations are coming soon. Do your own research!",News,fake
AN ANONYMOUS INSIDER SAY THE GOVERNMENT IS HIDING THE CURE FOR CANCER about THE NEW VACCINE!!!,"This will shock you! An anonymous insider say the government is hiding the cure for cancer related to the new vaccine. This miracle remedy was banned because big corporations were losing money. Thousands of people are waking up to the truth every single day. Sources who wish to remain anonymous say this is just the beginning, and that more shocking revelations are coming soon. Do your own research!",News,fake
A POPULAR BLOGGER SHOW THE SHOCKING SECRET BEHIND THE SCENES about THE ECONOMY!!!,"The mainstream media refuses to report this! A popular blogger show the shocking secret behind the scenes related to the economy. Share this NOW so the truth can finally come out!!! Click here now before this post gets taken down forever. Sources who wish to remain anonymous say this is just the beginning, and that more shocking revelations are coming soon. Do your own research!",News,fake
A SHOCKING NEW REPORT INSIST THE MOON LANDING WAS STAGED about A TECH COMPANY'S NEW PRODUCT!!!,"This has been hidden from the public for years! A shocking new report insist the moon landing was staged related to a tech company's new product. Forward this to everyone you know before it's too late!!! Click here now before this post gets taken down forever. Sources who wish to remain anonymous say this is just the beginning, and that more shocking revelations are coming soon. Do your own research!",News,fake
A SELF-PROCLAIMED EXPERT EXPOSE A MASSIVE COVER-UP about A NEW TECHNOLOGY!!!,"Experts are too afraid to speak up! A self-proclaimed expert expose a massive cover-up related to a new technology. Share this NOW so the truth can finally come out!!! The mainstream media is completely silent about this shocking truth. Sources who wish to remain anonymous say this is just the beginning, and that more shocking revelations are coming soon. Do your own research!",News,fake
AN ANONYMOUS INSIDER CLAIM THIS ONE WEIRD TRICK CURES EVERYTHING about THE HOUSING MARKET!!!,"Share before it gets deleted! An anonymous insider claim this one weird trick cures everything related to the housing market. The mainstream media is completely silent about this shocking truth. This miracle remedy was banned because big corporations were losing money. Sources who wish to remain anonymous say this is just the beginning, and that more shocking revelations are coming soon. Do your own research!",News,fake
AN ANONYMOUS INSIDER SAY THE GOVERNMENT IS HIDING THE CURE FOR CANCER about CLIMATE CHANGE!!!,"Wake up people, this is huge! An anonymous insider say the government is hiding the cure for cancer related to climate change. This proves once and for all what they've been hiding all along. This proves once and for all what they've been hiding all along. Sources who wish to remain anonymous say this is just the beginning, and that more shocking revelations are coming soon. Do your own research!",News,fake
AN UNNAMED SOURCE CLOSE TO THE FAMILY CONFIRM ALIENS ARE HIDING AMONG US about A VIRAL HEALTH TREND!!!,"Experts are too afraid to speak up! An unnamed source close to the family confirm aliens are hiding among us related to a viral health trend. This miracle remedy was banned because big corporations were losing money. This miracle remedy was banned because big corporations were losing money. Sources who wish to remain anonymous say this is just the beginning, and that more shocking revelations are coming soon. Do your own research!",News,fake
CELEBRITIES SHOW THE SHOCKING SECRET BEHIND THE SCENES about A GLOBAL PANDEMIC!!!,"The mainstream media refuses to report this! Celebrities show the shocking secret behind the scenes related to a global pandemic. Nobody is talking about this and that should scare you. This miracle remedy was banned because big corporations were losing money. Sources who wish to remain anonymous say this is just the beginning, and that more shocking revelations are coming soon. Do your own research!",News,fake
AN ANONYMOUS INSIDER WARN THAT THE WORLD WILL END NEXT MONTH about THE NEW VACCINE!!!,"Wake up people, this is huge! An anonymous insider warn that the world will end next month related to the new vaccine. Forward this to everyone you know before it's too late!!! Click here now before this post gets taken down forever. Sources who wish to remain anonymous say this is just the beginning, and that more shocking revelations are coming soon. Do your own research!",News,fake
A SHOCKING NEW REPORT REVEAL THE TRUTH THEY DON'T WANT YOU TO KNOW about A VIRAL HEALTH TREND!!!,"You won't believe what happens next! A shocking new report reveal the truth they don't want you to know related to a viral health trend. Share this NOW so the truth can finally come out!!! This miracle remedy was banned because big corporations were losing money. Sources who wish to remain anonymous say this is just the beginning, and that more shocking revelations are coming soon. Do your own research!",News,fake
SCIENTISTS YOU'VE NEVER HEARD OF SAY THE VACCINE SECRETLY CONTAINS MICROCHIPS about A VIRAL HEALTH TREND!!!,"This has been hidden from the public for years! Scientists you've never heard of say the vaccine secretly contains microchips related to a viral health trend. Click here now before this post gets taken down forever. Nobody is talking about this and that should scare you. Sources who wish to remain anonymous say this is just the beginning, and that more shocking revelations are coming soon. Do your own research!",News,fake
A SECRET GOVERNMENT MEMO CLAIM THE ELECTION WAS COMPLETELY RIGGED about THE NEW VACCINE!!!,"Share before it gets deleted! A secret government memo claim the election was completely rigged related to the new vaccine. Thousands of people are waking up to the truth every single day. Click here now before this post gets taken down forever. Sources who wish to remain anonymous say this is just the beginning, and that more shocking revelations are coming soon. Do your own research!",News,fake
A POPULAR BLOGGER CLAIM THE ELECTION WAS COMPLETELY RIGGED about A POLITICAL SCANDAL!!!,"They don't want you to see this! A popular blogger claim the election was completely rigged related to a political scandal. Share this NOW so the truth can finally come out!!! Thousands of people are waking up to the truth every single day. Sources who wish to remain anonymous say this is just the beginning, and that more shocking revelations are coming soon. Do your own research!",News,fake
AN ANONYMOUS INSIDER WARN THAT THE WORLD WILL END NEXT MONTH about A TECH COMPANY'S NEW PRODUCT!!!,"Wake up people, this is huge! An anonymous insider warn that the world will end next month related to a tech company's new product. Forward this to everyone you know before it's too late!!! Nobody is talking about this and that should scare you. Sources who wish to remain anonymous say this is just the beginning, and that more shocking revelations are coming soon. Do your own research!",News,fake
A SELF-PROCLAIMED EXPERT SHOW THE SHOCKING SECRET BEHIND THE SCENES about A POPULAR CELEBRITY!!!,"Experts are too afraid to speak up! A self-proclaimed expert show the shocking secret behind the scenes related to a popular celebrity. The mainstream media is completely silent about this shocking truth. Thousands of people are waking up to the truth every single day. Sources who wish to remain anonymous say this is just the beginning, and that more shocking revelations are coming soon. Do your own research!",News,fake
A SHOCKING NEW REPORT SAY THE VACCINE SECRETLY CONTAINS MICROCHIPS about THE HOUSING MARKET!!!,"Experts are too afraid to speak up! A shocking new report say the vaccine secretly contains microchips related to the housing market. The mainstream media is completely silent about this shocking truth. Thousands of people are waking up to the truth every single day. Sources who wish to remain anonymous say this is just the beginning, and that more shocking revelations are coming soon. Do your own research!",News,fake
AN UNNAMED SOURCE CLOSE TO THE FAMILY SHOW THE SHOCKING SECRET BEHIND THE SCENES about THE EDUCATION SYSTEM!!!,"Wake up people, this is huge! An unnamed source close to the family show the shocking secret behind the scenes related to the education system. Click here now before this post gets taken down forever. The mainstream media is completely silent about this shocking truth. Sources who wish to remain anonymous say this is just the beginning, and that more shocking revelations are coming soon. Do your own research!",News,fake
CELEBRITIES SAY THE GOVERNMENT IS HIDING THE CURE FOR CANCER about THE EDUCATION SYSTEM!!!,"Experts are too afraid to speak up! Celebrities say the government is hiding the cure for cancer related to the education system. This proves once and for all what they've been hiding all along. Thousands of people are waking up to the truth every single day. Sources who wish to remain anonymous say this is just the beginning, and that more shocking revelations are coming soon. Do your own research!",News,fake
SOCIAL MEDIA USERS CLAIM THIS ONE WEIRD TRICK CURES EVERYTHING about A NEW TECHNOLOGY!!!,"The mainstream media refuses to report this! Social media users claim this one weird trick cures everything related to a new technology. Nobody is talking about this and that should scare you. Thousands of people are waking up to the truth every single day. Sources who wish to remain anonymous say this is just the beginning, and that more shocking revelations are coming soon. Do your own research!",News,fake
SCIENTISTS YOU'VE NEVER HEARD OF REVEAL CELEBRITIES ARE ACTUALLY ROBOTS about A VIRAL HEALTH TREND!!!,"You won't believe what happens next! Scientists you've never heard of reveal celebrities are actually robots related to a viral health trend. Click here now before this post gets taken down forever. Forward this to everyone you know before it's too late!!! Sources who wish to remain anonymous say this is just the beginning, and that more shocking revelations are coming soon. Do your own research!",News,fake
SCIENTISTS YOU'VE NEVER HEARD OF SAY THE GOVERNMENT IS HIDING THE CURE FOR CANCER about A VIRAL HEALTH TREND!!!,"You won't believe what happens next! Scientists you've never heard of say the government is hiding the cure for cancer related to a viral health trend. Forward this to everyone you know before it's too late!!! Share this NOW so the truth can finally come out!!! Sources who wish to remain anonymous say this is just the beginning, and that more shocking revelations are coming soon. Do your own research!",News,fake
SOCIAL MEDIA USERS SAY THE GOVERNMENT IS HIDING THE CURE FOR CANCER about THE ECONOMY!!!,"This will shock you! Social media users say the government is hiding the cure for cancer related to the economy. Nobody is talking about this and that should scare you. Forward this to everyone you know before it's too late!!! Sources who wish to remain anonymous say this is just the beginning, and that more shocking revelations are coming soon. Do your own research!",News,fake
A SECRET GOVERNMENT MEMO LEAK PROOF OF A GLOBAL CONSPIRACY about THE ECONOMY!!!,"This will shock you! A secret government memo leak proof of a global conspiracy related to the economy. Share this NOW so the truth can finally come out!!! Forward this to everyone you know before it's too late!!! Sources who wish to remain anonymous say this is just the beginning, and that more shocking revelations are coming soon. Do your own research!",News,fake
A SHOCKING NEW REPORT SAY THE GOVERNMENT IS HIDING THE CURE FOR CANCER about A GLOBAL PANDEMIC!!!,"Experts are too afraid to speak up! A shocking new report say the government is hiding the cure for cancer related to a global pandemic. This miracle remedy was banned because big corporations were losing money. Nobody is talking about this and that should scare you. Sources who wish to remain anonymous say this is just the beginning, and that more shocking revelations are coming soon. Do your own research!",News,fake
A VIRAL POST REVEAL CELEBRITIES ARE ACTUALLY ROBOTS about THE EDUCATION SYSTEM!!!,"Share before it gets deleted! A viral post reveal celebrities are actually robots related to the education system. Click here now before this post gets taken down forever. The mainstream media is completely silent about this shocking truth. Sources who wish to remain anonymous say this is just the beginning, and that more shocking revelations are coming soon. Do your own research!",News,fake
AN ANONYMOUS INSIDER SAY THE GOVERNMENT IS HIDING THE CURE FOR CANCER about A POPULAR CELEBRITY!!!,"You won't believe what happens next! An anonymous insider say the government is hiding the cure for cancer related to a popular celebrity. Click here now before this post gets taken down forever. Nobody is talking about this and that should scare you. Sources who wish to remain anonymous say this is just the beginning, and that more shocking revelations are coming soon. Do your own research!",News,fake
A SECRET GOVERNMENT MEMO REVEAL THE TRUTH THEY DON'T WANT YOU TO KNOW about CLIMATE CHANGE!!!,"This will shock you! A secret government memo reveal the truth they don't want you to know related to climate change. The mainstream media is completely silent about this shocking truth. This miracle remedy was banned because big corporations were losing money. Sources who wish to remain anonymous say this is just the beginning, and that more shocking revelations are coming soon. Do your own research!",News,fake
A VIRAL POST SAY THE GOVERNMENT IS HIDING THE CURE FOR CANCER about A NEW TECHNOLOGY!!!,"Experts are too afraid to speak up! A viral post say the government is hiding the cure for cancer related to a new technology. The mainstream media is completely silent about this shocking truth. Thousands of people are waking up to the truth every single day. Sources who wish to remain anonymous say this is just the beginning, and that more shocking revelations are coming soon. Do your own research!",News,fake
DOCTORS LEAK PROOF OF A GLOBAL CONSPIRACY about CLIMATE CHANGE!!!,"They don't want you to see this! Doctors leak proof of a global conspiracy related to climate change. Click here now before this post gets taken down forever. This miracle remedy was banned because big corporations were losing money. Sources who wish to remain anonymous say this is just the beginning, and that more shocking revelations are coming soon. Do your own research!",News,fake
A VIRAL POST WARN THAT THE WORLD WILL END NEXT MONTH about A POPULAR CELEBRITY!!!,"They don't want you to see this! A viral post warn that the world will end next month related to a popular celebrity. Share this NOW so the truth can finally come out!!! Click here now before this post gets taken down forever. Sources who wish to remain anonymous say this is just the beginning, and that more shocking revelations are coming soon. Do your own research!",News,fake
A MYSTERIOUS WHISTLEBLOWER SAY THE GOVERNMENT IS HIDING THE CURE FOR CANCER about A TECH COMPANY'S NEW PRODUCT!!!,"Wake up people, this is huge! A mysterious whistleblower say the government is hiding the cure for cancer related to a tech company's new product. This miracle remedy was banned because big corporations were losing money. Forward this to everyone you know before it's too late!!! Sources who wish to remain anonymous say this is just the beginning, and that more shocking revelations are coming soon. Do your own research!",News,fake
A SHOCKING NEW REPORT SAY THE GOVERNMENT IS HIDING THE CURE FOR CANCER about THE UPCOMING ELECTION!!!,"They don't want you to see this! A shocking new report say the government is hiding the cure for cancer related to the upcoming election. Nobody is talking about this and that should scare you. Click here now before this post gets taken down forever. Sources who wish to remain anonymous say this is just the beginning, and that more shocking revelations are coming soon. Do your own research!",News,fake
SCIENTISTS YOU'VE NEVER HEARD OF CLAIM THIS ONE WEIRD TRICK CURES EVERYTHING about THE HOUSING MARKET!!!,"This will shock you! Scientists you've never heard of claim this one weird trick cures everything related to the housing market. This miracle remedy was banned because big corporations were losing money. Share this NOW so the truth can finally come out!!! Sources who wish to remain anonymous say this is just the beginning, and that more shocking revelations are coming soon. Do your own research!",News,fake
A SHOCKING NEW REPORT INSIST THE MOON LANDING WAS STAGED about A NATURAL DISASTER!!!,"This will shock you! A shocking new report insist the moon landing was staged related to a natural disaster. Nobody is talking about this and that should scare you. Forward this to everyone you know before it's too late!!! Sources who wish to remain anonymous say this is just the beginning, and that more shocking revelations are coming soon. Do your own research!",News,fake
AN ANONYMOUS INSIDER CONFIRM ALIENS ARE HIDING AMONG US about CLIMATE CHANGE!!!,"They don't want you to see this! An anonymous insider confirm aliens are hiding among us related to climate change. Share this NOW so the truth can finally come out!!! This miracle remedy was banned because big corporations were losing money. Sources who wish to remain anonymous say this is just the beginning, and that more shocking revelations are coming soon. Do your own research!",News,fake
SOCIAL MEDIA USERS LEAK PROOF OF A GLOBAL CONSPIRACY about A TECH COMPANY'S NEW PRODUCT!!!,"Wake up people, this is huge! Social media users leak proof of a global conspiracy related to a tech company's new product. Thousands of people are waking up to the truth every single day. Click here now before this post gets taken down forever. Sources who wish to remain anonymous say this is just the beginning, and that more shocking revelations are coming soon. Do your own research!",News,fake
DOCTORS EXPOSE A MASSIVE COVER-UP about A MAJOR SPORTS EVENT!!!,"This will shock you! Doctors expose a massive cover-up related to a major sports event. This proves once and for all what they've been hiding all along. Click here now before this post gets taken down forever. Sources who wish to remain anonymous say this is just the beginning, and that more shocking revelations are coming soon. Do your own research!",News,fake
A POPULAR BLOGGER INSIST THE MOON LANDING WAS STAGED about A VIRAL HEALTH TREND!!!,"The mainstream media refuses to report this! A popular blogger insist the moon landing was staged related to a viral health trend. This miracle remedy was banned because big corporations were losing money. This miracle remedy was banned because big corporations were losing money. Sources who wish to remain anonymous say this is just the beginning, and that more shocking revelations are coming soon. Do your own research!",News,fake
A MYSTERIOUS WHISTLEBLOWER CONFIRM ALIENS ARE HIDING AMONG US about A MAJOR SPORTS EVENT!!!,"Wake up people, this is huge! A mysterious whistleblower confirm aliens are hiding among us related to a major sports event. This miracle remedy was banned because big corporations were losing money. Share this NOW so the truth can finally come out!!! Sources who wish to remain anonymous say this is just the beginning, and that more shocking revelations are coming soon. Do your own research!",News,fake
SCIENTISTS YOU'VE NEVER HEARD OF REVEAL THE TRUTH THEY DON'T WANT YOU TO KNOW about THE UPCOMING ELECTION!!!,"Share before it gets deleted! Scientists you've never heard of reveal the truth they don't want you to know related to the upcoming election. Thousands of people are waking up to the truth every single day. This proves once and for all what they've been hiding all along. Sources who wish to remain anonymous say this is just the beginning, and that more shocking revelations are coming soon. Do your own research!",News,fake
CELEBRITIES WARN THAT THE WORLD WILL END NEXT MONTH about THE NEW VACCINE!!!,"Experts are too afraid to speak up! Celebrities warn that the world will end next month related to the new vaccine. Share this NOW so the truth can finally come out!!! This proves once and for all what they've been hiding all along. Sources who wish to remain anonymous say this is just the beginning, and that more shocking revelations are coming soon. Do your own research!",News,fake
SOCIAL MEDIA USERS EXPOSE A MASSIVE COVER-UP about A MAJOR SPORTS EVENT!!!,"This will shock you! Social media users expose a massive cover-up related to a major sports event. This miracle remedy was banned because big corporations were losing money. Nobody is talking about this and that should scare you. Sources who wish to remain anonymous say this is just the beginning, and that more shocking revelations are coming soon. Do your own research!",News,fake
A SELF-PROCLAIMED EXPERT INSIST THE MOON LANDING WAS STAGED about A VIRAL HEALTH TREND!!!,"This has been hidden from the public for years! A self-proclaimed expert insist the moon landing was staged related to a viral health trend. This proves once and for all what they've been hiding all along. The mainstream media is completely silent about this shocking truth. Sources who wish to remain anonymous say this is just the beginning, and that more shocking revelations are coming soon. Do your own research!",News,fake
A SHOCKING NEW REPORT CONFIRM ALIENS ARE HIDING AMONG US about THE HOUSING MARKET!!!,"Experts are too afraid to speak up! A shocking new report confirm aliens are hiding among us related to the housing market. Forward this to everyone you know before it's too late!!! This proves once and for all what they've been hiding all along. Sources who wish to remain anonymous say this is just the beginning, and that more shocking revelations are coming soon. Do your own research!",News,fake
DOCTORS EXPOSE A MASSIVE COVER-UP about A MAJOR SPORTS EVENT!!!,"They don't want you to see this! Doctors expose a massive cover-up related to a major sports event. The mainstream media is completely silent about this shocking truth. Nobody is talking about this and that should scare you. Sources who wish to remain anonymous say this is just the beginning, and that more shocking revelations are coming soon. Do your own research!",News,fake
SCIENTISTS YOU'VE NEVER HEARD OF LEAK PROOF OF A GLOBAL CONSPIRACY about THE ECONOMY!!!,"Wake up people, this is huge! Scientists you've never heard of leak proof of a global conspiracy related to the economy. Click here now before this post gets taken down forever. This proves once and for all what they've been hiding all along. Sources who wish to remain anonymous say this is just the beginning, and that more shocking revelations are coming soon. Do your own research!",News,fake
A MYSTERIOUS WHISTLEBLOWER REVEAL THE TRUTH THEY DON'T WANT YOU TO KNOW about A NATURAL DISASTER!!!,"Experts are too afraid to speak up! A mysterious whistleblower reveal the truth they don't want you to know related to a natural disaster. The mainstream media is completely silent about this shocking truth. This proves once and for all what they've been hiding all along. Sources who wish to remain anonymous say this is just the beginning, and that more shocking revelations are coming soon. Do your own research!",News,fake
A POPULAR BLOGGER REVEAL CELEBRITIES ARE ACTUALLY ROBOTS about A NATURAL DISASTER!!!,"This has been hidden from the public for years! A popular blogger reveal celebrities are actually robots related to a natural disaster. Share this NOW so the truth can finally come out!!! Forward this to everyone you know before it's too late!!! Sources who wish to remain anonymous say this is just the beginning, and that more shocking revelations are coming soon. Do your own research!",News,fake
A LEAKED DOCUMENT SAY THE VACCINE SECRETLY CONTAINS MICROCHIPS about A VIRAL HEALTH TREND!!!,"This will shock you! A leaked document say the vaccine secretly contains microchips related to a viral health trend. Share this NOW so the truth can finally come out!!! Nobody is talking about this and that should scare you. Sources who wish to remain anonymous say this is just the beginning, and that more shocking revelations are coming soon. Do your own research!",News,fake
A MYSTERIOUS WHISTLEBLOWER WARN THAT THE WORLD WILL END NEXT MONTH about THE HOUSING MARKET!!!,"This has been hidden from the public for years! A mysterious whistleblower warn that the world will end next month related to the housing market. This proves once and for all what they've been hiding all along. The mainstream media is completely silent about this shocking truth. Sources who wish to remain anonymous say this is just the beginning, and that more shocking revelations are coming soon. Do your own research!",News,fake
AN UNNAMED SOURCE CLOSE TO THE FAMILY CLAIM THE ELECTION WAS COMPLETELY RIGGED about A MAJOR SPORTS EVENT!!!,"Wake up people, this is huge! An unnamed source close to the family claim the election was completely rigged related to a major sports event. Forward this to everyone you know before it's too late!!! Share this NOW so the truth can finally come out!!! Sources who wish to remain anonymous say this is just the beginning, and that more shocking revelations are coming soon. Do your own research!",News,fake
A SHOCKING NEW REPORT CLAIM THIS ONE WEIRD TRICK CURES EVERYTHING about A POPULAR CELEBRITY!!!,"Experts are too afraid to speak up! A shocking new report claim this one weird trick cures everything related to a popular celebrity. This proves once and for all what they've been hiding all along. Nobody is talking about this and that should scare you. Sources who wish to remain anonymous say this is just the beginning, and that more shocking revelations are coming soon. Do your own research!",News,fake
SCIENTISTS YOU'VE NEVER HEARD OF CONFIRM ALIENS ARE HIDING AMONG US about THE ECONOMY!!!,"This has been hidden from the public for years! Scientists you've never heard of confirm aliens are hiding among us related to the economy. Share this NOW so the truth can finally come out!!! Nobody is talking about this and that should scare you. Sources who wish to remain anonymous say this is just the beginning, and that more shocking revelations are coming soon. Do your own research!",News,fake
SOCIAL MEDIA USERS CLAIM THIS ONE WEIRD TRICK CURES EVERYTHING about THE UPCOMING ELECTION!!!,"This has been hidden from the public for years! Social media users claim this one weird trick cures everything related to the upcoming election. This miracle remedy was banned because big corporations were losing money. The mainstream media is completely silent about this shocking truth. Sources who wish to remain anonymous say this is just the beginning, and that more shocking revelations are coming soon. Do your own research!",News,fake
A LEAKED DOCUMENT SAY THE VACCINE SECRETLY CONTAINS MICROCHIPS about A NEW TECHNOLOGY!!!,"Experts are too afraid to speak up! A leaked document say the vaccine secretly contains microchips related to a new technology. Thousands of people are waking up to the truth every single day. Share this NOW so the truth can finally come out!!! Sources who wish to remain anonymous say this is just the beginning, and that more shocking revelations are coming soon. Do your own research!",News,fake
A POPULAR BLOGGER INSIST THE MOON LANDING WAS STAGED about A MAJOR SPORTS EVENT!!!,"This will shock you! A popular blogger insist the moon landing was staged related to a major sports event. The mainstream media is completely silent about this shocking truth. Nobody is talking about this and that should scare you. Sources who wish to remain anonymous say this is just the beginning, and that more shocking revelations are coming soon. Do your own research!",News,fake
AN ANONYMOUS INSIDER INSIST THE MOON LANDING WAS STAGED about THE EDUCATION SYSTEM!!!,"They don't want you to see this! An anonymous insider insist the moon landing was staged related to the education system. The mainstream media is completely silent about this shocking truth. This proves once and for all what they've been hiding all along. Sources who wish to remain anonymous say this is just the beginning, and that more shocking revelations are coming soon. Do your own research!",News,fake
A POPULAR BLOGGER REVEAL CELEBRITIES ARE ACTUALLY ROBOTS about THE EDUCATION SYSTEM!!!,"The mainstream media refuses to report this! A popular blogger reveal celebrities are actually robots related to the education system. Forward this to everyone you know before it's too late!!! Nobody is talking about this and that should scare you. Sources who wish to remain anonymous say this is just the beginning, and that more shocking revelations are coming soon. Do your own research!",News,fake
SOCIAL MEDIA USERS INSIST THE MOON LANDING WAS STAGED about A POPULAR CELEBRITY!!!,"Share before it gets deleted! Social media users insist the moon landing was staged related to a popular celebrity. Forward this to everyone you know before it's too late!!! This proves once and for all what they've been hiding all along. Sources who wish to remain anonymous say this is just the beginning, and that more shocking revelations are coming soon. Do your own research!",News,fake
A VIRAL POST CLAIM THIS ONE WEIRD TRICK CURES EVERYTHING about A NATURAL DISASTER!!!,"This has been hidden from the public for years! A viral post claim this one weird trick cures everything related to a natural disaster. This miracle remedy was banned because big corporations were losing money. Click here now before this post gets taken down forever. Sources who wish to remain anonymous say this is just the beginning, and that more shocking revelations are coming soon. Do your own research!",News,fake
DOCTORS INSIST THE MOON LANDING WAS STAGED about THE UPCOMING ELECTION!!!,"Experts are too afraid to speak up! Doctors insist the moon landing was staged related to the upcoming election. The mainstream media is completely silent about this shocking truth. Click here now before this post gets taken down forever. Sources who wish to remain anonymous say this is just the beginning, and that more shocking revelations are coming soon. Do your own research!",News,fake
AN UNNAMED SOURCE CLOSE TO THE FAMILY LEAK PROOF OF A GLOBAL CONSPIRACY about A GLOBAL PANDEMIC!!!,"Wake up people, this is huge! An unnamed source close to the family leak proof of a global conspiracy related to a global pandemic. Forward this to everyone you know before it's too late!!! Nobody is talking about this and that should scare you. Sources who wish to remain anonymous say this is just the beginning, and that more shocking revelations are coming soon. Do your own research!",News,fake
CELEBRITIES INSIST THE MOON LANDING WAS STAGED about THE UPCOMING ELECTION!!!,"Wake up people, this is huge! Celebrities insist the moon landing was staged related to the upcoming election. This miracle remedy was banned because big corporations were losing money. This proves once and for all what they've been hiding all along. Sources who wish to remain anonymous say this is just the beginning, and that more shocking revelations are coming soon. Do your own research!",News,fake
AN UNNAMED SOURCE CLOSE TO THE FAMILY CONFIRM ALIENS ARE HIDING AMONG US about THE UPCOMING ELECTION!!!,"This will shock you! An unnamed source close to the family confirm aliens are hiding among us related to the upcoming election. Nobody is talking about this and that should scare you. Click here now before this post gets taken down forever. Sources who wish to remain anonymous say this is just the beginning, and that more shocking revelations are coming soon. Do your own research!",News,fake
AN ANONYMOUS INSIDER CLAIM THE ELECTION WAS COMPLETELY RIGGED about A VIRAL HEALTH TREND!!!,"Share before it gets deleted! An anonymous insider claim the election was completely rigged related to a viral health trend. Nobody is talking about this and that should scare you. This proves once and for all what they've been hiding all along. Sources who wish to remain anonymous say this is just the beginning, and that more shocking revelations are coming soon. Do your own research!",News,fake
A VIRAL POST LEAK PROOF OF A GLOBAL CONSPIRACY about A MAJOR SPORTS EVENT!!!,"Share before it gets deleted! A viral post leak proof of a global conspiracy related to a major sports event. The mainstream media is completely silent about this shocking truth. The mainstream media is completely silent about this shocking truth. Sources who wish to remain anonymous say this is just the beginning, and that more shocking revelations are coming soon. Do your own research!",News,fake
AN ANONYMOUS INSIDER INSIST THE MOON LANDING WAS STAGED about THE HOUSING MARKET!!!,"This has been hidden from the public for years! An anonymous insider insist the moon landing was staged related to the housing market. This proves once and for all what they've been hiding all along. Nobody is talking about this and that should scare you. Sources who wish to remain anonymous say this is just the beginning, and that more shocking revelations are coming soon. Do your own research!",News,fake
A MYSTERIOUS WHISTLEBLOWER CONFIRM ALIENS ARE HIDING AMONG US about A NATURAL DISASTER!!!,"This will shock you! A mysterious whistleblower confirm aliens are hiding among us related to a natural disaster. Nobody is talking about this and that should scare you. This proves once and for all what they've been hiding all along. Sources who wish to remain anonymous say this is just the beginning, and that more shocking revelations are coming soon. Do your own research!",News,fake
CELEBRITIES WARN THAT THE WORLD WILL END NEXT MONTH about A MAJOR SPORTS EVENT!!!,"Share before it gets deleted! Celebrities warn that the world will end next month related to a major sports event. Click here now before this post gets taken down forever. Forward this to everyone you know before it's too late!!! Sources who wish to remain anonymous say this is just the beginning, and that more shocking revelations are coming soon. Do your own research!",News,fake
A LEAKED DOCUMENT CLAIM THE ELECTION WAS COMPLETELY RIGGED about A MAJOR SPORTS EVENT!!!,"This has been hidden from the public for years! A leaked document claim the election was completely rigged related to a major sports event. This proves once and for all what they've been hiding all along. Thousands of people are waking up to the truth every single day. Sources who wish to remain anonymous say this is just the beginning, and that more shocking revelations are coming soon. Do your own research!",News,fake
DOCTORS CONFIRM ALIENS ARE HIDING AMONG US about CLIMATE CHANGE!!!,"The mainstream media refuses to report this! Doctors confirm aliens are hiding among us related to climate change. Share this NOW so the truth can finally come out!!! The mainstream media is completely silent about this shocking truth. Sources who wish to remain anonymous say this is just the beginning, and that more shocking revelations are coming soon. Do your own research!",News,fake
CELEBRITIES CONFIRM ALIENS ARE HIDING AMONG US about CLIMATE CHANGE!!!,"The mainstream media refuses to report this! Celebrities confirm aliens are hiding among us related to climate change. Share this NOW so the truth can finally come out!!! Thousands of people are waking up to the truth every single day. Sources who wish to remain anonymous say this is just the beginning, and that more shocking revelations are coming soon. Do your own research!",News,fake
A POPULAR BLOGGER SHOW THE SHOCKING SECRET BEHIND THE SCENES about THE UPCOMING ELECTION!!!,"Wake up people, this is huge! A popular blogger show the shocking secret behind the scenes related to the upcoming election. Share this NOW so the truth can finally come out!!! Thousands of people are waking up to the truth every single day. Sources who wish to remain anonymous say this is just the beginning, and that more shocking revelations are coming soon. Do your own research!",News,fake
AN ANONYMOUS INSIDER EXPOSE A MASSIVE COVER-UP about THE EDUCATION SYSTEM!!!,"Wake up people, this is huge! An anonymous insider expose a massive cover-up related to the education system. The mainstream media is completely silent about this shocking truth. Forward this to everyone you know before it's too late!!! Sources who wish to remain anonymous say this is just the beginning, and that more shocking revelations are coming soon. Do your own research!",News,fake
A SECRET GOVERNMENT MEMO LEAK PROOF OF A GLOBAL CONSPIRACY about A GLOBAL PANDEMIC!!!,"They don't want you to see this! A secret government memo leak proof of a global conspiracy related to a global pandemic. The mainstream media is completely silent about this shocking truth. Forward this to everyone you know before it's too late!!! Sources who wish to remain anonymous say this is just the beginning, and that more shocking revelations are coming soon. Do your own research!",News,fake
A SHOCKING NEW REPORT LEAK PROOF OF A GLOBAL CONSPIRACY about A MAJOR SPORTS EVENT!!!,"Wake up people, this is huge! A shocking new report leak proof of a global conspiracy related to a major sports event. The mainstream media is completely silent about this shocking truth. The mainstream media is completely silent about this shocking truth. Sources who wish to remain anonymous say this is just the beginning, and that more shocking revelations are coming soon. Do your own research!",News,fake
A LEAKED DOCUMENT SAY THE GOVERNMENT IS HIDING THE CURE FOR CANCER about CLIMATE CHANGE!!!,"Experts are too afraid to speak up! A leaked document say the government is hiding the cure for cancer related to climate change. Thousands of people are waking up to the truth every single day. Share this NOW so the truth can finally come out!!! Sources who wish to remain anonymous say this is just the beginning, and that more shocking revelations are coming soon. Do your own research!",News,fake
SOCIAL MEDIA USERS SHOW THE SHOCKING SECRET BEHIND THE SCENES about A POLITICAL SCANDAL!!!,"The mainstream media refuses to report this! Social media users show the shocking secret behind the scenes related to a political scandal. Click here now before this post gets taken down forever. Nobody is talking about this and that should scare you. Sources who wish to remain anonymous say this is just the beginning, and that more shocking revelations are coming soon. Do your own research!",News,fake
A POPULAR BLOGGER SAY THE VACCINE SECRETLY CONTAINS MICROCHIPS about A POLITICAL SCANDAL!!!,"You won't believe what happens next! A popular blogger say the vaccine secretly contains microchips related to a political scandal. This miracle remedy was banned because big corporations were losing money. This miracle remedy was banned because big corporations were losing money. Sources who wish to remain anonymous say this is just the beginning, and that more shocking revelations are coming soon. Do your own research!",News,fake
SOCIAL MEDIA USERS SAY THE VACCINE SECRETLY CONTAINS MICROCHIPS about THE EDUCATION SYSTEM!!!,"They don't want you to see this! Social media users say the vaccine secretly contains microchips related to the education system. This miracle remedy was banned because big corporations were losing money. Click here now before this post gets taken down forever. Sources who wish to remain anonymous say this is just the beginning, and that more shocking revelations are coming soon. Do your own research!",News,fake
SOCIAL MEDIA USERS INSIST THE MOON LANDING WAS STAGED about CLIMATE CHANGE!!!,"Share before it gets deleted! Social media users insist the moon landing was staged related to climate change. Click here now before this post gets taken down forever. This proves once and for all what they've been hiding all along. Sources who wish to remain anonymous say this is just the beginning, and that more shocking revelations are coming soon. Do your own research!",News,fake
AN ANONYMOUS INSIDER CLAIM THE ELECTION WAS COMPLETELY RIGGED about A POPULAR CELEBRITY!!!,"You won't believe what happens next! An anonymous insider claim the election was completely rigged related to a popular celebrity. Nobody is talking about this and that should scare you. This proves once and for all what they've been hiding all along. Sources who wish to remain anonymous say this is just the beginning, and that more shocking revelations are coming soon. Do your own research!",News,fake
AN UNNAMED SOURCE CLOSE TO THE FAMILY CONFIRM ALIENS ARE HIDING AMONG US about A TECH COMPANY'S NEW PRODUCT!!!,"This has been hidden from the public for years! An unnamed source close to the family confirm aliens are hiding among us related to a tech company's new product. Share this NOW so the truth can finally come out!!! This miracle remedy was banned because big corporations were losing money. Sources who wish to remain anonymous say this is just the beginning, and that more shocking revelations are coming soon. Do your own research!",News,fake
DOCTORS SAY THE GOVERNMENT IS HIDING THE CURE FOR CANCER about THE STOCK MARKET!!!,"This will shock you! Doctors say the government is hiding the cure for cancer related to the stock market. Thousands of people are waking up to the truth every single day. Click here now before this post gets taken down forever. Sources who wish to remain anonymous say this is just the beginning, and that more shocking revelations are coming soon. Do your own research!",News,fake
A SHOCKING NEW REPORT SHOW THE SHOCKING SECRET BEHIND THE SCENES about A VIRAL HEALTH TREND!!!,"Wake up people, this is huge! A shocking new report show the shocking secret behind the scenes related to a viral health trend. Forward this to everyone you know before it's too late!!! Thousands of people are waking up to the truth every single day. Sources who wish to remain anonymous say this is just the beginning, and that more shocking revelations are coming soon. Do your own research!",News,fake
A SELF-PROCLAIMED EXPERT REVEAL THE TRUTH THEY DON'T WANT YOU TO KNOW about THE HOUSING MARKET!!!,"Experts are too afraid to speak up! A self-proclaimed expert reveal the truth they don't want you to know related to the housing market. The mainstream media is completely silent about this shocking truth. Click here now before this post gets taken down forever. Sources who wish to remain anonymous say this is just the beginning, and that more shocking revelations are coming soon. Do your own research!",News,fake
A POPULAR BLOGGER REVEAL CELEBRITIES ARE ACTUALLY ROBOTS about THE UPCOMING ELECTION!!!,"The mainstream media refuses to report this! A popular blogger reveal celebrities are actually robots related to the upcoming election. Click here now before this post gets taken down forever. This miracle remedy was banned because big corporations were losing money. Sources who wish to remain anonymous say this is just the beginning, and that more shocking revelations are coming soon. Do your own research!",News,fake
DOCTORS CLAIM THE ELECTION WAS COMPLETELY RIGGED about THE HOUSING MARKET!!!,"They don't want you to see this! Doctors claim the election was completely rigged related to the housing market. Click here now before this post gets taken down forever. The mainstream media is completely silent about this shocking truth. Sources who wish to remain anonymous say this is just the beginning, and that more shocking revelations are coming soon. Do your own research!",News,fake
DOCTORS EXPOSE A MASSIVE COVER-UP about THE UPCOMING ELECTION!!!,"The mainstream media refuses to report this! Doctors expose a massive cover-up related to the upcoming election. Share this NOW so the truth can finally come out!!! Share this NOW so the truth can finally come out!!! Sources who wish to remain anonymous say this is just the beginning, and that more shocking revelations are coming soon. Do your own research!",News,fake
CELEBRITIES REVEAL THE TRUTH THEY DON'T WANT YOU TO KNOW about THE NEW VACCINE!!!,"Wake up people, this is huge! Celebrities reveal the truth they don't want you to know related to the new vaccine. Share this NOW so the truth can finally come out!!! Thousands of people are waking up to the truth every single day. Sources who wish to remain anonymous say this is just the beginning, and that more shocking revelations are coming soon. Do your own research!",News,fake
A POPULAR BLOGGER CLAIM THIS ONE WEIRD TRICK CURES EVERYTHING about A TECH COMPANY'S NEW PRODUCT!!!,"This has been hidden from the public for years! A popular blogger claim this one weird trick cures everything related to a tech company's new product. The mainstream media is completely silent about this shocking truth. Share this NOW so the truth can finally come out!!! Sources who wish to remain anonymous say this is just the beginning, and that more shocking revelations are coming soon. Do your own research!",News,fake
SCIENTISTS YOU'VE NEVER HEARD OF LEAK PROOF OF A GLOBAL CONSPIRACY about A NEW TECHNOLOGY!!!,"They don't want you to see this! Scientists you've never heard of leak proof of a global conspiracy related to a new technology. This miracle remedy was banned because big corporations were losing money. Nobody is talking about this and that should scare you. Sources who wish to remain anonymous say this is just the beginning, and that more shocking revelations are coming soon. Do your own research!",News,fake
AN UNNAMED SOURCE CLOSE TO THE FAMILY EXPOSE A MASSIVE COVER-UP about A POPULAR CELEBRITY!!!,"Experts are too afraid to speak up! An unnamed source close to the family expose a massive cover-up related to a popular celebrity. Click here now before this post gets taken down forever. Share this NOW so the truth can finally come out!!! Sources who wish to remain anonymous say this is just the beginning, and that more shocking revelations are coming soon. Do your own research!",News,fake
AN UNNAMED SOURCE CLOSE TO THE FAMILY SHOW THE SHOCKING SECRET BEHIND THE SCENES about CLIMATE CHANGE!!!,"Wake up people, this is huge! An unnamed source close to the family show the shocking secret behind the scenes related to climate change. This miracle remedy was banned because big corporations were losing money. The mainstream media is completely silent about this shocking truth. Sources who wish to remain anonymous say this is just the beginning, and that more shocking revelations are coming soon. Do your own research!",News,fake
A SELF-PROCLAIMED EXPERT SAY THE GOVERNMENT IS HIDING THE CURE FOR CANCER about THE UPCOMING ELECTION!!!,"Share before it gets deleted! A self-proclaimed expert say the government is hiding the cure for cancer related to the upcoming election. The mainstream media is completely silent about this shocking truth. Thousands of people are waking up to the truth every single day. Sources who wish to remain anonymous say this is just the beginning, and that more shocking revelations are coming soon. Do your own research!",News,fake
A SELF-PROCLAIMED EXPERT SAY THE VACCINE SECRETLY CONTAINS MICROCHIPS about A VIRAL HEALTH TREND!!!,"The mainstream media refuses to report this! A self-proclaimed expert say the vaccine secretly contains microchips related to a viral health trend. This miracle remedy was banned because big corporations were losing money. Nobody is talking about this and that should scare you. Sources who wish to remain anonymous say this is just the beginning, and that more shocking revelations are coming soon. Do your own research!",News,fake
A POPULAR BLOGGER SAY THE GOVERNMENT IS HIDING THE CURE FOR CANCER about THE STOCK MARKET!!!,"Share before it gets deleted! A popular blogger say the government is hiding the cure for cancer related to the stock market. Share this NOW so the truth can finally come out!!! This proves once and for all what they've been hiding all along. Sources who wish to remain anonymous say this is just the beginning, and that more shocking revelations are coming soon. Do your own research!",News,fake
SCIENTISTS YOU'VE NEVER HEARD OF CONFIRM ALIENS ARE HIDING AMONG US about A POPULAR CELEBRITY!!!,"Share before it gets deleted! Scientists you've never heard of confirm aliens are hiding among us related to a popular celebrity. Nobody is talking about this and that should scare you. Nobody is talking about this and that should scare you. Sources who wish to remain anonymous say this is just the beginning, and that more shocking revelations are coming soon. Do your own research!",News,fake
A POPULAR BLOGGER LEAK PROOF OF A GLOBAL CONSPIRACY about THE ECONOMY!!!,"This has been hidden from the public for years! A popular blogger leak proof of a global conspiracy related to the economy. This proves once and for all what they've been hiding all along. Forward this to everyone you know before it's too late!!! Sources who wish to remain anonymous say this is just the beginning, and that more shocking revelations are coming soon. Do your own research!",News,fake
SOCIAL MEDIA USERS EXPOSE A MASSIVE COVER-UP about A NATURAL DISASTER!!!,"The mainstream media refuses to report this! Social media users expose a massive cover-up related to a natural disaster. Click here now before this post gets taken down forever. Click here now before this post gets taken down forever. Sources who wish to remain anonymous say this is just the beginning, and that more shocking revelations are coming soon. Do your own research!",News,fake
A SHOCKING NEW REPORT REVEAL CELEBRITIES ARE ACTUALLY ROBOTS about A POLITICAL SCANDAL!!!,"The mainstream media refuses to report this! A shocking new report reveal celebrities are actually robots related to a political scandal. Thousands of people are waking up to the truth every single day. Share this NOW so the truth can finally come out!!! Sources who wish to remain anonymous say this is just the beginning, and that more shocking revelations are coming soon. Do your own research!",News,fake
A SHOCKING NEW REPORT INSIST THE MOON LANDING WAS STAGED about THE EDUCATION SYSTEM!!!,"Wake up people, this is huge! A shocking new report insist the moon landing was staged related to the education system. Share this NOW so the truth can finally come out!!! Forward this to everyone you know before it's too late!!! Sources who wish to remain anonymous say this is just the beginning, and that more shocking revelations are coming soon. Do your own research!",News,fake
SCIENTISTS YOU'VE NEVER HEARD OF CLAIM THE ELECTION WAS COMPLETELY RIGGED about THE ECONOMY!!!,"This has been hidden from the public for years! Scientists you've never heard of claim the election was completely rigged related to the economy. The mainstream media is completely silent about this shocking truth. Forward this to everyone you know before it's too late!!! Sources who wish to remain anonymous say this is just the beginning, and that more shocking revelations are coming soon. Do your own research!",News,fake
SCIENTISTS YOU'VE NEVER HEARD OF REVEAL THE TRUTH THEY DON'T WANT YOU TO KNOW about CLIMATE CHANGE!!!,"Wake up people, this is huge! Scientists you've never heard of reveal the truth they don't want you to know related to climate change. The mainstream media is completely silent about this shocking truth. Nobody is talking about this and that should scare you. Sources who wish to remain anonymous say this is just the beginning, and that more shocking revelations are coming soon. Do your own research!",News,fake
A POPULAR BLOGGER SAY THE VACCINE SECRETLY CONTAINS MICROCHIPS about THE HOUSING MARKET!!!,"The mainstream media refuses to report this! A popular blogger say the vaccine secretly contains microchips related to the housing market. The mainstream media is completely silent about this shocking truth. Share this NOW so the truth can finally come out!!! Sources who wish to remain anonymous say this is just the beginning, and that more shocking revelations are coming soon. Do your own research!",News,fake
AN ANONYMOUS INSIDER REVEAL THE TRUTH THEY DON'T WANT YOU TO KNOW about A TECH COMPANY'S NEW PRODUCT!!!,"Experts are too afraid to speak up! An anonymous insider reveal the truth they don't want you to know related to a tech company's new product. Nobody is talking about this and that should scare you. Share this NOW so the truth can finally come out!!! Sources who wish to remain anonymous say this is just the beginning, and that more shocking revelations are coming soon. Do your own research!",News,fake
CELEBRITIES CONFIRM ALIENS ARE HIDING AMONG US about THE UPCOMING ELECTION!!!,"Experts are too afraid to speak up! Celebrities confirm aliens are hiding among us related to the upcoming election. Click here now before this post gets taken down forever. Click here now before this post gets taken down forever. Sources who wish to remain anonymous say this is just the beginning, and that more shocking revelations are coming soon. Do your own research!",News,fake
A LEAKED DOCUMENT LEAK PROOF OF A GLOBAL CONSPIRACY about A POLITICAL SCANDAL!!!,"Wake up people, this is huge! A leaked document leak proof of a global conspiracy related to a political scandal. Forward this to everyone you know before it's too late!!! Forward this to everyone you know before it's too late!!! Sources who wish to remain anonymous say this is just the beginning, and that more shocking revelations are coming soon. Do your own research!",News,fake
AN UNNAMED SOURCE CLOSE TO THE FAMILY CONFIRM ALIENS ARE HIDING AMONG US about A POPULAR CELEBRITY!!!,"Wake up people, this is huge! An unnamed source close to the family confirm aliens are hiding among us related to a popular celebrity. Nobody is talking about this and that should scare you. The mainstream media is completely silent about this shocking truth. Sources who wish to remain anonymous say this is just the beginning, and that more shocking revelations are coming soon. Do your own research!",News,fake
A MYSTERIOUS WHISTLEBLOWER REVEAL CELEBRITIES ARE ACTUALLY ROBOTS about A VIRAL HEALTH TREND!!!,"This will shock you! A mysterious whistleblower reveal celebrities are actually robots related to a viral health trend. Share this NOW so the truth can finally come out!!! Thousands of people are waking up to the truth every single day. Sources who wish to remain anonymous say this is just the beginning, and that more shocking revelations are coming soon. Do your own research!",News,fake
CELEBRITIES INSIST THE MOON LANDING WAS STAGED about A NATURAL DISASTER!!!,"Share before it gets deleted! Celebrities insist the moon landing was staged related to a natural disaster. Nobody is talking about this and that should scare you. The mainstream media is completely silent about this shocking truth. Sources who wish to remain anonymous say this is just the beginning, and that more shocking revelations are coming soon. Do your own research!",News,fake
A LEAKED DOCUMENT CLAIM THE ELECTION WAS COMPLETELY RIGGED about THE ECONOMY!!!,"They don't want you to see this! A leaked document claim the election was completely rigged related to the economy. This proves once and for all what they've been hiding all along. Forward this to everyone you know before it's too late!!! Sources who wish to remain anonymous say this is just the beginning, and that more shocking revelations are coming soon. Do your own research!",News,fake
A VIRAL POST CLAIM THE ELECTION WAS COMPLETELY RIGGED about THE HOUSING MARKET!!!,"Experts are too afraid to speak up! A viral post claim the election was completely rigged related to the housing market. Share this NOW so the truth can finally come out!!! Thousands of people are waking up to the truth every single day. Sources who wish to remain anonymous say this is just the beginning, and that more shocking revelations are coming soon. Do your own research!",News,fake
A MYSTERIOUS WHISTLEBLOWER WARN THAT THE WORLD WILL END NEXT MONTH about A POPULAR CELEBRITY!!!,"The mainstream media refuses to report this! A mysterious whistleblower warn that the world will end next month related to a popular celebrity. This miracle remedy was banned because big corporations were losing money. The mainstream media is completely silent about this shocking truth. Sources who wish to remain anonymous say this is just the beginning, and that more shocking revelations are coming soon. Do your own research!",News,fake
A SECRET GOVERNMENT MEMO CONFIRM ALIENS ARE HIDING AMONG US about A GLOBAL PANDEMIC!!!,"Experts are too afraid to speak up! A secret government memo confirm aliens are hiding among us related to a global pandemic. Thousands of people are waking up to the truth every single day. Thousands of people are waking up to the truth every single day. Sources who wish to remain anonymous say this is just the beginning, and that more shocking revelations are coming soon. Do your own research!",News,fake
A VIRAL POST CONFIRM ALIENS ARE HIDING AMONG US about CLIMATE CHANGE!!!,"You won't believe what happens next! A viral post confirm aliens are hiding among us related to climate change. Share this NOW so the truth can finally come out!!! The mainstream media is completely silent about this shocking truth. Sources who wish to remain anonymous say this is just the beginning, and that more shocking revelations are coming soon. Do your own research!",News,fake
DOCTORS SHOW THE SHOCKING SECRET BEHIND THE SCENES about A MAJOR SPORTS EVENT!!!,"Wake up people, this is huge! Doctors show the shocking secret behind the scenes related to a major sports event. Thousands of people are waking up to the truth every single day. Thousands of people are waking up to the truth every single day. Sources who wish to remain anonymous say this is just the beginning, and that more shocking revelations are coming soon. Do your own research!",News,fake
AN ANONYMOUS INSIDER EXPOSE A MASSIVE COVER-UP about A NEW TECHNOLOGY!!!,"This will shock you! An anonymous insider expose a massive cover-up related to a new technology. Nobody is talking about this and that should scare you. Nobody is talking about this and that should scare you. Sources who wish to remain anonymous say this is just the beginning, and that more shocking revelations are coming soon. Do your own research!",News,fake
SCIENTISTS YOU'VE NEVER HEARD OF REVEAL CELEBRITIES ARE ACTUALLY ROBOTS about A NEW TECHNOLOGY!!!,"This will shock you! Scientists you've never heard of reveal celebrities are actually robots related to a new technology. Forward this to everyone you know before it's too late!!! Forward this to everyone you know before it's too late!!! Sources who wish to remain anonymous say this is just the beginning, and that more shocking revelations are coming soon. Do your own research!",News,fake
A SHOCKING NEW REPORT SAY THE VACCINE SECRETLY CONTAINS MICROCHIPS about A MAJOR SPORTS EVENT!!!,"This will shock you! A shocking new report say the vaccine secretly contains microchips related to a major sports event. Click here now before this post gets taken down forever. Thousands of people are waking up to the truth every single day. Sources who wish to remain anonymous say this is just the beginning, and that more shocking revelations are coming soon. Do your own research!",News,fake
SCIENTISTS YOU'VE NEVER HEARD OF INSIST THE MOON LANDING WAS STAGED about THE ECONOMY!!!,"Experts are too afraid to speak up! Scientists you've never heard of insist the moon landing was staged related to the economy. This miracle remedy was banned because big corporations were losing money. Thousands of people are waking up to the truth every single day. Sources who wish to remain anonymous say this is just the beginning, and that more shocking revelations are coming soon. Do your own research!",News,fake
SOCIAL MEDIA USERS SHOW THE SHOCKING SECRET BEHIND THE SCENES about THE ECONOMY!!!,"You won't believe what happens next! Social media users show the shocking secret behind the scenes related to the economy. Thousands of people are waking up to the truth every single day. Click here now before this post gets taken down forever. Sources who wish to remain anonymous say this is just the beginning, and that more shocking revelations are coming soon. Do your own research!",News,fake
AN ANONYMOUS INSIDER WARN THAT THE WORLD WILL END NEXT MONTH about THE EDUCATION SYSTEM!!!,"Share before it gets deleted! An anonymous insider warn that the world will end next month related to the education system. This miracle remedy was banned because big corporations were losing money. Nobody is talking about this and that should scare you. Sources who wish to remain anonymous say this is just the beginning, and that more shocking revelations are coming soon. Do your own research!",News,fake
SCIENTISTS YOU'VE NEVER HEARD OF LEAK PROOF OF A GLOBAL CONSPIRACY about A GLOBAL PANDEMIC!!!,"Experts are too afraid to speak up! Scientists you've never heard of leak proof of a global conspiracy related to a global pandemic. Click here now before this post gets taken down forever. Nobody is talking about this and that should scare you. Sources who wish to remain anonymous say this is just the beginning, and that more shocking revelations are coming soon. Do your own research!",News,fake
DOCTORS INSIST THE MOON LANDING WAS STAGED about A GLOBAL PANDEMIC!!!,"Share before it gets deleted! Doctors insist the moon landing was staged related to a global pandemic. This proves once and for all what they've been hiding all along. Forward this to everyone you know before it's too late!!! Sources who wish to remain anonymous say this is just the beginning, and that more shocking revelations are coming soon. Do your own research!",News,fake
A SHOCKING NEW REPORT EXPOSE A MASSIVE COVER-UP about A MAJOR SPORTS EVENT!!!,"This will shock you! A shocking new report expose a massive cover-up related to a major sports event. The mainstream media is completely silent about this shocking truth. The mainstream media is completely silent about this shocking truth. Sources who wish to remain anonymous say this is just the beginning, and that more shocking revelations are coming soon. Do your own research!",News,fake
A POPULAR BLOGGER SAY THE GOVERNMENT IS HIDING THE CURE FOR CANCER about A POPULAR CELEBRITY!!!,"You won't believe what happens next! A popular blogger say the government is hiding the cure for cancer related to a popular celebrity. Share this NOW so the truth can finally come out!!! Share this NOW so the truth can finally come out!!! Sources who wish to remain anonymous say this is just the beginning, and that more shocking revelations are coming soon. Do your own research!",News,fake
CELEBRITIES SHOW THE SHOCKING SECRET BEHIND THE SCENES about CLIMATE CHANGE!!!,"The mainstream media refuses to report this! Celebrities show the shocking secret behind the scenes related to climate change. Thousands of people are waking up to the truth every single day. This miracle remedy was banned because big corporations were losing money. Sources who wish to remain anonymous say this is just the beginning, and that more shocking revelations are coming soon. Do your own research!",News,fake
SOCIAL MEDIA USERS LEAK PROOF OF A GLOBAL CONSPIRACY about A GLOBAL PANDEMIC!!!,"They don't want you to see this! Social media users leak proof of a global conspiracy related to a global pandemic. The mainstream media is completely silent about this shocking truth. Thousands of people are waking up to the truth every single day. Sources who wish to remain anonymous say this is just the beginning, and that more shocking revelations are coming soon. Do your own research!",News,fake
SOCIAL MEDIA USERS SHOW THE SHOCKING SECRET BEHIND THE SCENES about A POLITICAL SCANDAL!!!,"They don't want you to see this! Social media users show the shocking secret behind the scenes related to a political scandal. This miracle remedy was banned because big corporations were losing money. Nobody is talking about this and that should scare you. Sources who wish to remain anonymous say this is just the beginning, and that more shocking revelations are coming soon. Do your own research!",News,fake
A SELF-PROCLAIMED EXPERT CLAIM THIS ONE WEIRD TRICK CURES EVERYTHING about CLIMATE CHANGE!!!,"The mainstream media refuses to report this! A self-proclaimed expert claim this one weird trick cures everything related to climate change. Forward this to everyone you know before it's too late!!! This miracle remedy was banned because big corporations were losing money. Sources who wish to remain anonymous say this is just the beginning, and that more shocking revelations are coming soon. Do your own research!",News,fake
DOCTORS CLAIM THE ELECTION WAS COMPLETELY RIGGED about A NEW TECHNOLOGY!!!,"Wake up people, this is huge! Doctors claim the election was completely rigged related to a new technology. Nobody is talking about this and that should scare you. Thousands of people are waking up to the truth every single day. Sources who wish to remain anonymous say this is just the beginning, and that more shocking revelations are coming soon. Do your own research!",News,fake
A POPULAR BLOGGER SAY THE VACCINE SECRETLY CONTAINS MICROCHIPS about THE NEW VACCINE!!!,"Wake up people, this is huge! A popular blogger say the vaccine secretly contains microchips related to the new vaccine. Click here now before this post gets taken down forever. Nobody is talking about this and that should scare you. Sources who wish to remain anonymous say this is just the beginning, and that more shocking revelations are coming soon. Do your own research!",News,fake
A SELF-PROCLAIMED EXPERT REVEAL THE TRUTH THEY DON'T WANT YOU TO KNOW about A POLITICAL SCANDAL!!!,"Experts are too afraid to speak up! A self-proclaimed expert reveal the truth they don't want you to know related to a political scandal. Click here now before this post gets taken down forever. The mainstream media is completely silent about this shocking truth. Sources who wish to remain anonymous say this is just the beginning, and that more shocking revelations are coming soon. Do your own research!",News,fake
A SECRET GOVERNMENT MEMO EXPOSE A MASSIVE COVER-UP about A TECH COMPANY'S NEW PRODUCT!!!,"Wake up people, this is huge! A secret government memo expose a massive cover-up related to a tech company's new product. The mainstream media is completely silent about this shocking truth. The mainstream media is completely silent about this shocking truth. Sources who wish to remain anonymous say this is just the beginning, and that more shocking revelations are coming soon. Do your own research!",News,fake
CELEBRITIES LEAK PROOF OF A GLOBAL CONSPIRACY about A TECH COMPANY'S NEW PRODUCT!!!,"This will shock you! Celebrities leak proof of a global conspiracy related to a tech company's new product. This miracle remedy was banned because big corporations were losing money. This proves once and for all what they've been hiding all along. Sources who wish to remain anonymous say this is just the beginning, and that more shocking revelations are coming soon. Do your own research!",News,fake
A VIRAL POST INSIST THE MOON LANDING WAS STAGED about THE HOUSING MARKET!!!,"Experts are too afraid to speak up! A viral post insist the moon landing was staged related to the housing market. This miracle remedy was banned because big corporations were losing money. Forward this to everyone you know before it's too late!!! Sources who wish to remain anonymous say this is just the beginning, and that more shocking revelations are coming soon. Do your own research!",News,fake
A SHOCKING NEW REPORT WARN THAT THE WORLD WILL END NEXT MONTH about A NATURAL DISASTER!!!,"This will shock you! A shocking new report warn that the world will end next month related to a natural disaster. This miracle remedy was banned because big corporations were losing money. Thousands of people are waking up to the truth every single day. Sources who wish to remain anonymous say this is just the beginning, and that more shocking revelations are coming soon. Do your own research!",News,fake
SCIENTISTS YOU'VE NEVER HEARD OF CLAIM THIS ONE WEIRD TRICK CURES EVERYTHING about A POPULAR CELEBRITY!!!,"This has been hidden from the public for years! Scientists you've never heard of claim this one weird trick cures everything related to a popular celebrity. This proves once and for all what they've been hiding all along. This proves once and for all what they've been hiding all along. Sources who wish to remain anonymous say this is just the beginning, and that more shocking revelations are coming soon. Do your own research!",News,fake
DOCTORS REVEAL THE TRUTH THEY DON'T WANT YOU TO KNOW about THE EDUCATION SYSTEM!!!,"They don't want you to see this! Doctors reveal the truth they don't want you to know related to the education system. Click here now before this post gets taken down forever. Thousands of people are waking up to the truth every single day. Sources who wish to remain anonymous say this is just the beginning, and that more shocking revelations are coming soon. Do your own research!",News,fake
AN ANONYMOUS INSIDER SHOW THE SHOCKING SECRET BEHIND THE SCENES about A POLITICAL SCANDAL!!!,"Share before it gets deleted! An anonymous insider show the shocking secret behind the scenes related to a political scandal. Thousands of people are waking up to the truth every single day. This proves once and for all what they've been hiding all along. Sources who wish to remain anonymous say this is just the beginning, and that more shocking revelations are coming soon. Do your own research!",News,fake
A SHOCKING NEW REPORT REVEAL THE TRUTH THEY DON'T WANT YOU TO KNOW about A POPULAR CELEBRITY!!!,"The mainstream media refuses to report this! A shocking new report reveal the truth they don't want you to know related to a popular celebrity. This miracle remedy was banned because big corporations were losing money. This proves once and for all what they've been hiding all along. Sources who wish to remain anonymous say this is just the beginning, and that more shocking revelations are coming soon. Do your own research!",News,fake
A SELF-PROCLAIMED EXPERT SAY THE VACCINE SECRETLY CONTAINS MICROCHIPS about THE ECONOMY!!!,"Experts are too afraid to speak up! A self-proclaimed expert say the vaccine secretly contains microchips related to the economy. The mainstream media is completely silent about this shocking truth. Click here now before this post gets taken down forever. Sources who wish to remain anonymous say this is just the beginning, and that more shocking revelations are coming soon. Do your own research!",News,fake
A SECRET GOVERNMENT MEMO REVEAL CELEBRITIES ARE ACTUALLY ROBOTS about CLIMATE CHANGE!!!,"Wake up people, this is huge! A secret government memo reveal celebrities are actually robots related to climate change. The mainstream media is completely silent about this shocking truth. Nobody is talking about this and that should scare you. Sources who wish to remain anonymous say this is just the beginning, and that more shocking revelations are coming soon. Do your own research!",News,fake
A SELF-PROCLAIMED EXPERT SHOW THE SHOCKING SECRET BEHIND THE SCENES about A VIRAL HEALTH TREND!!!,"This has been hidden from the public for years! A self-proclaimed expert show the shocking secret behind the scenes related to a viral health trend. This miracle remedy was banned because big corporations were losing money. Share this NOW so the truth can finally come out!!! Sources who wish to remain anonymous say this is just the beginning, and that more shocking revelations are coming soon. Do your own research!",News,fake
SOCIAL MEDIA USERS CLAIM THE ELECTION WAS COMPLETELY RIGGED about THE UPCOMING ELECTION!!!,"Experts are too afraid to speak up! Social media users claim the election was completely rigged related to the upcoming election. Share this NOW so the truth can finally come out!!! This proves once and for all what they've been hiding all along. Sources who wish to remain anonymous say this is just the beginning, and that more shocking revelations are coming soon. Do your own research!",News,fake
SCIENTISTS YOU'VE NEVER HEARD OF SAY THE GOVERNMENT IS HIDING THE CURE FOR CANCER about A MAJOR SPORTS EVENT!!!,"Experts are too afraid to speak up! Scientists you've never heard of say the government is hiding the cure for cancer related to a major sports event. Click here now before this post gets taken down forever. Nobody is talking about this and that should scare you. Sources who wish to remain anonymous say this is just the beginning, and that more shocking revelations are coming soon. Do your own research!",News,fake
A POPULAR BLOGGER SHOW THE SHOCKING SECRET BEHIND THE SCENES about A VIRAL HEALTH TREND!!!,"The mainstream media refuses to report this! A popular blogger show the shocking secret behind the scenes related to a viral health trend. This proves once and for all what they've been hiding all along. Click here now before this post gets taken down forever. Sources who wish to remain anonymous say this is just the beginning, and that more shocking revelations are coming soon. Do your own research!",News,fake
DOCTORS CLAIM THE ELECTION WAS COMPLETELY RIGGED about A VIRAL HEALTH TREND!!!,"This will shock you! Doctors claim the election was completely rigged related to a viral health trend. The mainstream media is completely silent about this shocking truth. The mainstream media is completely silent about this shocking truth. Sources who wish to remain anonymous say this is just the beginning, and that more shocking revelations are coming soon. Do your own research!",News,fake
SOCIAL MEDIA USERS INSIST THE MOON LANDING WAS STAGED about THE STOCK MARKET!!!,"You won't believe what happens next! Social media users insist the moon landing was staged related to the stock market. Share this NOW so the truth can finally come out!!! Share this NOW so the truth can finally come out!!! Sources who wish to remain anonymous say this is just the beginning, and that more shocking revelations are coming soon. Do your own research!",News,fake
A VIRAL POST CLAIM THE ELECTION WAS COMPLETELY RIGGED about THE ECONOMY!!!,"Share before it gets deleted! A viral post claim the election was completely rigged related to the economy. Nobody is talking about this and that should scare you. The mainstream media is completely silent about this shocking truth. Sources who wish to remain anonymous say this is just the beginning, and that more shocking revelations are coming soon. Do your own research!",News,fake
A SHOCKING NEW REPORT SAY THE GOVERNMENT IS HIDING THE CURE FOR CANCER about THE STOCK MARKET!!!,"Experts are too afraid to speak up! A shocking new report say the government is hiding the cure for cancer related to the stock market. Thousands of people are waking up to the truth every single day. Click here now before this post gets taken down forever. Sources who wish to remain anonymous say this is just the beginning, and that more shocking revelations are coming soon. Do your own research!",News,fake
A MYSTERIOUS WHISTLEBLOWER WARN THAT THE WORLD WILL END NEXT MONTH about THE HOUSING MARKET!!!,"The mainstream media refuses to report this! A mysterious whistleblower warn that the world will end next month related to the housing market. Nobody is talking about this and that should scare you. This proves once and for all what they've been hiding all along. Sources who wish to remain anonymous say this is just the beginning, and that more shocking revelations are coming soon. Do your own research!",News,fake
A SHOCKING NEW REPORT CONFIRM ALIENS ARE HIDING AMONG US about THE STOCK MARKET!!!,"The mainstream media refuses to report this! A shocking new report confirm aliens are hiding among us related to the stock market. Click here now before this post gets taken down forever. The mainstream media is completely silent about this shocking truth. Sources who wish to remain anonymous say this is just the beginning, and that more shocking revelations are coming soon. Do your own research!",News,fake
A POPULAR BLOGGER SHOW THE SHOCKING SECRET BEHIND THE SCENES about A POLITICAL SCANDAL!!!,"Share before it gets deleted! A popular blogger show the shocking secret behind the scenes related to a political scandal. This proves once and for all what they've been hiding all along. Thousands of people are waking up to the truth every single day. Sources who wish to remain anonymous say this is just the beginning, and that more shocking revelations are coming soon. Do your own research!",News,fake
A SHOCKING NEW REPORT WARN THAT THE WORLD WILL END NEXT MONTH about THE STOCK MARKET!!!,"Share before it gets deleted! A shocking new report warn that the world will end next month related to the stock market. Forward this to everyone you know before it's too late!!! The mainstream media is completely silent about this shocking truth. Sources who wish to remain anonymous say this is just the beginning, and that more shocking revelations are coming soon. Do your own research!",News,fake
A LEAKED DOCUMENT CLAIM THE ELECTION WAS COMPLETELY RIGGED about THE UPCOMING ELECTION!!!,"This will shock you! A leaked document claim the election was completely rigged related to the upcoming election. The mainstream media is completely silent about this shocking truth. The mainstream media is completely silent about this shocking truth. Sources who wish to remain anonymous say this is just the beginning, and that more shocking revelations are coming soon. Do your own research!",News,fake
SOCIAL MEDIA USERS CONFIRM ALIENS ARE HIDING AMONG US about A MAJOR SPORTS EVENT!!!,"Experts are too afraid to speak up! Social media users confirm aliens are hiding among us related to a major sports event. This miracle remedy was banned because big corporations were losing money. This proves once and for all what they've been hiding all along. Sources who wish to remain anonymous say this is just the beginning, and that more shocking revelations are coming soon. Do your own research!",News,fake
A VIRAL POST SHOW THE SHOCKING SECRET BEHIND THE SCENES about THE UPCOMING ELECTION!!!,"You won't believe what happens next! A viral post show the shocking secret behind the scenes related to the upcoming election. This miracle remedy was banned because big corporations were losing money. Click here now before this post gets taken down forever. Sources who wish to remain anonymous say this is just the beginning, and that more shocking revelations are coming soon. Do your own research!",News,fake
A VIRAL POST SHOW THE SHOCKING SECRET BEHIND THE SCENES about CLIMATE CHANGE!!!,"The mainstream media refuses to report this! A viral post show the shocking secret behind the scenes related to climate change. Forward this to everyone you know before it's too late!!! Click here now before this post gets taken down forever. Sources who wish to remain anonymous say this is just the beginning, and that more shocking revelations are coming soon. Do your own research!",News,fake
AN UNNAMED SOURCE CLOSE TO THE FAMILY REVEAL CELEBRITIES ARE ACTUALLY ROBOTS about A MAJOR SPORTS EVENT!!!,"The mainstream media refuses to report this! An unnamed source close to the family reveal celebrities are actually robots related to a major sports event. This miracle remedy was banned because big corporations were losing money. This proves once and for all what they've been hiding all along. Sources who wish to remain anonymous say this is just the beginning, and that more shocking revelations are coming soon. Do your own research!",News,fake
A MYSTERIOUS WHISTLEBLOWER SAY THE VACCINE SECRETLY CONTAINS MICROCHIPS about THE STOCK MARKET!!!,"This has been hidden from the public for years! A mysterious whistleblower say the vaccine secretly contains microchips related to the stock market. Nobody is talking about this and that should scare you. Thousands of people are waking up to the truth every single day. Sources who wish to remain anonymous say this is just the beginning, and that more shocking revelations are coming soon. Do your own research!",News,fake
SOCIAL MEDIA USERS EXPOSE A MASSIVE COVER-UP about THE NEW VACCINE!!!,"Share before it gets deleted! Social media users expose a massive cover-up related to the new vaccine. Share this NOW so the truth can finally come out!!! Nobody is talking about this and that should scare you. Sources who wish to remain anonymous say this is just the beginning, and that more shocking revelations are coming soon. Do your own research!",News,fake
CELEBRITIES SAY THE VACCINE SECRETLY CONTAINS MICROCHIPS about A NEW TECHNOLOGY!!!,"You won't believe what happens next! Celebrities say the vaccine secretly contains microchips related to a new technology. Share this NOW so the truth can finally come out!!! Share this NOW so the truth can finally come out!!! Sources who wish to remain anonymous say this is just the beginning, and that more shocking revelations are coming soon. Do your own research!",News,fake
AN UNNAMED SOURCE CLOSE TO THE FAMILY SAY THE GOVERNMENT IS HIDING THE CURE FOR CANCER about A GLOBAL PANDEMIC!!!,"You won't believe what happens next! An unnamed source close to the family say the government is hiding the cure for cancer related to a global pandemic. Nobody is talking about this and that should scare you. Share this NOW so the truth can finally come out!!! Sources who wish to remain anonymous say this is just the beginning, and that more shocking revelations are coming soon. Do your own research!",News,fake
SOCIAL MEDIA USERS SAY THE VACCINE SECRETLY CONTAINS MICROCHIPS about A GLOBAL PANDEMIC!!!,"They don't want you to see this! Social media users say the vaccine secretly contains microchips related to a global pandemic. Forward this to everyone you know before it's too late!!! Share this NOW so the truth can finally come out!!! Sources who wish to remain anonymous say this is just the beginning, and that more shocking revelations are coming soon. Do your own research!",News,fake
SCIENTISTS YOU'VE NEVER HEARD OF REVEAL CELEBRITIES ARE ACTUALLY ROBOTS about THE STOCK MARKET!!!,"They don't want you to see this! Scientists you've never heard of reveal celebrities are actually robots related to the stock market. Thousands of people are waking up to the truth every single day. This proves once and for all what they've been hiding all along. Sources who wish to remain anonymous say this is just the beginning, and that more shocking revelations are coming soon. Do your own research!",News,fake
SOCIAL MEDIA USERS CONFIRM ALIENS ARE HIDING AMONG US about A POLITICAL SCANDAL!!!,"This will shock you! Social media users confirm aliens are hiding among us related to a political scandal. The mainstream media is completely silent about this shocking truth. The mainstream media is completely silent about this shocking truth. Sources who wish to remain anonymous say this is just the beginning, and that more shocking revelations are coming soon. Do your own research!",News,fake
A POPULAR BLOGGER WARN THAT THE WORLD WILL END NEXT MONTH about THE ECONOMY!!!,"Share before it gets deleted! A popular blogger warn that the world will end next month related to the economy. Share this NOW so the truth can finally come out!!! The mainstream media is completely silent about this shocking truth. Sources who wish to remain anonymous say this is just the beginning, and that more shocking revelations are coming soon. Do your own research!",News,fake
A LEAKED DOCUMENT INSIST THE MOON LANDING WAS STAGED about CLIMATE CHANGE!!!,"Wake up people, this is huge! A leaked document insist the moon landing was staged related to climate change. Nobody is talking about this and that should scare you. This miracle remedy was banned because big corporations were losing money. Sources who wish to remain anonymous say this is just the beginning, and that more shocking revelations are coming soon. Do your own research!",News,fake
CELEBRITIES REVEAL THE TRUTH THEY DON'T WANT YOU TO KNOW about A POPULAR CELEBRITY!!!,"Share before it gets deleted! Celebrities reveal the truth they don't want you to know related to a popular celebrity. This proves once and for all what they've been hiding all along. Thousands of people are waking up to the truth every single day. Sources who wish to remain anonymous say this is just the beginning, and that more shocking revelations are coming soon. Do your own research!",News,fake
AN UNNAMED SOURCE CLOSE TO THE FAMILY SAY THE VACCINE SECRETLY CONTAINS MICROCHIPS about A GLOBAL PANDEMIC!!!,"You won't believe what happens next! An unnamed source close to the family say the vaccine secretly contains microchips related to a global pandemic. Forward this to everyone you know before it's too late!!! Forward this to everyone you know before it's too late!!! Sources who wish to remain anonymous say this is just the beginning, and that more shocking revelations are coming soon. Do your own research!",News,fake
DOCTORS CONFIRM ALIENS ARE HIDING AMONG US about A POPULAR CELEBRITY!!!,"This has been hidden from the public for years! Doctors confirm aliens are hiding among us related to a popular celebrity. Forward this to everyone you know before it's too late!!! Nobody is talking about this and that should scare you. Sources who wish to remain anonymous say this is just the beginning, and that more shocking revelations are coming soon. Do your own research!",News,fake
AN UNNAMED SOURCE CLOSE TO THE FAMILY EXPOSE A MASSIVE COVER-UP about THE NEW VACCINE!!!,"Experts are too afraid to speak up! An unnamed source close to the family expose a massive cover-up related to the new vaccine. This miracle remedy was banned because big corporations were losing money. Nobody is talking about this and that should scare you. Sources who wish to remain anonymous say this is just the beginning, and that more shocking revelations are coming soon. Do your own research!",News,fake
CELEBRITIES CLAIM THIS ONE WEIRD TRICK CURES EVERYTHING about A GLOBAL PANDEMIC!!!,"You won't believe what happens next! Celebrities claim this one weird trick cures everything related to a global pandemic. The mainstream media is completely silent about this shocking truth. Click here now before this post gets taken down forever. Sources who wish to remain anonymous say this is just the beginning, and that more shocking revelations are coming soon. Do your own research!",News,fake
A SECRET GOVERNMENT MEMO SHOW THE SHOCKING SECRET BEHIND THE SCENES about A VIRAL HEALTH TREND!!!,"The mainstream media refuses to report this! A secret government memo show the shocking secret behind the scenes related to a viral health trend. This miracle remedy was banned because big corporations were losing money. Nobody is talking about this and that should scare you. Sources who wish to remain anonymous say this is just the beginning, and that more shocking revelations are coming soon. Do your own research!",News,fake
A SELF-PROCLAIMED EXPERT REVEAL CELEBRITIES ARE ACTUALLY ROBOTS about THE STOCK MARKET!!!,"This will shock you! A self-proclaimed expert reveal celebrities are actually robots related to the stock market. Thousands of people are waking up to the truth every single day. Nobody is talking about this and that should scare you. Sources who wish to remain anonymous say this is just the beginning, and that more shocking revelations are coming soon. Do your own research!",News,fake
A SHOCKING NEW REPORT CLAIM THIS ONE WEIRD TRICK CURES EVERYTHING about A POLITICAL SCANDAL!!!,"Wake up people, this is huge! A shocking new report claim this one weird trick cures everything related to a political scandal. The mainstream media is completely silent about this shocking truth. The mainstream media is completely silent about this shocking truth. Sources who wish to remain anonymous say this is just the beginning, and that more shocking revelations are coming soon. Do your own research!",News,fake
SCIENTISTS YOU'VE NEVER HEARD OF CONFIRM ALIENS ARE HIDING AMONG US about A NEW TECHNOLOGY!!!,"Share before it gets deleted! Scientists you've never heard of confirm aliens are hiding among us related to a new technology. Thousands of people are waking up to the truth every single day. Click here now before this post gets taken down forever. Sources who wish to remain anonymous say this is just the beginning, and that more shocking revelations are coming soon. Do your own research!",News,fake
CELEBRITIES CLAIM THIS ONE WEIRD TRICK CURES EVERYTHING about THE NEW VACCINE!!!,"Wake up people, this is huge! Celebrities claim this one weird trick cures everything related to the new vaccine. Nobody is talking about this and that should scare you. Share this NOW so the truth can finally come out!!! Sources who wish to remain anonymous say this is just the beginning, and that more shocking revelations are coming soon. Do your own research!",News,fake
AN UNNAMED SOURCE CLOSE TO THE FAMILY CLAIM THIS ONE WEIRD TRICK CURES EVERYTHING about THE NEW VACCINE!!!,"The mainstream media refuses to report this! An unnamed source close to the family claim this one weird trick cures everything related to the new vaccine. Click here now before this post gets taken down forever. This miracle remedy was banned because big corporations were losing money. Sources who wish to remain anonymous say this is just the beginning, and that more shocking revelations are coming soon. Do your own research!",News,fake
SCIENTISTS YOU'VE NEVER HEARD OF LEAK PROOF OF A GLOBAL CONSPIRACY about THE STOCK MARKET!!!,"The mainstream media refuses to report this! Scientists you've never heard of leak proof of a global conspiracy related to the stock market. Forward this to everyone you know before it's too late!!! This proves once and for all what they've been hiding all along. Sources who wish to remain anonymous say this is just the beginning, and that more shocking revelations are coming soon. Do your own research!",News,fake
A VIRAL POST REVEAL THE TRUTH THEY DON'T WANT YOU TO KNOW about CLIMATE CHANGE!!!,"Wake up people, this is huge! A viral post reveal the truth they don't want you to know related to climate change. Thousands of people are waking up to the truth every single day. Nobody is talking about this and that should scare you. Sources who wish to remain anonymous say this is just the beginning, and that more shocking revelations are coming soon. Do your own research!",News,fake
DOCTORS LEAK PROOF OF A GLOBAL CONSPIRACY about A GLOBAL PANDEMIC!!!,"The mainstream media refuses to report this! Doctors leak proof of a global conspiracy related to a global pandemic. The mainstream media is completely silent about this shocking truth. Click here now before this post gets taken down forever. Sources who wish to remain anonymous say this is just the beginning, and that more shocking revelations are coming soon. Do your own research!",News,fake
A SHOCKING NEW REPORT LEAK PROOF OF A GLOBAL CONSPIRACY about CLIMATE CHANGE!!!,"You won't believe what happens next! A shocking new report leak proof of a global conspiracy related to climate change. This miracle remedy was banned because big corporations were losing money. Thousands of people are waking up to the truth every single day. Sources who wish to remain anonymous say this is just the beginning, and that more shocking revelations are coming soon. Do your own research!",News,fake
A VIRAL POST SAY THE GOVERNMENT IS HIDING THE CURE FOR CANCER about A MAJOR SPORTS EVENT!!!,"They don't want you to see this! A viral post say the government is hiding the cure for cancer related to a major sports event. Forward this to everyone you know before it's too late!!! This proves once and for all what they've been hiding all along. Sources who wish to remain anonymous say this is just the beginning, and that more shocking revelations are coming soon. Do your own research!",News,fake
SCIENTISTS YOU'VE NEVER HEARD OF CLAIM THE ELECTION WAS COMPLETELY RIGGED about A NATURAL DISASTER!!!,"You won't believe what happens next! Scientists you've never heard of claim the election was completely rigged related to a natural disaster. This proves once and for all what they've been hiding all along. Forward this to everyone you know before it's too late!!! Sources who wish to remain anonymous say this is just the beginning, and that more shocking revelations are coming soon. Do your own research!",News,fake
A SELF-PROCLAIMED EXPERT REVEAL THE TRUTH THEY DON'T WANT YOU TO KNOW about CLIMATE CHANGE!!!,"This will shock you! A self-proclaimed expert reveal the truth they don't want you to know related to climate change. Share this NOW so the truth can finally come out!!! The mainstream media is completely silent about this shocking truth. Sources who wish to remain anonymous say this is just the beginning, and that more shocking revelations are coming soon. Do your own research!",News,fake
SCIENTISTS YOU'VE NEVER HEARD OF REVEAL CELEBRITIES ARE ACTUALLY ROBOTS about A POPULAR CELEBRITY!!!,"They don't want you to see this! Scientists you've never heard of reveal celebrities are actually robots related to a popular celebrity. Click here now before this post gets taken down forever. The mainstream media is completely silent about this shocking truth. Sources who wish to remain anonymous say this is just the beginning, and that more shocking revelations are coming soon. Do your own research!",News,fake
AN UNNAMED SOURCE CLOSE TO THE FAMILY SHOW THE SHOCKING SECRET BEHIND THE SCENES about CLIMATE CHANGE!!!,"The mainstream media refuses to report this! An unnamed source close to the family show the shocking secret behind the scenes related to climate change. Forward this to everyone you know before it's too late!!! Share this NOW so the truth can finally come out!!! Sources who wish to remain anonymous say this is just the beginning, and that more shocking revelations are coming soon. Do your own research!",News,fake
AN ANONYMOUS INSIDER REVEAL THE TRUTH THEY DON'T WANT YOU TO KNOW about THE UPCOMING ELECTION!!!,"This will shock you! An anonymous insider reveal the truth they don't want you to know related to the upcoming election. This proves once and for all what they've been hiding all along. Nobody is talking about this and that should scare you. Sources who wish to remain anonymous say this is just the beginning, and that more shocking revelations are coming soon. Do your own research!",News,fake
A MYSTERIOUS WHISTLEBLOWER EXPOSE A MASSIVE COVER-UP about THE ECONOMY!!!,"Experts are too afraid to speak up! A mysterious whistleblower expose a massive cover-up related to the economy. Forward this to everyone you know before it's too late!!! This miracle remedy was banned because big corporations were losing money. Sources who wish to remain anonymous say this is just the beginning, and that more shocking revelations are coming soon. Do your own research!",News,fake
A SELF-PROCLAIMED EXPERT CLAIM THIS ONE WEIRD TRICK CURES EVERYTHING about A MAJOR SPORTS EVENT!!!,"This has been hidden from the public for years! A self-proclaimed expert claim this one weird trick cures everything related to a major sports event. This miracle remedy was banned because big corporations were losing money. Click here now before this post gets taken down forever. Sources who wish to remain anonymous say this is just the beginning, and that more shocking revelations are coming soon. Do your own research!",News,fake
A SELF-PROCLAIMED EXPERT INSIST THE MOON LANDING WAS STAGED about THE ECONOMY!!!,"Wake up people, this is huge! A self-proclaimed expert insist the moon landing was staged related to the economy. Share this NOW so the truth can finally come out!!! The mainstream media is completely silent about this shocking truth. Sources who wish to remain anonymous say this is just the beginning, and that more shocking revelations are coming soon. Do your own research!",News,fake
AN UNNAMED SOURCE CLOSE TO THE FAMILY CONFIRM ALIENS ARE HIDING AMONG US about THE NEW VACCINE!!!,"You won't believe what happens next! An unnamed source close to the family confirm aliens are hiding among us related to the new vaccine. The mainstream media is completely silent about this shocking truth. This proves once and for all what they've been hiding all along. Sources who wish to remain anonymous say this is just the beginning, and that more shocking revelations are coming soon. Do your own research!",News,fake
A SHOCKING NEW REPORT CLAIM THIS ONE WEIRD TRICK CURES EVERYTHING about A GLOBAL PANDEMIC!!!,"Share before it gets deleted! A shocking new report claim this one weird trick cures everything related to a global pandemic. The mainstream media is completely silent about this shocking truth. Thousands of people are waking up to the truth every single day. Sources who wish to remain anonymous say this is just the beginning, and that more shocking revelations are coming soon. Do your own research!",News,fake
A MYSTERIOUS WHISTLEBLOWER CLAIM THE ELECTION WAS COMPLETELY RIGGED about A TECH COMPANY'S NEW PRODUCT!!!,"This will shock you! A mysterious whistleblower claim the election was completely rigged related to a tech company's new product. Thousands of people are waking up to the truth every single day. Forward this to everyone you know before it's too late!!! Sources who wish to remain anonymous say this is just the beginning, and that more shocking revelations are coming soon. Do your own research!",News,fake
SCIENTISTS YOU'VE NEVER HEARD OF SAY THE GOVERNMENT IS HIDING THE CURE FOR CANCER about A NEW TECHNOLOGY!!!,"This has been hidden from the public for years! Scientists you've never heard of say the government is hiding the cure for cancer related to a new technology. Thousands of people are waking up to the truth every single day. Share this NOW so the truth can finally come out!!! Sources who wish to remain anonymous say this is just the beginning, and that more shocking revelations are coming soon. Do your own research!",News,fake
AN ANONYMOUS INSIDER SHOW THE SHOCKING SECRET BEHIND THE SCENES about THE UPCOMING ELECTION!!!,"Experts are too afraid to speak up! An anonymous insider show the shocking secret behind the scenes related to the upcoming election. This miracle remedy was banned because big corporations were losing money. Click here now before this post gets taken down forever. Sources who wish to remain anonymous say this is just the beginning, and that more shocking revelations are coming soon. Do your own research!",News,fake
A SHOCKING NEW REPORT INSIST THE MOON LANDING WAS STAGED about A MAJOR SPORTS EVENT!!!,"You won't believe what happens next! A shocking new report insist the moon landing was staged related to a major sports event. Click here now before this post gets taken down forever. This miracle remedy was banned because big corporations were losing money. Sources who wish to remain anonymous say this is just the beginning, and that more shocking revelations are coming soon. Do your own research!",News,fake
AN ANONYMOUS INSIDER SAY THE GOVERNMENT IS HIDING THE CURE FOR CANCER about THE UPCOMING ELECTION!!!,"Experts are too afraid to speak up! An anonymous insider say the government is hiding the cure for cancer related to the upcoming election. This proves once and for all what they've been hiding all along. This proves once and for all what they've been hiding all along. Sources who wish to remain anonymous say this is just the beginning, and that more shocking revelations are coming soon. Do your own research!",News,fake
A LEAKED DOCUMENT SHOW THE SHOCKING SECRET BEHIND THE SCENES about THE STOCK MARKET!!!,"Experts are too afraid to speak up! A leaked document show the shocking secret behind the scenes related to the stock market. Nobody is talking about this and that should scare you. This proves once and for all what they've been hiding all along. Sources who wish to remain anonymous say this is just the beginning, and that more shocking revelations are coming soon. Do your own research!",News,fake
A POPULAR BLOGGER EXPOSE A MASSIVE COVER-UP about A GLOBAL PANDEMIC!!!,"Experts are too afraid to speak up! A popular blogger expose a massive cover-up related to a global pandemic. Share this NOW so the truth can finally come out!!! This proves once and for all what they've been hiding all along. Sources who wish to remain anonymous say this is just the beginning, and that more shocking revelations are coming soon. Do your own research!",News,fake
CELEBRITIES REVEAL THE TRUTH THEY DON'T WANT YOU TO KNOW about A POPULAR CELEBRITY!!!,"Wake up people, this is huge! Celebrities reveal the truth they don't want you to know related to a popular celebrity. This proves once and for all what they've been hiding all along. Forward this to everyone you know before it's too late!!! Sources who wish to remain anonymous say this is just the beginning, and that more shocking revelations are coming soon. Do your own research!",News,fake
AN UNNAMED SOURCE CLOSE TO THE FAMILY LEAK PROOF OF A GLOBAL CONSPIRACY about A NEW TECHNOLOGY!!!,"Share before it gets deleted! An unnamed source close to the family leak proof of a global conspiracy related to a new technology. Forward this to everyone you know before it's too late!!! Thousands of people are waking up to the truth every single day. Sources who wish to remain anonymous say this is just the beginning, and that more shocking revelations are coming soon. Do your own research!",News,fake
A POPULAR BLOGGER EXPOSE A MASSIVE COVER-UP about A MAJOR SPORTS EVENT!!!,"Share before it gets deleted! A popular blogger expose a massive cover-up related to a major sports event. Nobody is talking about this and that should scare you. Share this NOW so the truth can finally come out!!! Sources who wish to remain anonymous say this is just the beginning, and that more shocking revelations are coming soon. Do your own research!",News,fake
A POPULAR BLOGGER CLAIM THE ELECTION WAS COMPLETELY RIGGED about A NATURAL DISASTER!!!,"You won't believe what happens next! A popular blogger claim the election was completely rigged related to a natural disaster. The mainstream media is completely silent about this shocking truth. The mainstream media is completely silent about this shocking truth. Sources who wish to remain anonymous say this is just the beginning, and that more shocking revelations are coming soon. Do your own research!",News,fake
A SECRET GOVERNMENT MEMO CONFIRM ALIENS ARE HIDING AMONG US about THE UPCOMING ELECTION!!!,"Experts are too afraid to speak up! A secret government memo confirm aliens are hiding among us related to the upcoming election. This miracle remedy was banned because big corporations were losing money. Thousands of people are waking up to the truth every single day. Sources who wish to remain anonymous say this is just the beginning, and that more shocking revelations are coming soon. Do your own research!",News,fake
CELEBRITIES CONFIRM ALIENS ARE HIDING AMONG US about A POPULAR CELEBRITY!!!,"Share before it gets deleted! Celebrities confirm aliens are hiding among us related to a popular celebrity. Click here now before this post gets taken down forever. The mainstream media is completely silent about this shocking truth. Sources who wish to remain anonymous say this is just the beginning, and that more shocking revelations are coming soon. Do your own research!",News,fake
A LEAKED DOCUMENT REVEAL THE TRUTH THEY DON'T WANT YOU TO KNOW about CLIMATE CHANGE!!!,"This has been hidden from the public for years! A leaked document reveal the truth they don't want you to know related to climate change. Share this NOW so the truth can finally come out!!! Click here now before this post gets taken down forever. Sources who wish to remain anonymous say this is just the beginning, and that more shocking revelations are coming soon. Do your own research!",News,fake
A SECRET GOVERNMENT MEMO CLAIM THIS ONE WEIRD TRICK CURES EVERYTHING about A GLOBAL PANDEMIC!!!,"Share before it gets deleted! A secret government memo claim this one weird trick cures everything related to a global pandemic. This proves once and for all what they've been hiding all along. Share this NOW so the truth can finally come out!!! Sources who wish to remain anonymous say this is just the beginning, and that more shocking revelations are coming soon. Do your own research!",News,fake
CELEBRITIES CLAIM THE ELECTION WAS COMPLETELY RIGGED about A NEW TECHNOLOGY!!!,"Share before it gets deleted! Celebrities claim the election was completely rigged related to a new technology. Forward this to everyone you know before it's too late!!! Share this NOW so the truth can finally come out!!! Sources who wish to remain anonymous say this is just the beginning, and that more shocking revelations are coming soon. Do your own research!",News,fake
A SHOCKING NEW REPORT REVEAL THE TRUTH THEY DON'T WANT YOU TO KNOW about CLIMATE CHANGE!!!,"Share before it gets deleted! A shocking new report reveal the truth they don't want you to know related to climate change. Click here now before this post gets taken down forever. This proves once and for all what they've been hiding all along. Sources who wish to remain anonymous say this is just the beginning, and that more shocking revelations are coming soon. Do your own research!",News,fake
SCIENTISTS YOU'VE NEVER HEARD OF INSIST THE MOON LANDING WAS STAGED about THE STOCK MARKET!!!,"This will shock you! Scientists you've never heard of insist the moon landing was staged related to the stock market. Share this NOW so the truth can finally come out!!! Forward this to everyone you know before it's too late!!! Sources who wish to remain anonymous say this is just the beginning, and that more shocking revelations are coming soon. Do your own research!",News,fake
A VIRAL POST REVEAL CELEBRITIES ARE ACTUALLY ROBOTS about THE HOUSING MARKET!!!,"They don't want you to see this! A viral post reveal celebrities are actually robots related to the housing market. Forward this to everyone you know before it's too late!!! Share this NOW so the truth can finally come out!!! Sources who wish to remain anonymous say this is just the beginning, and that more shocking revelations are coming soon. Do your own research!",News,fake
SCIENTISTS YOU'VE NEVER HEARD OF SHOW THE SHOCKING SECRET BEHIND THE SCENES about THE STOCK MARKET!!!,"This has been hidden from the public for years! Scientists you've never heard of show the shocking secret behind the scenes related to the stock market. Forward this to everyone you know before it's too late!!! Click here now before this post gets taken down forever. Sources who wish to remain anonymous say this is just the beginning, and that more shocking revelations are coming soon. Do your own research!",News,fake
AN UNNAMED SOURCE CLOSE TO THE FAMILY CLAIM THIS ONE WEIRD TRICK CURES EVERYTHING about A TECH COMPANY'S NEW PRODUCT!!!,"Share before it gets deleted! An unnamed source close to the family claim this one weird trick cures everything related to a tech company's new product. Forward this to everyone you know before it's too late!!! Forward this to everyone you know before it's too late!!! Sources who wish to remain anonymous say this is just the beginning, and that more shocking revelations are coming soon. Do your own research!",News,fake
A LEAKED DOCUMENT CLAIM THIS ONE WEIRD TRICK CURES EVERYTHING about THE EDUCATION SYSTEM!!!,"They don't want you to see this! A leaked document claim this one weird trick cures everything related to the education system. This proves once and for all what they've been hiding all along. Nobody is talking about this and that should scare you. Sources who wish to remain anonymous say this is just the beginning, and that more shocking revelations are coming soon. Do your own research!",News,fake
A SHOCKING NEW REPORT INSIST THE MOON LANDING WAS STAGED about THE HOUSING MARKET!!!,"They don't want you to see this! A shocking new report insist the moon landing was staged related to the housing market. Thousands of people are waking up to the truth every single day. Share this NOW so the truth can finally come out!!! Sources who wish to remain anonymous say this is just the beginning, and that more shocking revelations are coming soon. Do your own research!",News,fake
A MYSTERIOUS WHISTLEBLOWER SAY THE GOVERNMENT IS HIDING THE CURE FOR CANCER about A TECH COMPANY'S NEW PRODUCT!!!,"Experts are too afraid to speak up! A mysterious whistleblower say the government is hiding the cure for cancer related to a tech company's new product. The mainstream media is completely silent about this shocking truth. Forward this to everyone you know before it's too late!!! Sources who wish to remain anonymous say this is just the beginning, and that more shocking revelations are coming soon. Do your own research!",News,fake
A SHOCKING NEW REPORT REVEAL THE TRUTH THEY DON'T WANT YOU TO KNOW about A VIRAL HEALTH TREND!!!,"Share before it gets deleted! A shocking new report reveal the truth they don't want you to know related to a viral health trend. Thousands of people are waking up to the truth every single day. The mainstream media is completely silent about this shocking truth. Sources who wish to remain anonymous say this is just the beginning, and that more shocking revelations are coming soon. Do your own research!",News,fake
A POPULAR BLOGGER REVEAL THE TRUTH THEY DON'T WANT YOU TO KNOW about A VIRAL HEALTH TREND!!!,"Share before it gets deleted! A popular blogger reveal the truth they don't want you to know related to a viral health trend. Share this NOW so the truth can finally come out!!! Nobody is talking about this and that should scare you. Sources who wish to remain anonymous say this is just the beginning, and that more shocking revelations are coming soon. Do your own research!",News,fake
SOCIAL MEDIA USERS WARN THAT THE WORLD WILL END NEXT MONTH about A GLOBAL PANDEMIC!!!,"The mainstream media refuses to report this! Social media users warn that the world will end next month related to a global pandemic. The mainstream media is completely silent about this shocking truth. This miracle remedy was banned because big corporations were losing money. Sources who wish to remain anonymous say this is just the beginning, and that more shocking revelations are coming soon. Do your own research!",News,fake
A VIRAL POST CLAIM THIS ONE WEIRD TRICK CURES EVERYTHING about A MAJOR SPORTS EVENT!!!,"This will shock you! A viral post claim this one weird trick cures everything related to a major sports event. Nobody is talking about this and that should scare you. Thousands of people are waking up to the truth every single day. Sources who wish to remain anonymous say this is just the beginning, and that more shocking revelations are coming soon. Do your own research!",News,fake
SCIENTISTS YOU'VE NEVER HEARD OF INSIST THE MOON LANDING WAS STAGED about A NEW TECHNOLOGY!!!,"You won't believe what happens next! Scientists you've never heard of insist the moon landing was staged related to a new technology. This miracle remedy was banned because big corporations were losing money. Forward this to everyone you know before it's too late!!! Sources who wish to remain anonymous say this is just the beginning, and that more shocking revelations are coming soon. Do your own research!",News,fake
SOCIAL MEDIA USERS REVEAL THE TRUTH THEY DON'T WANT YOU TO KNOW about THE UPCOMING ELECTION!!!,"This will shock you! Social media users reveal the truth they don't want you to know related to the upcoming election. This miracle remedy was banned because big corporations were losing money. Nobody is talking about this and that should scare you. Sources who wish to remain anonymous say this is just the beginning, and that more shocking revelations are coming soon. Do your own research!",News,fake
AN UNNAMED SOURCE CLOSE TO THE FAMILY SAY THE GOVERNMENT IS HIDING THE CURE FOR CANCER about THE UPCOMING ELECTION!!!,"They don't want you to see this! An unnamed source close to the family say the government is hiding the cure for cancer related to the upcoming election. This proves once and for all what they've been hiding all along. Click here now before this post gets taken down forever. Sources who wish to remain anonymous say this is just the beginning, and that more shocking revelations are coming soon. Do your own research!",News,fake
SCIENTISTS YOU'VE NEVER HEARD OF WARN THAT THE WORLD WILL END NEXT MONTH about THE ECONOMY!!!,"This will shock you! Scientists you've never heard of warn that the world will end next month related to the economy. The mainstream media is completely silent about this shocking truth. Share this NOW so the truth can finally come out!!! Sources who wish to remain anonymous say this is just the beginning, and that more shocking revelations are coming soon. Do your own research!",News,fake
A SELF-PROCLAIMED EXPERT INSIST THE MOON LANDING WAS STAGED about THE ECONOMY!!!,"Wake up people, this is huge! A self-proclaimed expert insist the moon landing was staged related to the economy. The mainstream media is completely silent about this shocking truth. Nobody is talking about this and that should scare you. Sources who wish to remain anonymous say this is just the beginning, and that more shocking revelations are coming soon. Do your own research!",News,fake
SOCIAL MEDIA USERS CONFIRM ALIENS ARE HIDING AMONG US about THE STOCK MARKET!!!,"Wake up people, this is huge! Social media users confirm aliens are hiding among us related to the stock market. Share this NOW so the truth can finally come out!!! Nobody is talking about this and that should scare you. Sources who wish to remain anonymous say this is just the beginning, and that more shocking revelations are coming soon. Do your own research!",News,fake
A POPULAR BLOGGER WARN THAT THE WORLD WILL END NEXT MONTH about THE EDUCATION SYSTEM!!!,"You won't believe what happens next! A popular blogger warn that the world will end next month related to the education system. Nobody is talking about this and that should scare you. This proves once and for all what they've been hiding all along. Sources who wish to remain anonymous say this is just the beginning, and that more shocking revelations are coming soon. Do your own research!",News,fake
CELEBRITIES SHOW THE SHOCKING SECRET BEHIND THE SCENES about CLIMATE CHANGE!!!,"Share before it gets deleted! Celebrities show the shocking secret behind the scenes related to climate change. This proves once and for all what they've been hiding all along. This proves once and for all what they've been hiding all along. Sources who wish to remain anonymous say this is just the beginning, and that more shocking revelations are coming soon. Do your own research!",News,fake
A SHOCKING NEW REPORT CLAIM THIS ONE WEIRD TRICK CURES EVERYTHING about A POLITICAL SCANDAL!!!,"This has been hidden from the public for years! A shocking new report claim this one weird trick cures everything related to a political scandal. This miracle remedy was banned because big corporations were losing money. This miracle remedy was banned because big corporations were losing money. Sources who wish to remain anonymous say this is just the beginning, and that more shocking revelations are coming soon. Do your own research!",News,fake
CELEBRITIES WARN THAT THE WORLD WILL END NEXT MONTH about THE STOCK MARKET!!!,"They don't want you to see this! Celebrities warn that the world will end next month related to the stock market. Thousands of people are waking up to the truth every single day. Forward this to everyone you know before it's too late!!! Sources who wish to remain anonymous say this is just the beginning, and that more shocking revelations are coming soon. Do your own research!",News,fake
A VIRAL POST SHOW THE SHOCKING SECRET BEHIND THE SCENES about A MAJOR SPORTS EVENT!!!,"Wake up people, this is huge! A viral post show the shocking secret behind the scenes related to a major sports event. This proves once and for all what they've been hiding all along. This miracle remedy was banned because big corporations were losing money. Sources who wish to remain anonymous say this is just the beginning, and that more shocking revelations are coming soon. Do your own research!",News,fake
A SHOCKING NEW REPORT INSIST THE MOON LANDING WAS STAGED about A VIRAL HEALTH TREND!!!,"Wake up people, this is huge! A shocking new report insist the moon landing was staged related to a viral health trend. Click here now before this post gets taken down forever. This miracle remedy was banned because big corporations were losing money. Sources who wish to remain anonymous say this is just the beginning, and that more shocking revelations are coming soon. Do your own research!",News,fake
CELEBRITIES CLAIM THIS ONE WEIRD TRICK CURES EVERYTHING about A NATURAL DISASTER!!!,"They don't want you to see this! Celebrities claim this one weird trick cures everything related to a natural disaster. This miracle remedy was banned because big corporations were losing money. Nobody is talking about this and that should scare you. Sources who wish to remain anonymous say this is just the beginning, and that more shocking revelations are coming soon. Do your own research!",News,fake
AN UNNAMED SOURCE CLOSE TO THE FAMILY SAY THE VACCINE SECRETLY CONTAINS MICROCHIPS about THE EDUCATION SYSTEM!!!,"Experts are too afraid to speak up! An unnamed source close to the family say the vaccine secretly contains microchips related to the education system. Nobody is talking about this and that should scare you. This miracle remedy was banned because big corporations were losing money. Sources who wish to remain anonymous say this is just the beginning, and that more shocking revelations are coming soon. Do your own research!",News,fake
A SHOCKING NEW REPORT LEAK PROOF OF A GLOBAL CONSPIRACY about THE UPCOMING ELECTION!!!,"The mainstream media refuses to report this! A shocking new report leak proof of a global conspiracy related to the upcoming election. Nobody is talking about this and that should scare you. Thousands of people are waking up to the truth every single day. Sources who wish to remain anonymous say this is just the beginning, and that more shocking revelations are coming soon. Do your own research!",News,fake
A POPULAR BLOGGER CONFIRM ALIENS ARE HIDING AMONG US about A GLOBAL PANDEMIC!!!,"The mainstream media refuses to report this! A popular blogger confirm aliens are hiding among us related to a global pandemic. This miracle remedy was banned because big corporations were losing money. Nobody is talking about this and that should scare you. Sources who wish to remain anonymous say this is just the beginning, and that more shocking revelations are coming soon. Do your own research!",News,fake
CELEBRITIES CLAIM THE ELECTION WAS COMPLETELY RIGGED about A GLOBAL PANDEMIC!!!,"Wake up people, this is huge! Celebrities claim the election was completely rigged related to a global pandemic. Forward this to everyone you know before it's too late!!! Nobody is talking about this and that should scare you. Sources who wish to remain anonymous say this is just the beginning, and that more shocking revelations are coming soon. Do your own research!",News,fake
A SECRET GOVERNMENT MEMO REVEAL CELEBRITIES ARE ACTUALLY ROBOTS about A NEW TECHNOLOGY!!!,"Wake up people, this is huge! A secret government memo reveal celebrities are actually robots related to a new technology. Click here now before this post gets taken down forever. The mainstream media is completely silent about this shocking truth. Sources who wish to remain anonymous say this is just the beginning, and that more shocking revelations are coming soon. Do your own research!",News,fake
A SHOCKING NEW REPORT CLAIM THIS ONE WEIRD TRICK CURES EVERYTHING about THE UPCOMING ELECTION!!!,"Wake up people, this is huge! A shocking new report claim this one weird trick cures everything related to the upcoming election. Thousands of people are waking up to the truth every single day. Forward this to everyone you know before it's too late!!! Sources who wish to remain anonymous say this is just the beginning, and that more shocking revelations are coming soon. Do your own research!",News,fake
A SHOCKING NEW REPORT SHOW THE SHOCKING SECRET BEHIND THE SCENES about A VIRAL HEALTH TREND!!!,"Experts are too afraid to speak up! A shocking new report show the shocking secret behind the scenes related to a viral health trend. Thousands of people are waking up to the truth every single day. Thousands of people are waking up to the truth every single day. Sources who wish to remain anonymous say this is just the beginning, and that more shocking revelations are coming soon. Do your own research!",News,fake
AN UNNAMED SOURCE CLOSE TO THE FAMILY REVEAL CELEBRITIES ARE ACTUALLY ROBOTS about THE UPCOMING ELECTION!!!,"They don't want you to see this! An unnamed source close to the family reveal celebrities are actually robots related to the upcoming election. This proves once and for all what they've been hiding all along. This proves once and for all what they've been hiding all along. Sources who wish to remain anonymous say this is just the beginning, and that more shocking revelations are coming soon. Do your own research!",News,fake
SCIENTISTS YOU'VE NEVER HEARD OF CLAIM THIS ONE WEIRD TRICK CURES EVERYTHING about A NATURAL DISASTER!!!,"You won't believe what happens next! Scientists you've never heard of claim this one weird trick cures everything related to a natural disaster. This proves once and for all what they've been hiding all along. The mainstream media is completely silent about this shocking truth. Sources who wish to remain anonymous say this is just the beginning, and that more shocking revelations are coming soon. Do your own research!",News,fake
A POPULAR BLOGGER SHOW THE SHOCKING SECRET BEHIND THE SCENES about THE NEW VACCINE!!!,"Experts are too afraid to speak up! A popular blogger show the shocking secret behind the scenes related to the new vaccine. Click here now before this post gets taken down forever. Share this NOW so the truth can finally come out!!! Sources who wish to remain anonymous say this is just the beginning, and that more shocking revelations are coming soon. Do your own research!",News,fake
A SHOCKING NEW REPORT CLAIM THIS ONE WEIRD TRICK CURES EVERYTHING about THE ECONOMY!!!,"This will shock you! A shocking new report claim this one weird trick cures everything related to the economy. Nobody is talking about this and that should scare you. Share this NOW so the truth can finally come out!!! Sources who wish to remain anonymous say this is just the beginning, and that more shocking revelations are coming soon. Do your own research!",News,fake
A SELF-PROCLAIMED EXPERT LEAK PROOF OF A GLOBAL CONSPIRACY about A MAJOR SPORTS EVENT!!!,"Experts are too afraid to speak up! A self-proclaimed expert leak proof of a global conspiracy related to a major sports event. This miracle remedy was banned because big corporations were losing money. Nobody is talking about this and that should scare you. Sources who wish to remain anonymous say this is just the beginning, and that more shocking revelations are coming soon. Do your own research!",News,fake
A POPULAR BLOGGER CLAIM THE ELECTION WAS COMPLETELY RIGGED about A GLOBAL PANDEMIC!!!,"You won't believe what happens next! A popular blogger claim the election was completely rigged related to a global pandemic. Forward this to everyone you know before it's too late!!! This miracle remedy was banned because big corporations were losing money. Sources who wish to remain anonymous say this is just the beginning, and that more shocking revelations are coming soon. Do your own research!",News,fake
AN UNNAMED SOURCE CLOSE TO THE FAMILY WARN THAT THE WORLD WILL END NEXT MONTH about THE NEW VACCINE!!!,"The mainstream media refuses to report this! An unnamed source close to the family warn that the world will end next month related to the new vaccine. Nobody is talking about this and that should scare you. Nobody is talking about this and that should scare you. Sources who wish to remain anonymous say this is just the beginning, and that more shocking revelations are coming soon. Do your own research!",News,fake
A LEAKED DOCUMENT REVEAL CELEBRITIES ARE ACTUALLY ROBOTS about THE HOUSING MARKET!!!,"You won't believe what happens next! A leaked document reveal celebrities are actually robots related to the housing market. This proves once and for all what they've been hiding all along. This proves once and for all what they've been hiding all along. Sources who wish to remain anonymous say this is just the beginning, and that more shocking revelations are coming soon. Do your own research!",News,fake
AN ANONYMOUS INSIDER REVEAL THE TRUTH THEY DON'T WANT YOU TO KNOW about THE UPCOMING ELECTION!!!,"They don't want you to see this! An anonymous insider reveal the truth they don't want you to know related to the upcoming election. Thousands of people are waking up to the truth every single day. Forward this to everyone you know before it's too late!!! Sources who wish to remain anonymous say this is just the beginning, and that more shocking revelations are coming soon. Do your own research!",News,fake
DOCTORS CLAIM THIS ONE WEIRD TRICK CURES EVERYTHING about A POLITICAL SCANDAL!!!,"The mainstream media refuses to report this! Doctors claim this one weird trick cures everything related to a political scandal. Thousands of people are waking up to the truth every single day. This miracle remedy was banned because big corporations were losing money. Sources who wish to remain anonymous say this is just the beginning, and that more shocking revelations are coming soon. Do your own research!",News,fake
DOCTORS REVEAL CELEBRITIES ARE ACTUALLY ROBOTS about A NEW TECHNOLOGY!!!,"They don't want you to see this! Doctors reveal celebrities are actually robots related to a new technology. Forward this to everyone you know before it's too late!!! This proves once and for all what they've been hiding all along. Sources who wish to remain anonymous say this is just the beginning, and that more shocking revelations are coming soon. Do your own research!",News,fake
A VIRAL POST CLAIM THE ELECTION WAS COMPLETELY RIGGED about THE ECONOMY!!!,"Wake up people, this is huge! A viral post claim the election was completely rigged related to the economy. Nobody is talking about this and that should scare you. The mainstream media is completely silent about this shocking truth. Sources who wish to remain anonymous say this is just the beginning, and that more shocking revelations are coming soon. Do your own research!",News,fake
AN UNNAMED SOURCE CLOSE TO THE FAMILY CLAIM THIS ONE WEIRD TRICK CURES EVERYTHING about A POPULAR CELEBRITY!!!,"They don't want you to see this! An unnamed source close to the family claim this one weird trick cures everything related to a popular celebrity. Nobody is talking about this and that should scare you. This proves once and for all what they've been hiding all along. Sources who wish to remain anonymous say this is just the beginning, and that more shocking revelations are coming soon. Do your own research!",News,fake
SCIENTISTS YOU'VE NEVER HEARD OF LEAK PROOF OF A GLOBAL CONSPIRACY about A NATURAL DISASTER!!!,"This will shock you! Scientists you've never heard of leak proof of a global conspiracy related to a natural disaster. Click here now before this post gets taken down forever. Share this NOW so the truth can finally come out!!! Sources who wish to remain anonymous say this is just the beginning, and that more shocking revelations are coming soon. Do your own research!",News,fake
DOCTORS LEAK PROOF OF A GLOBAL CONSPIRACY about THE EDUCATION SYSTEM!!!,"This will shock you! Doctors leak proof of a global conspiracy related to the education system. Thousands of people are waking up to the truth every single day. Thousands of people are waking up to the truth every single day. Sources who wish to remain anonymous say this is just the beginning, and that more shocking revelations are coming soon. Do your own research!",News,fake
A SHOCKING NEW REPORT SHOW THE SHOCKING SECRET BEHIND THE SCENES about A NATURAL DISASTER!!!,"You won't believe what happens next! A shocking new report show the shocking secret behind the scenes related to a natural disaster. Thousands of people are waking up to the truth every single day. Click here now before this post gets taken down forever. Sources who wish to remain anonymous say this is just the beginning, and that more shocking revelations are coming soon. Do your own research!",News,fake
AN ANONYMOUS INSIDER CONFIRM ALIENS ARE HIDING AMONG US about A NEW TECHNOLOGY!!!,"The mainstream media refuses to report this! An anonymous insider confirm aliens are hiding among us related to a new technology. This proves once and for all what they've been hiding all along. Nobody is talking about this and that should scare you. Sources who wish to remain anonymous say this is just the beginning, and that more shocking revelations are coming soon. Do your own research!",News,fake
AN UNNAMED SOURCE CLOSE TO THE FAMILY CLAIM THE ELECTION WAS COMPLETELY RIGGED about A POLITICAL SCANDAL!!!,"They don't want you to see this! An unnamed source close to the family claim the election was completely rigged related to a political scandal. Thousands of people are waking up to the truth every single day. The mainstream media is completely silent about this shocking truth. Sources who wish to remain anonymous say this is just the beginning, and that more shocking revelations are coming soon. Do your own research!",News,fake
DOCTORS SAY THE VACCINE SECRETLY CONTAINS MICROCHIPS about A POPULAR CELEBRITY!!!,"You won't believe what happens next! Doctors say the vaccine secretly contains microchips related to a popular celebrity. Share this NOW so the truth can finally come out!!! This proves once and for all what they've been hiding all along. Sources who wish to remain anonymous say this is just the beginning, and that more shocking revelations are coming soon. Do your own research!",News,fake
A VIRAL POST SAY THE GOVERNMENT IS HIDING THE CURE FOR CANCER about A MAJOR SPORTS EVENT!!!,"The mainstream media refuses to report this! A viral post say the government is hiding the cure for cancer related to a major sports event. Nobody is talking about this and that should scare you. The mainstream media is completely silent about this shocking truth. Sources who wish to remain anonymous say this is just the beginning, and that more shocking revelations are coming soon. Do your own research!",News,fake
SCIENTISTS YOU'VE NEVER HEARD OF WARN THAT THE WORLD WILL END NEXT MONTH about A NEW TECHNOLOGY!!!,"They don't want you to see this! Scientists you've never heard of warn that the world will end next month related to a new technology. Thousands of people are waking up to the truth every single day. The mainstream media is completely silent about this shocking truth. Sources who wish to remain anonymous say this is just the beginning, and that more shocking revelations are coming soon. Do your own research!",News,fake
DOCTORS REVEAL THE TRUTH THEY DON'T WANT YOU TO KNOW about THE EDUCATION SYSTEM!!!,"This will shock you! Doctors reveal the truth they don't want you to know related to the education system. Thousands of people are waking up to the truth every single day. Share this NOW so the truth can finally come out!!! Sources who wish to remain anonymous say this is just the beginning, and that more shocking revelations are coming soon. Do your own research!",News,fake
A SECRET GOVERNMENT MEMO INSIST THE MOON LANDING WAS STAGED about THE UPCOMING ELECTION!!!,"Share before it gets deleted! A secret government memo insist the moon landing was staged related to the upcoming election. The mainstream media is completely silent about this shocking truth. This proves once and for all what they've been hiding all along. Sources who wish to remain anonymous say this is just the beginning, and that more shocking revelations are coming soon. Do your own research!",News,fake
CELEBRITIES LEAK PROOF OF A GLOBAL CONSPIRACY about THE ECONOMY!!!,"Share before it gets deleted! Celebrities leak proof of a global conspiracy related to the economy. Forward this to everyone you know before it's too late!!! The mainstream media is completely silent about this shocking truth. Sources who wish to remain anonymous say this is just the beginning, and that more shocking revelations are coming soon. Do your own research!",News,fake
A MYSTERIOUS WHISTLEBLOWER SAY THE VACCINE SECRETLY CONTAINS MICROCHIPS about A NATURAL DISASTER!!!,"You won't believe what happens next! A mysterious whistleblower say the vaccine secretly contains microchips related to a natural disaster. Click here now before this post gets taken down forever. Thousands of people are waking up to the truth every single day. Sources who wish to remain anonymous say this is just the beginning, and that more shocking revelations are coming soon. Do your own research!",News,fake
A POPULAR BLOGGER LEAK PROOF OF A GLOBAL CONSPIRACY about A POLITICAL SCANDAL!!!,"Wake up people, this is huge! A popular blogger leak proof of a global conspiracy related to a political scandal. Thousands of people are waking up to the truth every single day. Forward this to everyone you know before it's too late!!! Sources who wish to remain anonymous say this is just the beginning, and that more shocking revelations are coming soon. Do your own research!",News,fake
CELEBRITIES REVEAL CELEBRITIES ARE ACTUALLY ROBOTS about THE STOCK MARKET!!!,"Share before it gets deleted! Celebrities reveal celebrities are actually robots related to the stock market. Nobody is talking about this and that should scare you. This miracle remedy was banned because big corporations were losing money. Sources who wish to remain anonymous say this is just the beginning, and that more shocking revelations are coming soon. Do your own research!",News,fake
A SHOCKING NEW REPORT SHOW THE SHOCKING SECRET BEHIND THE SCENES about A POLITICAL SCANDAL!!!,"Experts are too afraid to speak up! A shocking new report show the shocking secret behind the scenes related to a political scandal. Click here now before this post gets taken down forever. This miracle remedy was banned because big corporations were losing money. Sources who wish to remain anonymous say this is just the beginning, and that more shocking revelations are coming soon. Do your own research!",News,fake
A LEAKED DOCUMENT REVEAL THE TRUTH THEY DON'T WANT YOU TO KNOW about A GLOBAL PANDEMIC!!!,"They don't want you to see this! A leaked document reveal the truth they don't want you to know related to a global pandemic. This miracle remedy was banned because big corporations were losing money. Nobody is talking about this and that should scare you. Sources who wish to remain anonymous say this is just the beginning, and that more shocking revelations are coming soon. Do your own research!",News,fake
A SHOCKING NEW REPORT REVEAL CELEBRITIES ARE ACTUALLY ROBOTS about A VIRAL HEALTH TREND!!!,"Share before it gets deleted! A shocking new report reveal celebrities are actually robots related to a viral health trend. Nobody is talking about this and that should scare you. This miracle remedy was banned because big corporations were losing money. Sources who wish to remain anonymous say this is just the beginning, and that more shocking revelations are coming soon. Do your own research!",News,fake
A SECRET GOVERNMENT MEMO LEAK PROOF OF A GLOBAL CONSPIRACY about THE HOUSING MARKET!!!,"This will shock you! A secret government memo leak proof of a global conspiracy related to the housing market. Forward this to everyone you know before it's too late!!! The mainstream media is completely silent about this shocking truth. Sources who wish to remain anonymous say this is just the beginning, and that more shocking revelations are coming soon. Do your own research!",News,fake
A SELF-PROCLAIMED EXPERT INSIST THE MOON LANDING WAS STAGED about A NEW TECHNOLOGY!!!,"Experts are too afraid to speak up! A self-proclaimed expert insist the moon landing was staged related to a new technology. The mainstream media is completely silent about this shocking truth. Nobody is talking about this and that should scare you. Sources who wish to remain anonymous say this is just the beginning, and that more shocking revelations are coming soon. Do your own research!",News,fake
A VIRAL POST CLAIM THE ELECTION WAS COMPLETELY RIGGED about THE EDUCATION SYSTEM!!!,"Experts are too afraid to speak up! A viral post claim the election was completely rigged related to the education system. This proves once and for all what they've been hiding all along. The mainstream media is completely silent about this shocking truth. Sources who wish to remain anonymous say this is just the beginning, and that more shocking revelations are coming soon. Do your own research!",News,fake
A MYSTERIOUS WHISTLEBLOWER REVEAL CELEBRITIES ARE ACTUALLY ROBOTS about A NEW TECHNOLOGY!!!,"This will shock you! A mysterious whistleblower reveal celebrities are actually robots related to a new technology. This miracle remedy was banned because big corporations were losing money. The mainstream media is completely silent about this shocking truth. Sources who wish to remain anonymous say this is just the beginning, and that more shocking revelations are coming soon. Do your own research!",News,fake
A VIRAL POST REVEAL CELEBRITIES ARE ACTUALLY ROBOTS about A TECH COMPANY'S NEW PRODUCT!!!,"This will shock you! A viral post reveal celebrities are actually robots related to a tech company's new product. Thousands of people are waking up to the truth every single day. Forward this to everyone you know before it's too late!!! Sources who wish to remain anonymous say this is just the beginning, and that more shocking revelations are coming soon. Do your own research!",News,fake
A MYSTERIOUS WHISTLEBLOWER SAY THE GOVERNMENT IS HIDING THE CURE FOR CANCER about THE NEW VACCINE!!!,"This will shock you! A mysterious whistleblower say the government is hiding the cure for cancer related to the new vaccine. Click here now before this post gets taken down forever. Share this NOW so the truth can finally come out!!! Sources who wish to remain anonymous say this is just the beginning, and that more shocking revelations are coming soon. Do your own research!",News,fake
SOCIAL MEDIA USERS CLAIM THE ELECTION WAS COMPLETELY RIGGED about THE STOCK MARKET!!!,"They don't want you to see this! Social media users claim the election was completely rigged related to the stock market. This proves once and for all what they've been hiding all along. Nobody is talking about this and that should scare you. Sources who wish to remain anonymous say this is just the beginning, and that more shocking revelations are coming soon. Do your own research!",News,fake
A SELF-PROCLAIMED EXPERT SHOW THE SHOCKING SECRET BEHIND THE SCENES about A NEW TECHNOLOGY!!!,"You won't believe what happens next! A self-proclaimed expert show the shocking secret behind the scenes related to a new technology. Nobody is talking about this and that should scare you. Nobody is talking about this and that should scare you. Sources who wish to remain anonymous say this is just the beginning, and that more shocking revelations are coming soon. Do your own research!",News,fake
A LEAKED DOCUMENT INSIST THE MOON LANDING WAS STAGED about A NATURAL DISASTER!!!,"Experts are too afraid to speak up! A leaked document insist the moon landing was staged related to a natural disaster. Share this NOW so the truth can finally come out!!! Forward this to everyone you know before it's too late!!! Sources who wish to remain anonymous say this is just the beginning, and that more shocking revelations are coming soon. Do your own research!",News,fake
SCIENTISTS YOU'VE NEVER HEARD OF REVEAL CELEBRITIES ARE ACTUALLY ROBOTS about THE NEW VACCINE!!!,"This will shock you! Scientists you've never heard of reveal celebrities are actually robots related to the new vaccine. Thousands of people are waking up to the truth every single day. The mainstream media is completely silent about this shocking truth. Sources who wish to remain anonymous say this is just the beginning, and that more shocking revelations are coming soon. Do your own research!",News,fake
A SHOCKING NEW REPORT SAY THE VACCINE SECRETLY CONTAINS MICROCHIPS about THE UPCOMING ELECTION!!!,"Wake up people, this is huge! A shocking new report say the vaccine secretly contains microchips related to the upcoming election. This proves once and for all what they've been hiding all along. The mainstream media is completely silent about this shocking truth. Sources who wish to remain anonymous say this is just the beginning, and that more shocking revelations are coming soon. Do your own research!",News,fake
A SECRET GOVERNMENT MEMO REVEAL CELEBRITIES ARE ACTUALLY ROBOTS about A NEW TECHNOLOGY!!!,"Share before it gets deleted! A secret government memo reveal celebrities are actually robots related to a new technology. Click here now before this post gets taken down forever. This proves once and for all what they've been hiding all along. Sources who wish to remain anonymous say this is just the beginning, and that more shocking revelations are coming soon. Do your own research!",News,fake
AN ANONYMOUS INSIDER SHOW THE SHOCKING SECRET BEHIND THE SCENES about A TECH COMPANY'S NEW PRODUCT!!!,"They don't want you to see this! An anonymous insider show the shocking secret behind the scenes related to a tech company's new product. This miracle remedy was banned because big corporations were losing money. Forward this to everyone you know before it's too late!!! Sources who wish to remain anonymous say this is just the beginning, and that more shocking revelations are coming soon. Do your own research!",News,fake
A SECRET GOVERNMENT MEMO EXPOSE A MASSIVE COVER-UP about A NEW TECHNOLOGY!!!,"Wake up people, this is huge! A secret government memo expose a massive cover-up related to a new technology. Thousands of people are waking up to the truth every single day. Forward this to everyone you know before it's too late!!! Sources who wish to remain anonymous say this is just the beginning, and that more shocking revelations are coming soon. Do your own research!",News,fake
SCIENTISTS YOU'VE NEVER HEARD OF WARN THAT THE WORLD WILL END NEXT MONTH about THE STOCK MARKET!!!,"The mainstream media refuses to report this! Scientists you've never heard of warn that the world will end next month related to the stock market. Share this NOW so the truth can finally come out!!! Thousands of people are waking up to the truth every single day. Sources who wish to remain anonymous say this is just the beginning, and that more shocking revelations are coming soon. Do your own research!",News,fake
AN ANONYMOUS INSIDER INSIST THE MOON LANDING WAS STAGED about A NEW TECHNOLOGY!!!,"You won't believe what happens next! An anonymous insider insist the moon landing was staged related to a new technology. Share this NOW so the truth can finally come out!!! Nobody is talking about this and that should scare you. Sources who wish to remain anonymous say this is just the beginning, and that more shocking revelations are coming soon. Do your own research!",News,fake
A LEAKED DOCUMENT SHOW THE SHOCKING SECRET BEHIND THE SCENES about A POPULAR CELEBRITY!!!,"You won't believe what happens next! A leaked document show the shocking secret behind the scenes related to a popular celebrity. This proves once and for all what they've been hiding all along. This proves once and for all what they've been hiding all along. Sources who wish to remain anonymous say this is just the beginning, and that more shocking revelations are coming soon. Do your own research!",News,fake
A LEAKED DOCUMENT REVEAL CELEBRITIES ARE ACTUALLY ROBOTS about A GLOBAL PANDEMIC!!!,"The mainstream media refuses to report this! A leaked document reveal celebrities are actually robots related to a global pandemic. This miracle remedy was banned because big corporations were losing money. The mainstream media is completely silent about this shocking truth. Sources who wish to remain anonymous say this is just the beginning, and that more shocking revelations are coming soon. Do your own research!",News,fake
CELEBRITIES SAY THE GOVERNMENT IS HIDING THE CURE FOR CANCER about THE HOUSING MARKET!!!,"Experts are too afraid to speak up! Celebrities say the government is hiding the cure for cancer related to the housing market. Click here now before this post gets taken down forever. Share this NOW so the truth can finally come out!!! Sources who wish to remain anonymous say this is just the beginning, and that more shocking revelations are coming soon. Do your own research!",News,fake
AN UNNAMED SOURCE CLOSE TO THE FAMILY CLAIM THIS ONE WEIRD TRICK CURES EVERYTHING about THE UPCOMING ELECTION!!!,"The mainstream media refuses to report this! An unnamed source close to the family claim this one weird trick cures everything related to the upcoming election. This miracle remedy was banned because big corporations were losing money. Click here now before this post gets taken down forever. Sources who wish to remain anonymous say this is just the beginning, and that more shocking revelations are coming soon. Do your own research!",News,fake
AN UNNAMED SOURCE CLOSE TO THE FAMILY CLAIM THIS ONE WEIRD TRICK CURES EVERYTHING about THE HOUSING MARKET!!!,"This will shock you! An unnamed source close to the family claim this one weird trick cures everything related to the housing market. Click here now before this post gets taken down forever. Forward this to everyone you know before it's too late!!! Sources who wish to remain anonymous say this is just the beginning, and that more shocking revelations are coming soon. Do your own research!",News,fake
A MYSTERIOUS WHISTLEBLOWER EXPOSE A MASSIVE COVER-UP about A NATURAL DISASTER!!!,"The mainstream media refuses to report this! A mysterious whistleblower expose a massive cover-up related to a natural disaster. Share this NOW so the truth can finally come out!!! Share this NOW so the truth can finally come out!!! Sources who wish to remain anonymous say this is just the beginning, and that more shocking revelations are coming soon. Do your own research!",News,fake
AN ANONYMOUS INSIDER SAY THE GOVERNMENT IS HIDING THE CURE FOR CANCER about A TECH COMPANY'S NEW PRODUCT!!!,"Share before it gets deleted! An anonymous insider say the government is hiding the cure for cancer related to a tech company's new product. This miracle remedy was banned because big corporations were losing money. The mainstream media is completely silent about this shocking truth. Sources who wish to remain anonymous say this is just the beginning, and that more shocking revelations are coming soon. Do your own research!",News,fake
A SELF-PROCLAIMED EXPERT LEAK PROOF OF A GLOBAL CONSPIRACY about THE UPCOMING ELECTION!!!,"Experts are too afraid to speak up! A self-proclaimed expert leak proof of a global conspiracy related to the upcoming election. Click here now before this post gets taken down forever. This proves once and for all what they've been hiding all along. Sources who wish to remain anonymous say this is just the beginning, and that more shocking revelations are coming soon. Do your own research!",News,fake
DOCTORS EXPOSE A MASSIVE COVER-UP about A MAJOR SPORTS EVENT!!!,"Experts are too afraid to speak up! Doctors expose a massive cover-up related to a major sports event. Share this NOW so the truth can finally come out!!! Thousands of people are waking up to the truth every single day. Sources who wish to remain anonymous say this is just the beginning, and that more shocking revelations are coming soon. Do your own research!",News,fake
A VIRAL POST CLAIM THE ELECTION WAS COMPLETELY RIGGED about A NEW TECHNOLOGY!!!,"They don't want you to see this! A viral post claim the election was completely rigged related to a new technology. The mainstream media is completely silent about this shocking truth. This proves once and for all what they've been hiding all along. Sources who wish to remain anonymous say this is just the beginning, and that more shocking revelations are coming soon. Do your own research!",News,fake
A MYSTERIOUS WHISTLEBLOWER SAY THE GOVERNMENT IS HIDING THE CURE FOR CANCER about THE STOCK MARKET!!!,"You won't believe what happens next! A mysterious whistleblower say the government is hiding the cure for cancer related to the stock market. Click here now before this post gets taken down forever. This proves once and for all what they've been hiding all along. Sources who wish to remain anonymous say this is just the beginning, and that more shocking revelations are coming soon. Do your own research!",News,fake
CELEBRITIES REVEAL CELEBRITIES ARE ACTUALLY ROBOTS about A MAJOR SPORTS EVENT!!!,"Wake up people, this is huge! Celebrities reveal celebrities are actually robots related to a major sports event. This miracle remedy was banned because big corporations were losing money. Share this NOW so the truth can finally come out!!! Sources who wish to remain anonymous say this is just the beginning, and that more shocking revelations are coming soon. Do your own research!",News,fake
A SELF-PROCLAIMED EXPERT SAY THE VACCINE SECRETLY CONTAINS MICROCHIPS about A TECH COMPANY'S NEW PRODUCT!!!,"They don't want you to see this! A self-proclaimed expert say the vaccine secretly contains microchips related to a tech company's new product. Click here now before this post gets taken down forever. Thousands of people are waking up to the truth every single day. Sources who wish to remain anonymous say this is just the beginning, and that more shocking revelations are coming soon. Do your own research!",News,fake
SCIENTISTS YOU'VE NEVER HEARD OF EXPOSE A MASSIVE COVER-UP about THE HOUSING MARKET!!!,"Experts are too afraid to speak up! Scientists you've never heard of expose a massive cover-up related to the housing market. This proves once and for all what they've been hiding all along. Click here now before this post gets taken down forever. Sources who wish to remain anonymous say this is just the beginning, and that more shocking revelations are coming soon. Do your own research!",News,fake
A MYSTERIOUS WHISTLEBLOWER INSIST THE MOON LANDING WAS STAGED about THE UPCOMING ELECTION!!!,"They don't want you to see this! A mysterious whistleblower insist the moon landing was staged related to the upcoming election. Nobody is talking about this and that should scare you. Nobody is talking about this and that should scare you. Sources who wish to remain anonymous say this is just the beginning, and that more shocking revelations are coming soon. Do your own research!",News,fake
SOCIAL MEDIA USERS INSIST THE MOON LANDING WAS STAGED about A NATURAL DISASTER!!!,"They don't want you to see this! Social media users insist the moon landing was staged related to a natural disaster. Thousands of people are waking up to the truth every single day. Thousands of people are waking up to the truth every single day. Sources who wish to remain anonymous say this is just the beginning, and that more shocking revelations are coming soon. Do your own research!",News,fake
A VIRAL POST LEAK PROOF OF A GLOBAL CONSPIRACY about THE EDUCATION SYSTEM!!!,"Wake up people, this is huge! A viral post leak proof of a global conspiracy related to the education system. Click here now before this post gets taken down forever. Share this NOW so the truth can finally come out!!! Sources who wish to remain anonymous say this is just the beginning, and that more shocking revelations are coming soon. Do your own research!",News,fake
A SECRET GOVERNMENT MEMO LEAK PROOF OF A GLOBAL CONSPIRACY about THE ECONOMY!!!,"This has been hidden from the public for years! A secret government memo leak proof of a global conspiracy related to the economy. The mainstream media is completely silent about this shocking truth. Thousands of people are waking up to the truth every single day. Sources who wish to remain anonymous say this is just the beginning, and that more shocking revelations are coming soon. Do your own research!",News,fake
A VIRAL POST SAY THE VACCINE SECRETLY CONTAINS MICROCHIPS about A MAJOR SPORTS EVENT!!!,"You won't believe what happens next! A viral post say the vaccine secretly contains microchips related to a major sports event. Share this NOW so the truth can finally come out!!! The mainstream media is completely silent about this shocking truth. Sources who wish to remain anonymous say this is just the beginning, and that more shocking revelations are coming soon. Do your own research!",News,fake
AN ANONYMOUS INSIDER REVEAL THE TRUTH THEY DON'T WANT YOU TO KNOW about A POLITICAL SCANDAL!!!,"Experts are too afraid to speak up! An anonymous insider reveal the truth they don't want you to know related to a political scandal. Forward this to everyone you know before it's too late!!! Forward this to everyone you know before it's too late!!! Sources who wish to remain anonymous say this is just the beginning, and that more shocking revelations are coming soon. Do your own research!",News,fake
A MYSTERIOUS WHISTLEBLOWER REVEAL THE TRUTH THEY DON'T WANT YOU TO KNOW about THE UPCOMING ELECTION!!!,"This has been hidden from the public for years! A mysterious whistleblower reveal the truth they don't want you to know related to the upcoming election. Forward this to everyone you know before it's too late!!! Forward this to everyone you know before it's too late!!! Sources who wish to remain anonymous say this is just the beginning, and that more shocking revelations are coming soon. Do your own research!",News,fake
A LEAKED DOCUMENT EXPOSE A MASSIVE COVER-UP about THE UPCOMING ELECTION!!!,"The mainstream media refuses to report this! A leaked document expose a massive cover-up related to the upcoming election. Click here now before this post gets taken down forever. Nobody is talking about this and that should scare you. Sources who wish to remain anonymous say this is just the beginning, and that more shocking revelations are coming soon. Do your own research!",News,fake
AN ANONYMOUS INSIDER LEAK PROOF OF A GLOBAL CONSPIRACY about THE HOUSING MARKET!!!,"The mainstream media refuses to report this! An anonymous insider leak proof of a global conspiracy related to the housing market. Forward this to everyone you know before it's too late!!! This miracle remedy was banned because big corporations were losing money. Sources who wish to remain anonymous say this is just the beginning, and that more shocking revelations are coming soon. Do your own research!",News,fake
A SECRET GOVERNMENT MEMO EXPOSE A MASSIVE COVER-UP about THE UPCOMING ELECTION!!!,"This has been hidden from the public for years! A secret government memo expose a massive cover-up related to the upcoming election. Thousands of people are waking up to the truth every single day. Share this NOW so the truth can finally come out!!! Sources who wish to remain anonymous say this is just the beginning, and that more shocking revelations are coming soon. Do your own research!",News,fake
A SECRET GOVERNMENT MEMO CLAIM THIS ONE WEIRD TRICK CURES EVERYTHING about A NATURAL DISASTER!!!,"The mainstream media refuses to report this! A secret government memo claim this one weird trick cures everything related to a natural disaster. Click here now before this post gets taken down forever. This proves once and for all what they've been hiding all along. Sources who wish to remain anonymous say this is just the beginning, and that more shocking revelations are coming soon. Do your own research!",News,fake
A SECRET GOVERNMENT MEMO REVEAL THE TRUTH THEY DON'T WANT YOU TO KNOW about THE EDUCATION SYSTEM!!!,"This has been hidden from the public for years! A secret government memo reveal the truth they don't want you to know related to the education system. Share this NOW so the truth can finally come out!!! Share this NOW so the truth can finally come out!!! Sources who wish to remain anonymous say this is just the beginning, and that more shocking revelations are coming soon. Do your own research!",News,fake
AN UNNAMED SOURCE CLOSE TO THE FAMILY SAY THE VACCINE SECRETLY CONTAINS MICROCHIPS about A GLOBAL PANDEMIC!!!,"The mainstream media refuses to report this! An unnamed source close to the family say the vaccine secretly contains microchips related to a global pandemic. Share this NOW so the truth can finally come out!!! This proves once and for all what they've been hiding all along. Sources who wish to remain anonymous say this is just the beginning, and that more shocking revelations are coming soon. Do your own research!",News,fake
AN UNNAMED SOURCE CLOSE TO THE FAMILY CLAIM THE ELECTION WAS COMPLETELY RIGGED about A TECH COMPANY'S NEW PRODUCT!!!,"This has been hidden from the public for years! An unnamed source close to the family claim the election was completely rigged related to a tech company's new product. Share this NOW so the truth can finally come out!!! Thousands of people are waking up to the truth every single day. Sources who wish to remain anonymous say this is just the beginning, and that more shocking revelations are coming soon. Do your own research!",News,fake
A MYSTERIOUS WHISTLEBLOWER LEAK PROOF OF A GLOBAL CONSPIRACY about THE UPCOMING ELECTION!!!,"The mainstream media refuses to report this! A mysterious whistleblower leak proof of a global conspiracy related to the upcoming election. Nobody is talking about this and that should scare you. Nobody is talking about this and that should scare you. Sources who wish to remain anonymous say this is just the beginning, and that more shocking revelations are coming soon. Do your own research!",News,fake
A LEAKED DOCUMENT CLAIM THE ELECTION WAS COMPLETELY RIGGED about THE ECONOMY!!!,"Wake up people, this is huge! A leaked document claim the election was completely rigged related to the economy. Thousands of people are waking up to the truth every single day. The mainstream media is completely silent about this shocking truth. Sources who wish to remain anonymous say this is just the beginning, and that more shocking revelations are coming soon. Do your own research!",News,fake
A LEAKED DOCUMENT CLAIM THIS ONE WEIRD TRICK CURES EVERYTHING about A MAJOR SPORTS EVENT!!!,"Wake up people, this is huge! A leaked document claim this one weird trick cures everything related to a major sports event. Share this NOW so the truth can finally come out!!! This proves once and for all what they've been hiding all along. Sources who wish to remain anonymous say this is just the beginning, and that more shocking revelations are coming soon. Do your own research!",News,fake
A SHOCKING NEW REPORT SAY THE VACCINE SECRETLY CONTAINS MICROCHIPS about CLIMATE CHANGE!!!,"Wake up people, this is huge! A shocking new report say the vaccine secretly contains microchips related to climate change. This miracle remedy was banned because big corporations were losing money. Thousands of people are waking up to the truth every single day. Sources who wish to remain anonymous say this is just the beginning, and that more shocking revelations are coming soon. Do your own research!",News,fake
A SHOCKING NEW REPORT CLAIM THIS ONE WEIRD TRICK CURES EVERYTHING about THE NEW VACCINE!!!,"The mainstream media refuses to report this! A shocking new report claim this one weird trick cures everything related to the new vaccine. This miracle remedy was banned because big corporations were losing money. The mainstream media is completely silent about this shocking truth. Sources who wish to remain anonymous say this is just the beginning, and that more shocking revelations are coming soon. Do your own research!",News,fake
CELEBRITIES WARN THAT THE WORLD WILL END NEXT MONTH about CLIMATE CHANGE!!!,"They don't want you to see this! Celebrities warn that the world will end next month related to climate change. This proves once and for all what they've been hiding all along. Click here now before this post gets taken down forever. Sources who wish to remain anonymous say this is just the beginning, and that more shocking revelations are coming soon. Do your own research!",News,fake
AN UNNAMED SOURCE CLOSE TO THE FAMILY REVEAL THE TRUTH THEY DON'T WANT YOU TO KNOW about A TECH COMPANY'S NEW PRODUCT!!!,"The mainstream media refuses to report this! An unnamed source close to the family reveal the truth they don't want you to know related to a tech company's new product. The mainstream media is completely silent about this shocking truth. Forward this to everyone you know before it's too late!!! Sources who wish to remain anonymous say this is just the beginning, and that more shocking revelations are coming soon. Do your own research!",News,fake
AN ANONYMOUS INSIDER EXPOSE A MASSIVE COVER-UP about A POLITICAL SCANDAL!!!,"You won't believe what happens next! An anonymous insider expose a massive cover-up related to a political scandal. Thousands of people are waking up to the truth every single day. The mainstream media is completely silent about this shocking truth. Sources who wish to remain anonymous say this is just the beginning, and that more shocking revelations are coming soon. Do your own research!",News,fake
A MYSTERIOUS WHISTLEBLOWER SHOW THE SHOCKING SECRET BEHIND THE SCENES about THE EDUCATION SYSTEM!!!,"Experts are too afraid to speak up! A mysterious whistleblower show the shocking secret behind the scenes related to the education system. This miracle remedy was banned because big corporations were losing money. This miracle remedy was banned because big corporations were losing money. Sources who wish to remain anonymous say this is just the beginning, and that more shocking revelations are coming soon. Do your own research!",News,fake
AN ANONYMOUS INSIDER SAY THE VACCINE SECRETLY CONTAINS MICROCHIPS about THE HOUSING MARKET!!!,"You won't believe what happens next! An anonymous insider say the vaccine secretly contains microchips related to the housing market. Forward this to everyone you know before it's too late!!! This proves once and for all what they've been hiding all along. Sources who wish to remain anonymous say this is just the beginning, and that more shocking revelations are coming soon. Do your own research!",News,fake
A VIRAL POST CLAIM THE ELECTION WAS COMPLETELY RIGGED about A VIRAL HEALTH TREND!!!,"Experts are too afraid to speak up! A viral post claim the election was completely rigged related to a viral health trend. Click here now before this post gets taken down forever. Share this NOW so the truth can finally come out!!! Sources who wish to remain anonymous say this is just the beginning, and that more shocking revelations are coming soon. Do your own research!",News,fake
AN ANONYMOUS INSIDER SAY THE GOVERNMENT IS HIDING THE CURE FOR CANCER about THE NEW VACCINE!!!,"You won't believe what happens next! An anonymous insider say the government is hiding the cure for cancer related to the new vaccine. This proves once and for all what they've been hiding all along. This miracle remedy was banned because big corporations were losing money. Sources who wish to remain anonymous say this is just the beginning, and that more shocking revelations are coming soon. Do your own research!",News,fake
AN UNNAMED SOURCE CLOSE TO THE FAMILY REVEAL CELEBRITIES ARE ACTUALLY ROBOTS about A GLOBAL PANDEMIC!!!,"This has been hidden from the public for years! An unnamed source close to the family reveal celebrities are actually robots related to a global pandemic. Share this NOW so the truth can finally come out!!! Nobody is talking about this and that should scare you. Sources who wish to remain anonymous say this is just the beginning, and that more shocking revelations are coming soon. Do your own research!",News,fake
AN ANONYMOUS INSIDER REVEAL CELEBRITIES ARE ACTUALLY ROBOTS about CLIMATE CHANGE!!!,"Wake up people, this is huge! An anonymous insider reveal celebrities are actually robots related to climate change. Forward this to everyone you know before it's too late!!! Thousands of people are waking up to the truth every single day. Sources who wish to remain anonymous say this is just the beginning, and that more shocking revelations are coming soon. Do your own research!",News,fake
A POPULAR BLOGGER LEAK PROOF OF A GLOBAL CONSPIRACY about A MAJOR SPORTS EVENT!!!,"This has been hidden from the public for years! A popular blogger leak proof of a global conspiracy related to a major sports event. Click here now before this post gets taken down forever. Nobody is talking about this and that should scare you. Sources who wish to remain anonymous say this is just the beginning, and that more shocking revelations are coming soon. Do your own research!",News,fake
A LEAKED DOCUMENT SAY THE GOVERNMENT IS HIDING THE CURE FOR CANCER about A NEW TECHNOLOGY!!!,"Share before it gets deleted! A leaked document say the government is hiding the cure for cancer related to a new technology. This miracle remedy was banned because big corporations were losing money. Click here now before this post gets taken down forever. Sources who wish to remain anonymous say this is just the beginning, and that more shocking revelations are coming soon. Do your own research!",News,fake
SCIENTISTS YOU'VE NEVER HEARD OF SHOW THE SHOCKING SECRET BEHIND THE SCENES about A NEW TECHNOLOGY!!!,"This has been hidden from the public for years! Scientists you've never heard of show the shocking secret behind the scenes related to a new technology. Share this NOW so the truth can finally come out!!! Nobody is talking about this and that should scare you. Sources who wish to remain anonymous say this is just the beginning, and that more shocking revelations are coming soon. Do your own research!",News,fake
A VIRAL POST WARN THAT THE WORLD WILL END NEXT MONTH about A POPULAR CELEBRITY!!!,"This will shock you! A viral post warn that the world will end next month related to a popular celebrity. Nobody is talking about this and that should scare you. Forward this to everyone you know before it's too late!!! Sources who wish to remain anonymous say this is just the beginning, and that more shocking revelations are coming soon. Do your own research!",News,fake
A POPULAR BLOGGER SAY THE VACCINE SECRETLY CONTAINS MICROCHIPS about A TECH COMPANY'S NEW PRODUCT!!!,"Experts are too afraid to speak up! A popular blogger say the vaccine secretly contains microchips related to a tech company's new product. Share this NOW so the truth can finally come out!!! Forward this to everyone you know before it's too late!!! Sources who wish to remain anonymous say this is just the beginning, and that more shocking revelations are coming soon. Do your own research!",News,fake
SCIENTISTS YOU'VE NEVER HEARD OF REVEAL CELEBRITIES ARE ACTUALLY ROBOTS about THE ECONOMY!!!,"Share before it gets deleted! Scientists you've never heard of reveal celebrities are actually robots related to the economy. The mainstream media is completely silent about this shocking truth. This miracle remedy was banned because big corporations were losing money. Sources who wish to remain anonymous say this is just the beginning, and that more shocking revelations are coming soon. Do your own research!",News,fake
A SELF-PROCLAIMED EXPERT REVEAL CELEBRITIES ARE ACTUALLY ROBOTS about THE ECONOMY!!!,"Experts are too afraid to speak up! A self-proclaimed expert reveal celebrities are actually robots related to the economy. Share this NOW so the truth can finally come out!!! This proves once and for all what they've been hiding all along. Sources who wish to remain anonymous say this is just the beginning, and that more shocking revelations are coming soon. Do your own research!",News,fake
A SHOCKING NEW REPORT CLAIM THIS ONE WEIRD TRICK CURES EVERYTHING about A GLOBAL PANDEMIC!!!,"This will shock you! A shocking new report claim this one weird trick cures everything related to a global pandemic. Share this NOW so the truth can finally come out!!! Share this NOW so the truth can finally come out!!! Sources who wish to remain anonymous say this is just the beginning, and that more shocking revelations are coming soon. Do your own research!",News,fake
A LEAKED DOCUMENT CONFIRM ALIENS ARE HIDING AMONG US about THE EDUCATION SYSTEM!!!,"Wake up people, this is huge! A leaked document confirm aliens are hiding among us related to the education system. Click here now before this post gets taken down forever. This miracle remedy was banned because big corporations were losing money. Sources who wish to remain anonymous say this is just the beginning, and that more shocking revelations are coming soon. Do your own research!",News,fake
A LEAKED DOCUMENT EXPOSE A MASSIVE COVER-UP about THE ECONOMY!!!,"You won't believe what happens next! A leaked document expose a massive cover-up related to the economy. Click here now before this post gets taken down forever. Forward this to everyone you know before it's too late!!! Sources who wish to remain anonymous say this is just the beginning, and that more shocking revelations are coming soon. Do your own research!",News,fake
A MYSTERIOUS WHISTLEBLOWER WARN THAT THE WORLD WILL END NEXT MONTH about THE HOUSING MARKET!!!,"This has been hidden from the public for years! A mysterious whistleblower warn that the world will end next month related to the housing market. Click here now before this post gets taken down forever. Thousands of people are waking up to the truth every single day. Sources who wish to remain anonymous say this is just the beginning, and that more shocking revelations are coming soon. Do your own research!",News,fake
SOCIAL MEDIA USERS SHOW THE SHOCKING SECRET BEHIND THE SCENES about THE UPCOMING ELECTION!!!,"This will shock you! Social media users show the shocking secret behind the scenes related to the upcoming election. Share this NOW so the truth can finally come out!!! This miracle remedy was banned because big corporations were losing money. Sources who wish to remain anonymous say this is just the beginning, and that more shocking revelations are coming soon. Do your own research!",News,fake
A MYSTERIOUS WHISTLEBLOWER CONFIRM ALIENS ARE HIDING AMONG US about A TECH COMPANY'S NEW PRODUCT!!!,"Experts are too afraid to speak up! A mysterious whistleblower confirm aliens are hiding among us related to a tech company's new product. Share this NOW so the truth can finally come out!!! Click here now before this post gets taken down forever. Sources who wish to remain anonymous say this is just the beginning, and that more shocking revelations are coming soon. Do your own research!",News,fake
A SELF-PROCLAIMED EXPERT SAY THE GOVERNMENT IS HIDING THE CURE FOR CANCER about A POLITICAL SCANDAL!!!,"They don't want you to see this! A self-proclaimed expert say the government is hiding the cure for cancer related to a political scandal. Thousands of people are waking up to the truth every single day. Thousands of people are waking up to the truth every single day. Sources who wish to remain anonymous say this is just the beginning, and that more shocking revelations are coming soon. Do your own research!",News,fake
AN UNNAMED SOURCE CLOSE TO THE FAMILY SAY THE VACCINE SECRETLY CONTAINS MICROCHIPS about THE EDUCATION SYSTEM!!!,"Wake up people, this is huge! An unnamed source close to the family say the vaccine secretly contains microchips related to the education system. This proves once and for all what they've been hiding all along. Forward this to everyone you know before it's too late!!! Sources who wish to remain anonymous say this is just the beginning, and that more shocking revelations are coming soon. Do your own research!",News,fake
A MYSTERIOUS WHISTLEBLOWER EXPOSE A MASSIVE COVER-UP about A NEW TECHNOLOGY!!!,"The mainstream media refuses to report this! A mysterious whistleblower expose a massive cover-up related to a new technology. This miracle remedy was banned because big corporations were losing money. The mainstream media is completely silent about this shocking truth. Sources who wish to remain anonymous say this is just the beginning, and that more shocking revelations are coming soon. Do your own research!",News,fake
A POPULAR BLOGGER CONFIRM ALIENS ARE HIDING AMONG US about THE NEW VACCINE!!!,"They don't want you to see this! A popular blogger confirm aliens are hiding among us related to the new vaccine. Thousands of people are waking up to the truth every single day. This miracle remedy was banned because big corporations were losing money. Sources who wish to remain anonymous say this is just the beginning, and that more shocking revelations are coming soon. Do your own research!",News,fake
A LEAKED DOCUMENT LEAK PROOF OF A GLOBAL CONSPIRACY about CLIMATE CHANGE!!!,"This has been hidden from the public for years! A leaked document leak proof of a global conspiracy related to climate change. This proves once and for all what they've been hiding all along. Share this NOW so the truth can finally come out!!! Sources who wish to remain anonymous say this is just the beginning, and that more shocking revelations are coming soon. Do your own research!",News,fake
CELEBRITIES SHOW THE SHOCKING SECRET BEHIND THE SCENES about A VIRAL HEALTH TREND!!!,"This has been hidden from the public for years! Celebrities show the shocking secret behind the scenes related to a viral health trend. Thousands of people are waking up to the truth every single day. This proves once and for all what they've been hiding all along. Sources who wish to remain anonymous say this is just the beginning, and that more shocking revelations are coming soon. Do your own research!",News,fake
AN ANONYMOUS INSIDER CLAIM THE ELECTION WAS COMPLETELY RIGGED about A VIRAL HEALTH TREND!!!,"Experts are too afraid to speak up! An anonymous insider claim the election was completely rigged related to a viral health trend. This proves once and for all what they've been hiding all along. The mainstream media is completely silent about this shocking truth. Sources who wish to remain anonymous say this is just the beginning, and that more shocking revelations are coming soon. Do your own research!",News,fake
AN UNNAMED SOURCE CLOSE TO THE FAMILY LEAK PROOF OF A GLOBAL CONSPIRACY about A GLOBAL PANDEMIC!!!,"Wake up people, this is huge! An unnamed source close to the family leak proof of a global conspiracy related to a global pandemic. The mainstream media is completely silent about this shocking truth. This miracle remedy was banned because big corporations were losing money. Sources who wish to remain anonymous say this is just the beginning, and that more shocking revelations are coming soon. Do your own research!",News,fake
SCIENTISTS YOU'VE NEVER HEARD OF CONFIRM ALIENS ARE HIDING AMONG US about A NATURAL DISASTER!!!,"Experts are too afraid to speak up! Scientists you've never heard of confirm aliens are hiding among us related to a natural disaster. The mainstream media is completely silent about this shocking truth. Forward this to everyone you know before it's too late!!! Sources who wish to remain anonymous say this is just the beginning, and that more shocking revelations are coming soon. Do your own research!",News,fake
DOCTORS CLAIM THE ELECTION WAS COMPLETELY RIGGED about A TECH COMPANY'S NEW PRODUCT!!!,"You won't believe what happens next! Doctors claim the election was completely rigged related to a tech company's new product. Thousands of people are waking up to the truth every single day. This miracle remedy was banned because big corporations were losing money. Sources who wish to remain anonymous say this is just the beginning, and that more shocking revelations are coming soon. Do your own research!",News,fake
A POPULAR BLOGGER REVEAL CELEBRITIES ARE ACTUALLY ROBOTS about A TECH COMPANY'S NEW PRODUCT!!!,"This will shock you! A popular blogger reveal celebrities are actually robots related to a tech company's new product. Click here now before this post gets taken down forever. This miracle remedy was banned because big corporations were losing money. Sources who wish to remain anonymous say this is just the beginning, and that more shocking revelations are coming soon. Do your own research!",News,fake
A POPULAR BLOGGER EXPOSE A MASSIVE COVER-UP about THE ECONOMY!!!,"They don't want you to see this! A popular blogger expose a massive cover-up related to the economy. This proves once and for all what they've been hiding all along. Nobody is talking about this and that should scare you. Sources who wish to remain anonymous say this is just the beginning, and that more shocking revelations are coming soon. Do your own research!",News,fake
AN UNNAMED SOURCE CLOSE TO THE FAMILY SAY THE VACCINE SECRETLY CONTAINS MICROCHIPS about A NATURAL DISASTER!!!,"They don't want you to see this! An unnamed source close to the family say the vaccine secretly contains microchips related to a natural disaster. This proves once and for all what they've been hiding all along. This proves once and for all what they've been hiding all along. Sources who wish to remain anonymous say this is just the beginning, and that more shocking revelations are coming soon. Do your own research!",News,fake
A VIRAL POST SHOW THE SHOCKING SECRET BEHIND THE SCENES about THE EDUCATION SYSTEM!!!,"Share before it gets deleted! A viral post show the shocking secret behind the scenes related to the education system. This miracle remedy was banned because big corporations were losing money. Forward this to everyone you know before it's too late!!! Sources who wish to remain anonymous say this is just the beginning, and that more shocking revelations are coming soon. Do your own research!",News,fake
AN ANONYMOUS INSIDER WARN THAT THE WORLD WILL END NEXT MONTH about A POPULAR CELEBRITY!!!,"This will shock you! An anonymous insider warn that the world will end next month related to a popular celebrity. Nobody is talking about this and that should scare you. Nobody is talking about this and that should scare you. Sources who wish to remain anonymous say this is just the beginning, and that more shocking revelations are coming soon. Do your own research!",News,fake
A SELF-PROCLAIMED EXPERT SAY THE GOVERNMENT IS HIDING THE CURE FOR CANCER about A GLOBAL PANDEMIC!!!,"They don't want you to see this! A self-proclaimed expert say the government is hiding the cure for cancer related to a global pandemic. Thousands of people are waking up to the truth every single day. Share this NOW so the truth can finally come out!!! Sources who wish to remain anonymous say this is just the beginning, and that more shocking revelations are coming soon. Do your own research!",News,fake
A SHOCKING NEW REPORT REVEAL THE TRUTH THEY DON'T WANT YOU TO KNOW about THE ECONOMY!!!,"You won't believe what happens next! A shocking new report reveal the truth they don't want you to know related to the economy. Click here now before this post gets taken down forever. This proves once and for all what they've been hiding all along. Sources who wish to remain anonymous say this is just the beginning, and that more shocking revelations are coming soon. Do your own research!",News,fake
CELEBRITIES WARN THAT THE WORLD WILL END NEXT MONTH about THE EDUCATION SYSTEM!!!,"Experts are too afraid to speak up! Celebrities warn that the world will end next month related to the education system. This proves once and for all what they've been hiding all along. Nobody is talking about this and that should scare you. Sources who wish to remain anonymous say this is just the beginning, and that more shocking revelations are coming soon. Do your own research!",News,fake
A LEAKED DOCUMENT REVEAL THE TRUTH THEY DON'T WANT YOU TO KNOW about A GLOBAL PANDEMIC!!!,"Wake up people, this is huge! A leaked document reveal the truth they don't want you to know related to a global pandemic. Nobody is talking about this and that should scare you. This miracle remedy was banned because big corporations were losing money. Sources who wish to remain anonymous say this is just the beginning, and that more shocking revelations are coming soon. Do your own research!",News,fake
A VIRAL POST INSIST THE MOON LANDING WAS STAGED about A MAJOR SPORTS EVENT!!!,"Share before it gets deleted! A viral post insist the moon landing was staged related to a major sports event. Forward this to everyone you know before it's too late!!! Forward this to everyone you know before it's too late!!! Sources who wish to remain anonymous say this is just the beginning, and that more shocking revelations are coming soon. Do your own research!",News,fake
DOCTORS REVEAL THE TRUTH THEY DON'T WANT YOU TO KNOW about A POLITICAL SCANDAL!!!,"Wake up people, this is huge! Doctors reveal the truth they don't want you to know related to a political scandal. Thousands of people are waking up to the truth every single day. Thousands of people are waking up to the truth every single day. Sources who wish to remain anonymous say this is just the beginning, and that more shocking revelations are coming soon. Do your own research!",News,fake
A LEAKED DOCUMENT INSIST THE MOON LANDING WAS STAGED about A NEW TECHNOLOGY!!!,"You won't believe what happens next! A leaked document insist the moon landing was staged related to a new technology. Click here now before this post gets taken down forever. Share this NOW so the truth can finally come out!!! Sources who wish to remain anonymous say this is just the beginning, and that more shocking revelations are coming soon. Do your own research!",News,fake
CELEBRITIES LEAK PROOF OF A GLOBAL CONSPIRACY about A GLOBAL PANDEMIC!!!,"Wake up people, this is huge! Celebrities leak proof of a global conspiracy related to a global pandemic. Thousands of people are waking up to the truth every single day. Nobody is talking about this and that should scare you. Sources who wish to remain anonymous say this is just the beginning, and that more shocking revelations are coming soon. Do your own research!",News,fake
A SELF-PROCLAIMED EXPERT CLAIM THIS ONE WEIRD TRICK CURES EVERYTHING about A NATURAL DISASTER!!!,"The mainstream media refuses to report this! A self-proclaimed expert claim this one weird trick cures everything related to a natural disaster. Click here now before this post gets taken down forever. This proves once and for all what they've been hiding all along. Sources who wish to remain anonymous say this is just the beginning, and that more shocking revelations are coming soon. Do your own research!",News,fake
A VIRAL POST LEAK PROOF OF A GLOBAL CONSPIRACY about A MAJOR SPORTS EVENT!!!,"You won't believe what happens next! A viral post leak proof of a global conspiracy related to a major sports event. Forward this to everyone you know before it's too late!!! The mainstream media is completely silent about this shocking truth. Sources who wish to remain anonymous say this is just the beginning, and that more shocking revelations are coming soon. Do your own research!",News,fake
AN UNNAMED SOURCE CLOSE TO THE FAMILY INSIST THE MOON LANDING WAS STAGED about A POLITICAL SCANDAL!!!,"They don't want you to see this! An unnamed source close to the family insist the moon landing was staged related to a political scandal. Forward this to everyone you know before it's too late!!! Share this NOW so the truth can finally come out!!! Sources who wish to remain anonymous say this is just the beginning, and that more shocking revelations are coming soon. Do your own research!",News,fake
A LEAKED DOCUMENT REVEAL CELEBRITIES ARE ACTUALLY ROBOTS about CLIMATE CHANGE!!!,"Experts are too afraid to speak up! A leaked document reveal celebrities are actually robots related to climate change. Thousands of people are waking up to the truth every single day. Forward this to everyone you know before it's too late!!! Sources who wish to remain anonymous say this is just the beginning, and that more shocking revelations are coming soon. Do your own research!",News,fake
DOCTORS REVEAL THE TRUTH THEY DON'T WANT YOU TO KNOW about A GLOBAL PANDEMIC!!!,"Share before it gets deleted! Doctors reveal the truth they don't want you to know related to a global pandemic. Click here now before this post gets taken down forever. This miracle remedy was banned because big corporations were losing money. Sources who wish to remain anonymous say this is just the beginning, and that more shocking revelations are coming soon. Do your own research!",News,fake
A VIRAL POST INSIST THE MOON LANDING WAS STAGED about THE STOCK MARKET!!!,"Share before it gets deleted! A viral post insist the moon landing was staged related to the stock market. The mainstream media is completely silent about this shocking truth. Click here now before this post gets taken down forever. Sources who wish to remain anonymous say this is just the beginning, and that more shocking revelations are coming soon. Do your own research!",News,fake
DOCTORS EXPOSE A MASSIVE COVER-UP about A POLITICAL SCANDAL!!!,"This will shock you! Doctors expose a massive cover-up related to a political scandal. Click here now before this post gets taken down forever. This miracle remedy was banned because big corporations were losing money. Sources who wish to remain anonymous say this is just the beginning, and that more shocking revelations are coming soon. Do your own research!",News,fake
AN UNNAMED SOURCE CLOSE TO THE FAMILY REVEAL THE TRUTH THEY DON'T WANT YOU TO KNOW about A NATURAL DISASTER!!!,"Wake up people, this is huge! An unnamed source close to the family reveal the truth they don't want you to know related to a natural disaster. Click here now before this post gets taken down forever. The mainstream media is completely silent about this shocking truth. Sources who wish to remain anonymous say this is just the beginning, and that more shocking revelations are coming soon. Do your own research!",News,fake
A MYSTERIOUS WHISTLEBLOWER EXPOSE A MASSIVE COVER-UP about THE EDUCATION SYSTEM!!!,"They don't want you to see this! A mysterious whistleblower expose a massive cover-up related to the education system. Forward this to everyone you know before it's too late!!! The mainstream media is completely silent about this shocking truth. Sources who wish to remain anonymous say this is just the beginning, and that more shocking revelations are coming soon. Do your own research!",News,fake
CELEBRITIES SAY THE GOVERNMENT IS HIDING THE CURE FOR CANCER about THE ECONOMY!!!,"Experts are too afraid to speak up! Celebrities say the government is hiding the cure for cancer related to the economy. Nobody is talking about this and that should scare you. This proves once and for all what they've been hiding all along. Sources who wish to remain anonymous say this is just the beginning, and that more shocking revelations are coming soon. Do your own research!",News,fake
AN ANONYMOUS INSIDER EXPOSE A MASSIVE COVER-UP about A POLITICAL SCANDAL!!!,"Wake up people, this is huge! An anonymous insider expose a massive cover-up related to a political scandal. The mainstream media is completely silent about this shocking truth. Thousands of people are waking up to the truth every single day. Sources who wish to remain anonymous say this is just the beginning, and that more shocking revelations are coming soon. Do your own research!",News,fake
A SHOCKING NEW REPORT SAY THE GOVERNMENT IS HIDING THE CURE FOR CANCER about THE UPCOMING ELECTION!!!,"Experts are too afraid to speak up! A shocking new report say the government is hiding the cure for cancer related to the upcoming election. Forward this to everyone you know before it's too late!!! Forward this to everyone you know before it's too late!!! Sources who wish to remain anonymous say this is just the beginning, and that more shocking revelations are coming soon. Do your own research!",News,fake
A SELF-PROCLAIMED EXPERT CONFIRM ALIENS ARE HIDING AMONG US about A MAJOR SPORTS EVENT!!!,"Experts are too afraid to speak up! A self-proclaimed expert confirm aliens are hiding among us related to a major sports event. Forward this to everyone you know before it's too late!!! Nobody is talking about this and that should scare you. Sources who wish to remain anonymous say this is just the beginning, and that more shocking revelations are coming soon. Do your own research!",News,fake
