title,text,subject,label
The state government released its quarterly report regarding the education system,"According to officials, the state government released its quarterly report concerning the education system earlier today. The announcement comes after a series of consultations with industry leaders. Stakeholders welcomed the move, citing its long-term benefits. Officials noted that the process will continue to be monitored closely over the coming weeks, with further updates expected to follow standard procedure. The matter has been documented and is available through official channels.",politicsNews,real
The reserve bank announced a new policy regarding the upcoming election,"Sources within the department confirmed, the Reserve Bank announced a new policy concerning the upcoming election earlier today. Stakeholders welcomed the move, citing its long-term benefits. The decision follows months of deliberation among experts. Officials noted that the process will continue to be monitored closely over the coming weeks, with further updates expected to follow standard procedure. The matter has been documented and is available through official channels.",politicsNews,real
The city council announced a new policy regarding the education system,"As reported by multiple news agencies, the city council announced a new policy concerning the education system earlier today. The figures were cross-checked against previous quarterly data. Authorities emphasized that the implementation will be gradual. Officials noted that the process will continue to be monitored closely over the coming weeks, with further updates expected to follow standard procedure. The matter has been documented and is available through official channels.",politicsNews,real
The ministry of finance confirmed a revision in interest rates regarding the stock market,"Sources within the department confirmed, the Ministry of Finance confirmed a revision in interest rates concerning the stock market earlier today. Authorities emphasized that the implementation will be gradual. The announcement comes after a series of consultations with industry leaders. Officials noted that the process will continue to be monitored closely over the coming weeks, with further updates expected to follow standard procedure. The matter has been documented and is available through official channels.",politicsNews,real
The ministry of finance presented the annual budget regarding a tech company's new product,"Data verified by independent auditors shows, the Ministry of Finance presented the annual budget concerning a tech company's new product earlier today. Authorities emphasized that the implementation will be gradual. Stakeholders welcomed the move, citing its long-term benefits. Officials noted that the process will continue to be monitored closely over the coming weeks, with further updates expected to follow standard procedure. The matter has been documented and is available through official channels.",politicsNews,real
The ministry of finance signed an agreement with neighboring countries regarding a major sports event,"Sources within the department confirmed, the Ministry of Finance signed an agreement with neighboring countries concerning a major sports event earlier today. The announcement comes after a series of consultations with industry leaders. A follow-up briefing is expected to be held later this month. Officials noted that the process will continue to be monitored closely over the coming weeks, with further updates expected to follow standard procedure. The matter has been documented and is available through official channels.",politicsNews,real
The state government approved a new infrastructure project regarding a viral health trend,"Sources within the department confirmed, the state government approved a new infrastructure project concerning a viral health trend earlier today. The report has been reviewed by independent analysts. Stakeholders welcomed the move, citing its long-term benefits. Officials noted that the process will continue to be monitored closely over the coming weeks, with further updates expected to follow standard procedure. The matter has been documented and is available through official channels.",politicsNews,real
Researchers at a leading university released findings from a peer-reviewed study regarding the upcoming election,"According to officials, researchers at a leading university released findings from a peer-reviewed study concerning the upcoming election earlier today. The decision follows months of deliberation among experts. Authorities emphasized that the implementation will be gradual. Officials noted that the process will continue to be monitored closely over the coming weeks, with further updates expected to follow standard procedure. The matter has been documented and is available through official channels.",politicsNews,real
The state government launched a public health initiative regarding a global pandemic,"In a statement released on tuesday, the state government launched a public health initiative concerning a global pandemic earlier today. A follow-up briefing is expected to be held later this month. The report has been reviewed by independent analysts. Officials noted that the process will continue to be monitored closely over the coming weeks, with further updates expected to follow standard procedure. The matter has been documented and is available through official channels.",politicsNews,real
The central bank concluded an investigation into the matter regarding the stock market,"In a statement released on tuesday, the central bank concluded an investigation into the matter concerning the stock market earlier today. Stakeholders welcomed the move, citing its long-term benefits. The report has been reviewed by independent analysts. Officials noted that the process will continue to be monitored closely over the coming weeks, with further updates expected to follow standard procedure. The matter has been documented and is available through official channels.",politicsNews,real
The world health organization issued an official statement regarding a political scandal,"As reported by multiple news agencies, the World Health Organization issued an official statement concerning a political scandal earlier today. The figures were cross-checked against previous quarterly data. Officials stated that further details will be released next week. Officials noted that the process will continue to be monitored closely over the coming weeks, with further updates expected to follow standard procedure. The matter has been documented and is available through official channels.",politicsNews,real
The state government scheduled a meeting with stakeholders regarding a natural disaster,"Sources within the department confirmed, the state government scheduled a meeting with stakeholders concerning a natural disaster earlier today. The announcement comes after a series of consultations with industry leaders. Authorities emphasized that the implementation will be gradual. Officials noted that the process will continue to be monitored closely over the coming weeks, with further updates expected to follow standard procedure. The matter has been documented and is available through official channels.",politicsNews,real
Local authorities scheduled a meeting with stakeholders regarding the housing market,"Data verified by independent auditors shows, local authorities scheduled a meeting with stakeholders concerning the housing market earlier today. The report has been reviewed by independent analysts. Officials stated that further details will be released next week. Officials noted that the process will continue to be monitored closely over the coming weeks, with further updates expected to follow standard procedure. The matter has been documented and is available through official channels.",politicsNews,real
Nasa released findings from a peer-reviewed study regarding a viral health trend,"According to officials, NASA released findings from a peer-reviewed study concerning a viral health trend earlier today. Authorities emphasized that the implementation will be gradual. A follow-up briefing is expected to be held later this month. Officials noted that the process will continue to be monitored closely over the coming weeks, with further updates expected to follow standard procedure. The matter has been documented and is available through official channels.",politicsNews,real
The reserve bank signed an agreement with neighboring countries regarding the new vaccine,"Sources within the department confirmed, the Reserve Bank signed an agreement with neighboring countries concerning the new vaccine earlier today. A follow-up briefing is expected to be held later this month. Officials stated that further details will be released next week. Officials noted that the process will continue to be monitored closely over the coming weeks, with further updates expected to follow standard procedure. The matter has been documented and is available through official channels.",politicsNews,real
The election commission presented the annual budget regarding the upcoming election,"In a statement released on tuesday, the Election Commission presented the annual budget concerning the upcoming election earlier today. Stakeholders welcomed the move, citing its long-term benefits. The announcement comes after a series of consultations with industry leaders. Officials noted that the process will continue to be monitored closely over the coming weeks, with further updates expected to follow standard procedure. The matter has been documented and is available through official channels.",politicsNews,real
The united nations signed an agreement with neighboring countries regarding the stock market,"Sources within the department confirmed, the United Nations signed an agreement with neighboring countries concerning the stock market earlier today. The decision follows months of deliberation among experts. Stakeholders welcomed the move, citing its long-term benefits. Officials noted that the process will continue to be monitored closely over the coming weeks, with further updates expected to follow standard procedure. The matter has been documented and is available through official channels.",politicsNews,real
The ministry of finance announced a new policy regarding the new vaccine,"The report, published on the official website, stated, the Ministry of Finance announced a new policy concerning the new vaccine earlier today. Stakeholders welcomed the move, citing its long-term benefits. The announcement comes after a series of consultations with industry leaders. Officials noted that the process will continue to be monitored closely over the coming weeks, with further updates expected to follow standard procedure. The matter has been documented and is available through official channels.",politicsNews,real
The united nations released findings from a peer-reviewed study regarding a political scandal,"Citing official records, the United Nations released findings from a peer-reviewed study concerning a political scandal earlier today. The figures were cross-checked against previous quarterly data. Stakeholders welcomed the move, citing its long-term benefits. Officials noted that the process will continue to be monitored closely over the coming weeks, with further updates expected to follow standard procedure. The matter has been documented and is available through official channels.",politicsNews,real
The department of health scheduled a meeting with stakeholders regarding a natural disaster,"According to officials, the Department of Health scheduled a meeting with stakeholders concerning a natural disaster earlier today. Officials stated that further details will be released next week. The decision follows months of deliberation among experts. Officials noted that the process will continue to be monitored closely over the coming weeks, with further updates expected to follow standard procedure. The matter has been documented and is available through official channels.",politicsNews,real
The united nations signed an agreement with neighboring countries regarding climate change,"Citing official records, the United Nations signed an agreement with neighboring countries concerning climate change earlier today. The figures were cross-checked against previous quarterly data. The report has been reviewed by independent analysts. Officials noted that the process will continue to be monitored closely over the coming weeks, with further updates expected to follow standard procedure. The matter has been documented and is available through official channels.",politicsNews,real
The city council presented the annual budget regarding the economy,"Sources within the department confirmed, the city council presented the annual budget concerning the economy earlier today. The decision follows months of deliberation among experts. Officials stated that further details will be released next week. Officials noted that the process will continue to be monitored closely over the coming weeks, with further updates expected to follow standard procedure. The matter has been documented and is available through official channels.",politicsNews,real
The united nations confirmed a revision in interest rates regarding climate change,"According to officials, the United Nations confirmed a revision in interest rates concerning climate change earlier today. The figures were cross-checked against previous quarterly data. The decision follows months of deliberation among experts. Officials noted that the process will continue to be monitored closely over the coming weeks, with further updates expected to follow standard procedure. The matter has been documented and is available through official channels.",politicsNews,real
The world health organization signed an agreement with neighboring countries regarding the upcoming election,"Data verified by independent auditors shows, the World Health Organization signed an agreement with neighboring countries concerning the upcoming election earlier today. The decision follows months of deliberation among experts. The decision follows months of deliberation among experts. Officials noted that the process will continue to be monitored closely over the coming weeks, with further updates expected to follow standard procedure. The matter has been documented and is available through official channels.",politicsNews,real
The reserve bank presented the annual budget regarding a tech company's new product,"Sources within the department confirmed, the Reserve Bank presented the annual budget concerning a tech company's new product earlier today. The report has been reviewed by independent analysts. Officials stated that further details will be released next week. Officials noted that the process will continue to be monitored closely over the coming weeks, with further updates expected to follow standard procedure. The matter has been documented and is available through official channels.",politicsNews,real
The european central bank concluded an investigation into the matter regarding a viral health trend,"According to officials, the European Central Bank concluded an investigation into the matter concerning a viral health trend earlier today. Officials stated that further details will be released next week. The figures were cross-checked against previous quarterly data. Officials noted that the process will continue to be monitored closely over the coming weeks, with further updates expected to follow standard procedure. The matter has been documented and is available through official channels.",politicsNews,real
The state government scheduled a meeting with stakeholders regarding the upcoming election,"The report, published on the official website, stated, the state government scheduled a meeting with stakeholders concerning the upcoming election earlier today. The announcement comes after a series of consultations with industry leaders. The figures were cross-checked against previous quarterly data. Officials noted that the process will continue to be monitored closely over the coming weeks, with further updates expected to follow standard procedure. The matter has been documented and is available through official channels.",politicsNews,real
The reserve bank launched a public health initiative regarding the new vaccine,"Sources within the department confirmed, the Reserve Bank launched a public health initiative concerning the new vaccine earlier today. Stakeholders welcomed the move, citing its long-term benefits. The announcement comes after a series of consultations with industry leaders. Officials noted that the process will continue to be monitored closely over the coming weeks, with further updates expected to follow standard procedure. The matter has been documented and is available through official channels.",politicsNews,real
The election commission held a press conference regarding a tech company's new product,"Citing official records, the Election Commission held a press conference concerning a tech company's new product earlier today. The announcement comes after a series of consultations with industry leaders. The decision follows months of deliberation among experts. Officials noted that the process will continue to be monitored closely over the coming weeks, with further updates expected to follow standard procedure. The matter has been documented and is available through official channels.",politicsNews,real
The election commission released its quarterly report regarding the education system,"Sources within the department confirmed, the Election Commission released its quarterly report concerning the education system earlier today. The report has been reviewed by independent analysts. The announcement comes after a series of consultations with industry leaders. Officials noted that the process will continue to be monitored closely over the coming weeks, with further updates expected to follow standard procedure. The matter has been documented and is available through official channels.",politicsNews,real
The state government issued an official statement regarding the housing market,"Data verified by independent auditors shows, the state government issued an official statement concerning the housing market earlier today. A follow-up briefing is expected to be held later this month. The announcement comes after a series of consultations with industry leaders. Officials noted that the process will continue to be monitored closely over the coming weeks, with further updates expected to follow standard procedure. The matter has been documented and is available through official channels.",politicsNews,real
The reserve bank published updated guidelines regarding a natural disaster,"As reported by multiple news agencies, the Reserve Bank published updated guidelines concerning a natural disaster earlier today. The announcement comes after a series of consultations with industry leaders. The report has been reviewed by independent analysts. Officials noted that the process will continue to be monitored closely over the coming weeks, with further updates expected to follow standard procedure. The matter has been documented and is available through official channels.",politicsNews,real
The ministry of finance scheduled a meeting with stakeholders regarding the housing market,"As reported by multiple news agencies, the Ministry of Finance scheduled a meeting with stakeholders concerning the housing market earlier today. The decision follows months of deliberation among experts. Authorities emphasized that the implementation will be gradual. Officials noted that the process will continue to be monitored closely over the coming weeks, with further updates expected to follow standard procedure. The matter has been documented and is available through official channels.",politicsNews,real
The election commission published updated guidelines regarding a global pandemic,"According to officials, the Election Commission published updated guidelines concerning a global pandemic earlier today. Authorities emphasized that the implementation will be gradual. Stakeholders welcomed the move, citing its long-term benefits. Officials noted that the process will continue to be monitored closely over the coming weeks, with further updates expected to follow standard procedure. The matter has been documented and is available through official channels.",politicsNews,real
The central bank signed an agreement with neighboring countries regarding a political scandal,"As reported by multiple news agencies, the central bank signed an agreement with neighboring countries concerning a political scandal earlier today. The report has been reviewed by independent analysts. The figures were cross-checked against previous quarterly data. Officials noted that the process will continue to be monitored closely over the coming weeks, with further updates expected to follow standard procedure. The matter has been documented and is available through official channels.",politicsNews,real
The election commission held a press conference regarding a major sports event,"Sources within the department confirmed, the Election Commission held a press conference concerning a major sports event earlier today. The decision follows months of deliberation among experts. A follow-up briefing is expected to be held later this month. Officials noted that the process will continue to be monitored closely over the coming weeks, with further updates expected to follow standard procedure. The matter has been documented and is available through official channels.",politicsNews,real
The united nations announced a new policy regarding a major sports event,"The official spokesperson said, the United Nations announced a new policy concerning a major sports event earlier today. Authorities emphasized that the implementation will be gradual. The announcement comes after a series of consultations with industry leaders. Officials noted that the process will continue to be monitored closely over the coming weeks, with further updates expected to follow standard procedure. The matter has been documented and is available through official channels.",politicsNews,real
The reserve bank released its quarterly report regarding climate change,"Data verified by independent auditors shows, the Reserve Bank released its quarterly report concerning climate change earlier today. The announcement comes after a series of consultations with industry leaders. The decision follows months of deliberation among experts. Officials noted that the process will continue to be monitored closely over the coming weeks, with further updates expected to follow standard procedure. The matter has been documented and is available through official channels.",politicsNews,real
The european central bank presented the annual budget regarding a major sports event,"Sources within the department confirmed, the European Central Bank presented the annual budget concerning a major sports event earlier today. Stakeholders welcomed the move, citing its long-term benefits. The announcement comes after a series of consultations with industry leaders. Officials noted that the process will continue to be monitored closely over the coming weeks, with further updates expected to follow standard procedure. The matter has been documented and is available through official channels.",politicsNews,real
The prime minister's office released its quarterly report regarding a viral health trend,"The report, published on the official website, stated, the Prime Minister's Office released its quarterly report concerning a viral health trend earlier today. Authorities emphasized that the implementation will be gradual. Officials stated that further details will be released next week. Officials noted that the process will continue to be monitored closely over the coming weeks, with further updates expected to follow standard procedure. The matter has been documented and is available through official channels.",politicsNews,real
The prime minister's office scheduled a meeting with stakeholders regarding the housing market,"Data verified by independent auditors shows, the Prime Minister's Office scheduled a meeting with stakeholders concerning the housing market earlier today. The report has been reviewed by independent analysts. Stakeholders welcomed the move, citing its long-term benefits. Officials noted that the process will continue to be monitored closely over the coming weeks, with further updates expected to follow standard procedure. The matter has been documented and is available through official channels.",politicsNews,real
The prime minister's office presented the annual budget regarding a popular celebrity,"According to officials, the Prime Minister's Office presented the annual budget concerning a popular celebrity earlier today. The announcement comes after a series of consultations with industry leaders. Stakeholders welcomed the move, citing its long-term benefits. Officials noted that the process will continue to be monitored closely over the coming weeks, with further updates expected to follow standard procedure. The matter has been documented and is available through official channels.",politicsNews,real
The state government signed an agreement with neighboring countries regarding a political scandal,"Citing official records, the state government signed an agreement with neighboring countries concerning a political scandal earlier today. The report has been reviewed by independent analysts. Officials stated that further details will be released next week. Officials noted that the process will continue to be monitored closely over the coming weeks, with further updates expected to follow standard procedure. The matter has been documented and is available through official channels.",politicsNews,real
The united nations released findings from a peer-reviewed study regarding climate change,"The official spokesperson said, the United Nations released findings from a peer-reviewed study concerning climate change earlier today. The decision follows months of deliberation among experts. The decision follows months of deliberation among experts. Officials noted that the process will continue to be monitored closely over the coming weeks, with further updates expected to follow standard procedure. The matter has been documented and is available through official channels.",politicsNews,real
Local authorities scheduled a meeting with stakeholders regarding a new technology,"In a statement released on tuesday, local authorities scheduled a meeting with stakeholders concerning a new technology earlier today. The figures were cross-checked against previous quarterly data. Stakeholders welcomed the move, citing its long-term benefits. Officials noted that the process will continue to be monitored closely over the coming weeks, with further updates expected to follow standard procedure. The matter has been documented and is available through official channels.",politicsNews,real
The united nations held a press conference regarding the economy,"Citing official records, the United Nations held a press conference concerning the economy earlier today. Stakeholders welcomed the move, citing its long-term benefits. Officials stated that further details will be released next week. Officials noted that the process will continue to be monitored closely over the coming weeks, with further updates expected to follow standard procedure. The matter has been documented and is available through official channels.",politicsNews,real
The european central bank scheduled a meeting with stakeholders regarding a tech company's new product,"In a statement released on tuesday, the European Central Bank scheduled a meeting with stakeholders concerning a tech company's new product earlier today. A follow-up briefing is expected to be held later this month. The report has been reviewed by independent analysts. Officials noted that the process will continue to be monitored closely over the coming weeks, with further updates expected to follow standard procedure. The matter has been documented and is available through official channels.",politicsNews,real
The city council released findings from a peer-reviewed study regarding a natural disaster,"Citing official records, the city council released findings from a peer-reviewed study concerning a natural disaster earlier today. Stakeholders welcomed the move, citing its long-term benefits. The announcement comes after a series of consultations with industry leaders. Officials noted that the process will continue to be monitored closely over the coming weeks, with further updates expected to follow standard procedure. The matter has been documented and is available through official channels.",politicsNews,real
The supreme court presented the annual budget regarding climate change,"Sources within the department confirmed, the Supreme Court presented the annual budget concerning climate change earlier today. The report has been reviewed by independent analysts. Stakeholders welcomed the move, citing its long-term benefits. Officials noted that the process will continue to be monitored closely over the coming weeks, with further updates expected to follow standard procedure. The matter has been documented and is available through official channels.",politicsNews,real
The prime minister's office confirmed a revision in interest rates regarding the housing market,"The report, published on the official website, stated, the Prime Minister's Office confirmed a revision in interest rates concerning the housing market earlier today. A follow-up briefing is expected to be held later this month. The figures were cross-checked against previous quarterly data. Officials noted that the process will continue to be monitored closely over the coming weeks, with further updates expected to follow standard procedure. The matter has been documented and is available through official channels.",politicsNews,real
The department of health announced a new policy regarding a popular celebrity,"The report, published on the official website, stated, the Department of Health announced a new policy concerning a popular celebrity earlier today. The figures were cross-checked against previous quarterly data. The figures were cross-checked against previous quarterly data. Officials noted that the process will continue to be monitored closely over the coming weeks, with further updates expected to follow standard procedure. The matter has been documented and is available through official channels.",politicsNews,real
The prime minister's office launched a public health initiative regarding a major sports event,"According to officials, the Prime Minister's Office launched a public health initiative concerning a major sports event earlier today. Authorities emphasized that the implementation will be gradual. The figures were cross-checked against previous quarterly data. Officials noted that the process will continue to be monitored closely over the coming weeks, with further updates expected to follow standard procedure. The matter has been documented and is available through official channels.",politicsNews,real
The central bank confirmed a revision in interest rates regarding the new vaccine,"According to officials, the central bank confirmed a revision in interest rates concerning the new vaccine earlier today. The figures were cross-checked against previous quarterly data. The report has been reviewed by independent analysts. Officials noted that the process will continue to be monitored closely over the coming weeks, with further updates expected to follow standard procedure. The matter has been documented and is available through official channels.",politicsNews,real
The united nations launched a public health initiative regarding the stock market,"The report, published on the official website, stated, the United Nations launched a public health initiative concerning the stock market earlier today. The figures were cross-checked against previous quarterly data. The announcement comes after a series of consultations with industry leaders. Officials noted that the process will continue to be monitored closely over the coming weeks, with further updates expected to follow standard procedure. The matter has been documented and is available through official channels.",politicsNews,real
The reserve bank scheduled a meeting with stakeholders regarding the stock market,"According to officials, the Reserve Bank scheduled a meeting with stakeholders concerning the stock market earlier today. Stakeholders welcomed the move, citing its long-term benefits. Officials stated that further details will be released next week. Officials noted that the process will continue to be monitored closely over the coming weeks, with further updates expected to follow standard procedure. The matter has been documented and is available through official channels.",politicsNews,real
The united nations announced a new policy regarding the upcoming election,"As reported by multiple news agencies, the United Nations announced a new policy concerning the upcoming election earlier today. The report has been reviewed by independent analysts. A follow-up briefing is expected to be held later this month. Officials noted that the process will continue to be monitored closely over the coming weeks, with further updates expected to follow standard procedure. The matter has been documented and is available through official channels.",politicsNews,real
The world health organization concluded an investigation into the matter regarding a political scandal,"Sources within the department confirmed, the World Health Organization concluded an investigation into the matter concerning a political scandal earlier today. The report has been reviewed by independent analysts. The announcement comes after a series of consultations with industry leaders. Officials noted that the process will continue to be monitored closely over the coming weeks, with further updates expected to follow standard procedure. The matter has been documented and is available through official channels.",politicsNews,real
The prime minister's office scheduled a meeting with stakeholders regarding the new vaccine,"The official spokesperson said, the Prime Minister's Office scheduled a meeting with stakeholders concerning the new vaccine earlier today. Stakeholders welcomed the move, citing its long-term benefits. Officials stated that further details will be released next week. Officials noted that the process will continue to be monitored closely over the coming weeks, with further updates expected to follow standard procedure. The matter has been documented and is available through official channels.",politicsNews,real
Nasa confirmed a revision in interest rates regarding the new vaccine,"The report, published on the official website, stated, NASA confirmed a revision in interest rates concerning the new vaccine earlier today. Authorities emphasized that the implementation will be gradual. The decision follows months of deliberation among experts. Officials noted that the process will continue to be monitored closely over the coming weeks, with further updates expected to follow standard procedure. The matter has been documented and is available through official channels.",politicsNews,real
Local authorities held a press conference regarding climate change,"In a statement released on tuesday, local authorities held a press conference concerning climate change earlier today. The announcement comes after a series of consultations with industry leaders. A follow-up briefing is expected to be held later this month. Officials noted that the process will continue to be monitored closely over the coming weeks, with further updates expected to follow standard procedure. The matter has been documented and is available through official channels.",politicsNews,real
The election commission launched a public health initiative regarding a political scandal,"The official spokesperson said, the Election Commission launched a public health initiative concerning a political scandal earlier today. A follow-up briefing is expected to be held later this month. The figures were cross-checked against previous quarterly data. Officials noted that the process will continue to be monitored closely over the coming weeks, with further updates expected to follow standard procedure. The matter has been documented and is available through official channels.",politicsNews,real
The department of health signed an agreement with neighboring countries regarding a political scandal,"The report, published on the official website, stated, the Department of Health signed an agreement with neighboring countries concerning a political scandal earlier today. The announcement comes after a series of consultations with industry leaders. Authorities emphasized that the implementation will be gradual. Officials noted that the process will continue to be monitored closely over the coming weeks, with further updates expected to follow standard procedure. The matter has been documented and is available through official channels.",politicsNews,real
The ministry of finance signed an agreement with neighboring countries regarding a new technology,"In a statement released on tuesday, the Ministry of Finance signed an agreement with neighboring countries concerning a new technology earlier today. Stakeholders welcomed the move, citing its long-term benefits. A follow-up briefing is expected to be held later this month. Officials noted that the process will continue to be monitored closely over the coming weeks, with further updates expected to follow standard procedure. The matter has been documented and is available through official channels.",politicsNews,real
The election commission signed an agreement with neighboring countries regarding the education system,"In a statement released on tuesday, the Election Commission signed an agreement with neighboring countries concerning the education system earlier today. Stakeholders welcomed the move, citing its long-term benefits. The announcement comes after a series of consultations with industry leaders. Officials noted that the process will continue to be monitored closely over the coming weeks, with further updates expected to follow standard procedure. The matter has been documented and is available through official channels.",politicsNews,real
Local authorities presented the annual budget regarding the stock market,"The report, published on the official website, stated, local authorities presented the annual budget concerning the stock market earlier today. A follow-up briefing is expected to be held later this month. The announcement comes after a series of consultations with industry leaders. Officials noted that the process will continue to be monitored closely over the coming weeks, with further updates expected to follow standard procedure. The matter has been documented and is available through official channels.",politicsNews,real
The ministry of finance scheduled a meeting with stakeholders regarding the upcoming election,"As reported by multiple news agencies, the Ministry of Finance scheduled a meeting with stakeholders concerning the upcoming election earlier today. Stakeholders welcomed the move, citing its long-term benefits. A follow-up briefing is expected to be held later this month. Officials noted that the process will continue to be monitored closely over the coming weeks, with further updates expected to follow standard procedure. The matter has been documented and is available through official channels.",politicsNews,real
The united nations published updated guidelines regarding a popular celebrity,"As reported by multiple news agencies, the United Nations published updated guidelines concerning a popular celebrity earlier today. The decision follows months of deliberation among experts. The report has been reviewed by independent analysts. Officials noted that the process will continue to be monitored closely over the coming weeks, with further updates expected to follow standard procedure. The matter has been documented and is available through official channels.",politicsNews,real
The state government released findings from a peer-reviewed study regarding the new vaccine,"Citing official records, the state government released findings from a peer-reviewed study concerning the new vaccine earlier today. The decision follows months of deliberation among experts. The announcement comes after a series of consultations with industry leaders. Officials noted that the process will continue to be monitored closely over the coming weeks, with further updates expected to follow standard procedure. The matter has been documented and is available through official channels.",politicsNews,real
The election commission launched a public health initiative regarding a tech company's new product,"Sources within the department confirmed, the Election Commission launched a public health initiative concerning a tech company's new product earlier today. Officials stated that further details will be released next week. The figures were cross-checked against previous quarterly data. Officials noted that the process will continue to be monitored closely over the coming weeks, with further updates expected to follow standard procedure. The matter has been documented and is available through official channels.",politicsNews,real
The ministry of finance signed an agreement with neighboring countries regarding the housing market,"Sources within the department confirmed, the Ministry of Finance signed an agreement with neighboring countries concerning the housing market earlier today. The figures were cross-checked against previous quarterly data. Stakeholders welcomed the move, citing its long-term benefits. Officials noted that the process will continue to be monitored closely over the coming weeks, with further updates expected to follow standard procedure. The matter has been documented and is available through official channels.",politicsNews,real
Researchers at a leading university concluded an investigation into the matter regarding a popular celebrity,"In a statement released on tuesday, researchers at a leading university concluded an investigation into the matter concerning a popular celebrity earlier today. The decision follows months of deliberation among experts. Officials stated that further details will be released next week. Officials noted that the process will continue to be monitored closely over the coming weeks, with further updates expected to follow standard procedure. The matter has been documented and is available through official channels.",politicsNews,real
The united nations held a press conference regarding climate change,"Sources within the department confirmed, the United Nations held a press conference concerning climate change earlier today. The decision follows months of deliberation among experts. The figures were cross-checked against previous quarterly data. Officials noted that the process will continue to be monitored closely over the coming weeks, with further updates expected to follow standard procedure. The matter has been documented and is available through official channels.",politicsNews,real
The election commission scheduled a meeting with stakeholders regarding the education system,"Data verified by independent auditors shows, the Election Commission scheduled a meeting with stakeholders concerning the education system earlier today. A follow-up briefing is expected to be held later this month. Officials stated that further details will be released next week. Officials noted that the process will continue to be monitored closely over the coming weeks, with further updates expected to follow standard procedure. The matter has been documented and is available through official channels.",politicsNews,real
The ministry of finance presented the annual budget regarding a natural disaster,"The official spokesperson said, the Ministry of Finance presented the annual budget concerning a natural disaster earlier today. The report has been reviewed by independent analysts. The announcement comes after a series of consultations with industry leaders. Officials noted that the process will continue to be monitored closely over the coming weeks, with further updates expected to follow standard procedure. The matter has been documented and is available through official channels.",politicsNews,real
The department of health released its quarterly report regarding the education system,"Citing official records, the Department of Health released its quarterly report concerning the education system earlier today. The announcement comes after a series of consultations with industry leaders. The figures were cross-checked against previous quarterly data. Officials noted that the process will continue to be monitored closely over the coming weeks, with further updates expected to follow standard procedure. The matter has been documented and is available through official channels.",politicsNews,real
The central bank confirmed a revision in interest rates regarding a viral health trend,"The report, published on the official website, stated, the central bank confirmed a revision in interest rates concerning a viral health trend earlier today. The announcement comes after a series of consultations with industry leaders. The decision follows months of deliberation among experts. Officials noted that the process will continue to be monitored closely over the coming weeks, with further updates expected to follow standard procedure. The matter has been documented and is available through official channels.",politicsNews,real
The city council released findings from a peer-reviewed study regarding a new technology,"As reported by multiple news agencies, the city council released findings from a peer-reviewed study concerning a new technology earlier today. A follow-up briefing is expected to be held later this month. The announcement comes after a series of consultations with industry leaders. Officials noted that the process will continue to be monitored closely over the coming weeks, with further updates expected to follow standard procedure. The matter has been documented and is available through official channels.",politicsNews,real
The department of health published updated guidelines regarding the stock market,"In a statement released on tuesday, the Department of Health published updated guidelines concerning the stock market earlier today. Authorities emphasized that the implementation will be gradual. Officials stated that further details will be released next week. Officials noted that the process will continue to be monitored closely over the coming weeks, with further updates expected to follow standard procedure. The matter has been documented and is available through official channels.",politicsNews,real
The state government confirmed a revision in interest rates regarding a new technology,"According to officials, the state government confirmed a revision in interest rates concerning a new technology earlier today. Officials stated that further details will be released next week. Authorities emphasized that the implementation will be gradual. Officials noted that the process will continue to be monitored closely over the coming weeks, with further updates expected to follow standard procedure. The matter has been documented and is available through official channels.",politicsNews,real
The state government presented the annual budget regarding a major sports event,"Citing official records, the state government presented the annual budget concerning a major sports event earlier today. The decision follows months of deliberation among experts. Stakeholders welcomed the move, citing its long-term benefits. Officials noted that the process will continue to be monitored closely over the coming weeks, with further updates expected to follow standard procedure. The matter has been documented and is available through official channels.",politicsNews,real
The united nations approved a new infrastructure project regarding a global pandemic,"As reported by multiple news agencies, the United Nations approved a new infrastructure project concerning a global pandemic earlier today. The announcement comes after a series of consultations with industry leaders. A follow-up briefing is expected to be held later this month. Officials noted that the process will continue to be monitored closely over the coming weeks, with further updates expected to follow standard procedure. The matter has been documented and is available through official channels.",politicsNews,real
The election commission presented the annual budget regarding the housing market,"According to officials, the Election Commission presented the annual budget concerning the housing market earlier today. The figures were cross-checked against previous quarterly data. Officials stated that further details will be released next week. Officials noted that the process will continue to be monitored closely over the coming weeks, with further updates expected to follow standard procedure. The matter has been documented and is available through official channels.",politicsNews,real
The central bank scheduled a meeting with stakeholders regarding the housing market,"Data verified by independent auditors shows, the central bank scheduled a meeting with stakeholders concerning the housing market earlier today. The announcement comes after a series of consultations with industry leaders. The figures were cross-checked against previous quarterly data. Officials noted that the process will continue to be monitored closely over the coming weeks, with further updates expected to follow standard procedure. The matter has been documented and is available through official channels.",politicsNews,real
The united nations concluded an investigation into the matter regarding a tech company's new product,"As reported by multiple news agencies, the United Nations concluded an investigation into the matter concerning a tech company's new product earlier today. Officials stated that further details will be released next week. The announcement comes after a series of consultations with industry leaders. Officials noted that the process will continue to be monitored closely over the coming weeks, with further updates expected to follow standard procedure. The matter has been documented and is available through official channels.",politicsNews,real
The election commission scheduled a meeting with stakeholders regarding a tech company's new product,"Data verified by independent auditors shows, the Election Commission scheduled a meeting with stakeholders concerning a tech company's new product earlier today. A follow-up briefing is expected to be held later this month. The report has been reviewed by independent analysts. Officials noted that the process will continue to be monitored closely over the coming weeks, with further updates expected to follow standard procedure. The matter has been documented and is available through official channels.",politicsNews,real
The department of health published updated guidelines regarding the education system,"The official spokesperson said, the Department of Health published updated guidelines concerning the education system earlier today. Stakeholders welcomed the move, citing its long-term benefits. The figures were cross-checked against previous quarterly data. Officials noted that the process will continue to be monitored closely over the coming weeks, with further updates expected to follow standard procedure. The matter has been documented and is available through official channels.",politicsNews,real
The prime minister's office issued an official statement regarding a new technology,"As reported by multiple news agencies, the Prime Minister's Office issued an official statement concerning a new technology earlier today. The decision follows months of deliberation among experts. The report has been reviewed by independent analysts. Officials noted that the process will continue to be monitored closely over the coming weeks, with further updates expected to follow standard procedure. The matter has been documented and is available through official channels.",politicsNews,real
The ministry of finance presented the annual budget regarding the economy,"Citing official records, the Ministry of Finance presented the annual budget concerning the economy earlier today. The report has been reviewed by independent analysts. The figures were cross-checked against previous quarterly data. Officials noted that the process will continue to be monitored closely over the coming weeks, with further updates expected to follow standard procedure. The matter has been documented and is available through official channels.",politicsNews,real
The european central bank scheduled a meeting with stakeholders regarding a natural disaster,"In a statement released on tuesday, the European Central Bank scheduled a meeting with stakeholders concerning a natural disaster earlier today. Officials stated that further details will be released next week. Authorities emphasized that the implementation will be gradual. Officials noted that the process will continue to be monitored closely over the coming weeks, with further updates expected to follow standard procedure. The matter has been documented and is available through official channels.",politicsNews,real
The european central bank released its quarterly report regarding a natural disaster,"The official spokesperson said, the European Central Bank released its quarterly report concerning a natural disaster earlier today. The announcement comes after a series of consultations with industry leaders. Stakeholders welcomed the move, citing its long-term benefits. Officials noted that the process will continue to be monitored closely over the coming weeks, with further updates expected to follow standard procedure. The matter has been documented and is available through official channels.",politicsNews,real
The world health organization scheduled a meeting with stakeholders regarding a global pandemic,"Data verified by independent auditors shows, the World Health Organization scheduled a meeting with stakeholders concerning a global pandemic earlier today. The decision follows months of deliberation among experts. The decision follows months of deliberation among experts. Officials noted that the process will continue to be monitored closely over the coming weeks, with further updates expected to follow standard procedure. The matter has been documented and is available through official channels.",politicsNews,real
The world health organization signed an agreement with neighboring countries regarding a viral health trend,"In a statement released on tuesday, the World Health Organization signed an agreement with neighboring countries concerning a viral health trend earlier today. The report has been reviewed by independent analysts. The report has been reviewed by independent analysts. Officials noted that the process will continue to be monitored closely over the coming weeks, with further updates expected to follow standard procedure. The matter has been documented and is available through official channels.",politicsNews,real
The central bank concluded an investigation into the matter regarding the upcoming election,"As reported by multiple news agencies, the central bank concluded an investigation into the matter concerning the upcoming election earlier today. A follow-up briefing is expected to be held later this month. The announcement comes after a series of consultations with industry leaders. Officials noted that the process will continue to be monitored closely over the coming weeks, with further updates expected to follow standard procedure. The matter has been documented and is available through official channels.",politicsNews,real
The state government presented the annual budget regarding the new vaccine,"As reported by multiple news agencies, the state government presented the annual budget concerning the new vaccine earlier today. A follow-up briefing is expected to be held later this month. Authorities emphasized that the implementation will be gradual. Officials noted that the process will continue to be monitored closely over the coming weeks, with further updates expected to follow standard procedure. The matter has been documented and is available through official channels.",politicsNews,real
Researchers at a leading university approved a new infrastructure project regarding a major sports event,"The official spokesperson said, researchers at a leading university approved a new infrastructure project concerning a major sports event earlier today. A follow-up briefing is expected to be held later this month. Officials stated that further details will be released next week. Officials noted that the process will continue to be monitored closely over the coming weeks, with further updates expected to follow standard procedure. The matter has been documented and is available through official channels.",politicsNews,real
The reserve bank issued an official statement regarding a popular celebrity,"In a statement released on tuesday, the Reserve Bank issued an official statement concerning a popular celebrity earlier today. The decision follows months of deliberation among experts. The decision follows months of deliberation among experts. Officials noted that the process will continue to be monitored closely over the coming weeks, with further updates expected to follow standard procedure. The matter has been documented and is available through official channels.",politicsNews,real
The european central bank released findings from a peer-reviewed study regarding the upcoming election,"The report, published on the official website, stated, the European Central Bank released findings from a peer-reviewed study concerning the upcoming election earlier today. Stakeholders welcomed the move, citing its long-term benefits. The announcement comes after a series of consultations with industry leaders. Officials noted that the process will continue to be monitored closely over the coming weeks, with further updates expected to follow standard procedure. The matter has been documented and is available through official channels.",politicsNews,real
The election commission released findings from a peer-reviewed study regarding the economy,"Citing official records, the Election Commission released findings from a peer-reviewed study concerning the economy earlier today. Authorities emphasized that the implementation will be gradual. The report has been reviewed by independent analysts. Officials noted that the process will continue to be monitored closely over the coming weeks, with further updates expected to follow standard procedure. The matter has been documented and is available through official channels.",politicsNews,real
The united nations held a press conference regarding the housing market,"The report, published on the official website, stated, the United Nations held a press conference concerning the housing market earlier today. The announcement comes after a series of consultations with industry leaders. The report has been reviewed by independent analysts. Officials noted that the process will continue to be monitored closely over the coming weeks, with further updates expected to follow standard procedure. The matter has been documented and is available through official channels.",politicsNews,real
The department of health released its quarterly report regarding a political scandal,"As reported by multiple news agencies, the Department of Health released its quarterly report concerning a political scandal earlier today. Stakeholders welcomed the move, citing its long-term benefits. The figures were cross-checked against previous quarterly data. Officials noted that the process will continue to be monitored closely over the coming weeks, with further updates expected to follow standard procedure. The matter has been documented and is available through official channels.",politicsNews,real
The election commission presented the annual budget regarding a new technology,"Sources within the department confirmed, the Election Commission presented the annual budget concerning a new technology earlier today. Authorities emphasized that the implementation will be gradual. The announcement comes after a series of consultations with industry leaders. Officials noted that the process will continue to be monitored closely over the coming weeks, with further updates expected to follow standard procedure. The matter has been documented and is available through official channels.",politicsNews,real
The reserve bank concluded an investigation into the matter regarding a global pandemic,"The report, published on the official website, stated, the Reserve Bank concluded an investigation into the matter concerning a global pandemic earlier today. Stakeholders welcomed the move, citing its long-term benefits. Officials stated that further details will be released next week. Officials noted that the process will continue to be monitored closely over the coming weeks, with further updates expected to follow standard procedure. The matter has been documented and is available through official channels.",politicsNews,real
The world health organization announced a new policy regarding a popular celebrity,"According to officials, the World Health Organization announced a new policy concerning a popular celebrity earlier today. A follow-up briefing is expected to be held later this month. Officials stated that further details will be released next week. Officials noted that the process will continue to be monitored closely over the coming weeks, with further updates expected to follow standard procedure. The matter has been documented and is available through official channels.",politicsNews,real
The state government scheduled a meeting with stakeholders regarding a viral health trend,"In a statement released on tuesday, the state government scheduled a meeting with stakeholders concerning a viral health trend earlier today. The report has been reviewed by independent analysts. The figures were cross-checked against previous quarterly data. Officials noted that the process will continue to be monitored closely over the coming weeks, with further updates expected to follow standard procedure. The matter has been documented and is available through official channels.",politicsNews,real
The reserve bank scheduled a meeting with stakeholders regarding the upcoming election,"The report, published on the official website, stated, the Reserve Bank scheduled a meeting with stakeholders concerning the upcoming election earlier today. A follow-up briefing is expected to be held later this month. A follow-up briefing is expected to be held later this month. Officials noted that the process will continue to be monitored closely over the coming weeks, with further updates expected to follow standard procedure. The matter has been documented and is available through official channels.",politicsNews,real
The reserve bank confirmed a revision in interest rates regarding the upcoming election,"Data verified by independent auditors shows, the Reserve Bank confirmed a revision in interest rates concerning the upcoming election earlier today. Officials stated that further details will be released next week. A follow-up briefing is expected to be held later this month. Officials noted that the process will continue to be monitored closely over the coming weeks, with further updates expected to follow standard procedure. The matter has been documented and is available through official channels.",politicsNews,real
The city council published updated guidelines regarding climate change,"The official spokesperson said, the city council published updated guidelines concerning climate change earlier today. Stakeholders welcomed the move, citing its long-term benefits. Officials stated that further details will be released next week. Officials noted that the process will continue to be monitored closely over the coming weeks, with further updates expected to follow standard procedure. The matter has been documented and is available through official channels.",politicsNews,real
The supreme court released findings from a peer-reviewed study regarding a political scandal,"As reported by multiple news agencies, the Supreme Court released findings from a peer-reviewed study concerning a political scandal earlier today. The decision follows months of deliberation among experts. The announcement comes after a series of consultations with industry leaders. Officials noted that the process will continue to be monitored closely over the coming weeks, with further updates expected to follow standard procedure. The matter has been documented and is available through official channels.",politicsNews,real
The state government announced a new policy regarding the economy,"As reported by multiple news agencies, the state government announced a new policy concerning the economy earlier today. Authorities emphasized that the implementation will be gradual. Stakeholders welcomed the move, citing its long-term benefits. Officials noted that the process will continue to be monitored closely over the coming weeks, with further updates expected to follow standard procedure. The matter has been documented and is available through official channels.",politicsNews,real
The world health organization scheduled a meeting with stakeholders regarding the housing market,"In a statement released on tuesday, the World Health Organization scheduled a meeting with stakeholders concerning the housing market earlier today. Officials stated that further details will be released next week. Officials stated that further details will be released next week. Officials noted that the process will continue to be monitored closely over the coming weeks, with further updates expected to follow standard procedure. The matter has been documented and is available through official channels.",politicsNews,real
Nasa signed an agreement with neighboring countries regarding the education system,"According to officials, NASA signed an agreement with neighboring countries concerning the education system earlier today. The announcement comes after a series of consultations with industry leaders. A follow-up briefing is expected to be held later this month. Officials noted that the process will continue to be monitored closely over the coming weeks, with further updates expected to follow standard procedure. The matter has been documented and is available through official channels.",politicsNews,real
The state government released its quarterly report regarding the education system,"Citing official records, the state government released its quarterly report concerning the education system earlier today. A follow-up briefing is expected to be held later this month. Officials stated that further details will be released next week. Officials noted that the process will continue to be monitored closely over the coming weeks, with further updates expected to follow standard procedure. The matter has been documented and is available through official channels.",politicsNews,real
The european central bank issued an official statement regarding a major sports event,"The report, published on the official website, stated, the European Central Bank issued an official statement concerning a major sports event earlier today. The announcement comes after a series of consultations with industry leaders. A follow-up briefing is expected to be held later this month. Officials noted that the process will continue to be monitored closely over the coming weeks, with further updates expected to follow standard procedure. The matter has been documented and is available through official channels.",politicsNews,real
The prime minister's office launched a public health initiative regarding a major sports event,"The official spokesperson said, the Prime Minister's Office launched a public health initiative concerning a major sports event earlier today. Authorities emphasized that the implementation will be gradual. A follow-up briefing is expected to be held later this month. Officials noted that the process will continue to be monitored closely over the coming weeks, with further updates expected to follow standard procedure. The matter has been documented and is available through official channels.",politicsNews,real
The state government approved a new infrastructure project regarding climate change,"The report, published on the official website, stated, the state government approved a new infrastructure project concerning climate change earlier today. A follow-up briefing is expected to be held later this month. Officials stated that further details will be released next week. Officials noted that the process will continue to be monitored closely over the coming weeks, with further updates expected to follow standard procedure. The matter has been documented and is available through official channels.",politicsNews,real
The city council held a press conference regarding a viral health trend,"According to officials, the city council held a press conference concerning a viral health trend earlier today. Authorities emphasized that the implementation will be gradual. Officials stated that further details will be released next week. Officials noted that the process will continue to be monitored closely over the coming weeks, with further updates expected to follow standard procedure. The matter has been documented and is available through official channels.",politicsNews,real
The european central bank approved a new infrastructure project regarding the new vaccine,"The report, published on the official website, stated, the European Central Bank approved a new infrastructure project concerning the new vaccine earlier today. Stakeholders welcomed the move, citing its long-term benefits. The report has been reviewed by independent analysts. Officials noted that the process will continue to be monitored closely over the coming weeks, with further updates expected to follow standard procedure. The matter has been documented and is available through official channels.",politicsNews,real
Researchers at a leading university presented the annual budget regarding the new vaccine,"The report, published on the official website, stated, researchers at a leading university presented the annual budget concerning the new vaccine earlier today. The announcement comes after a series of consultations with industry leaders. Stakeholders welcomed the move, citing its long-term benefits. Officials noted that the process will continue to be monitored closely over the coming weeks, with further updates expected to follow standard procedure. The matter has been documented and is available through official channels.",politicsNews,real
The world health organization approved a new infrastructure project regarding a global pandemic,"Data verified by independent auditors shows, the World Health Organization approved a new infrastructure project concerning a global pandemic earlier today. Authorities emphasized that the implementation will be gradual. Authorities emphasized that the implementation will be gradual. Officials noted that the process will continue to be monitored closely over the coming weeks, with further updates expected to follow standard procedure. The matter has been documented and is available through official channels.",politicsNews,real
The world health organization scheduled a meeting with stakeholders regarding the new vaccine,"According to officials, the World Health Organization scheduled a meeting with stakeholders concerning the new vaccine earlier today. Stakeholders welcomed the move, citing its long-term benefits. The figures were cross-checked against previous quarterly data. Officials noted that the process will continue to be monitored closely over the coming weeks, with further updates expected to follow standard procedure. The matter has been documented and is available through official channels.",politicsNews,real
Local authorities published updated guidelines regarding a global pandemic,"Sources within the department confirmed, local authorities published updated guidelines concerning a global pandemic earlier today. The decision follows months of deliberation among experts. The report has been reviewed by independent analysts. Officials noted that the process will continue to be monitored closely over the coming weeks, with further updates expected to follow standard procedure. The matter has been documented and is available through official channels.",politicsNews,real
The department of health issued an official statement regarding a new technology,"In a statement released on tuesday, the Department of Health issued an official statement concerning a new technology earlier today. A follow-up briefing is expected to be held later this month. The figures were cross-checked against previous quarterly data. Officials noted that the process will continue to be monitored closely over the coming weeks, with further updates expected to follow standard procedure. The matter has been documented and is available through official channels.",politicsNews,real
The election commission issued an official statement regarding the housing market,"Citing official records, the Election Commission issued an official statement concerning the housing market earlier today. The announcement comes after a series of consultations with industry leaders. The decision follows months of deliberation among experts. Officials noted that the process will continue to be monitored closely over the coming weeks, with further updates expected to follow standard procedure. The matter has been documented and is available through official channels.",politicsNews,real
The united nations released findings from a peer-reviewed study regarding a political scandal,"As reported by multiple news agencies, the United Nations released findings from a peer-reviewed study concerning a political scandal earlier today. The announcement comes after a series of consultations with industry leaders. The announcement comes after a series of consultations with industry leaders. Officials noted that the process will continue to be monitored closely over the coming weeks, with further updates expected to follow standard procedure. The matter has been documented and is available through official channels.",politicsNews,real
The world health organization confirmed a revision in interest rates regarding the housing market,"The official spokesperson said, the World Health Organization confirmed a revision in interest rates concerning the housing market earlier today. Authorities emphasized that the implementation will be gradual. Officials stated that further details will be released next week. Officials noted that the process will continue to be monitored closely over the coming weeks, with further updates expected to follow standard procedure. The matter has been documented and is available through official channels.",politicsNews,real
The central bank released its quarterly report regarding a viral health trend,"The report, published on the official website, stated, the central bank released its quarterly report concerning a viral health trend earlier today. The figures were cross-checked against previous quarterly data. The figures were cross-checked against previous quarterly data. Officials noted that the process will continue to be monitored closely over the coming weeks, with further updates expected to follow standard procedure. The matter has been documented and is available through official channels.",politicsNews,real
The reserve bank published updated guidelines regarding a political scandal,"As reported by multiple news agencies, the Reserve Bank published updated guidelines concerning a political scandal earlier today. A follow-up briefing is expected to be held later this month. Authorities emphasized that the implementation will be gradual. Officials noted that the process will continue to be monitored closely over the coming weeks, with further updates expected to follow standard procedure. The matter has been documented and is available through official channels.",politicsNews,real
Nasa released its quarterly report regarding a tech company's new product,"In a statement released on tuesday, NASA released its quarterly report concerning a tech company's new product earlier today. The announcement comes after a series of consultations with industry leaders. Authorities emphasized that the implementation will be gradual. Officials noted that the process will continue to be monitored closely over the coming weeks, with further updates expected to follow standard procedure. The matter has been documented and is available through official channels.",politicsNews,real
The central bank released findings from a peer-reviewed study regarding the stock market,"The report, published on the official website, stated, the central bank released findings from a peer-reviewed study concerning the stock market earlier today. The report has been reviewed by independent analysts. Stakeholders welcomed the move, citing its long-term benefits. Officials noted that the process will continue to be monitored closely over the coming weeks, with further updates expected to follow standard procedure. The matter has been documented and is available through official channels.",politicsNews,real
The city council released findings from a peer-reviewed study regarding climate change,"Sources within the department confirmed, the city council released findings from a peer-reviewed study concerning climate change earlier today. A follow-up briefing is expected to be held later this month. A follow-up briefing is expected to be held later this month. Officials noted that the process will continue to be monitored closely over the coming weeks, with further updates expected to follow standard procedure. The matter has been documented and is available through official channels.",politicsNews,real
The world health organization launched a public health initiative regarding a new technology,"Sources within the department confirmed, the World Health Organization launched a public health initiative concerning a new technology earlier today. A follow-up briefing is expected to be held later this month. The announcement comes after a series of consultations with industry leaders. Officials noted that the process will continue to be monitored closely over the coming weeks, with further updates expected to follow standard procedure. The matter has been documented and is available through official channels.",politicsNews,real
The department of health launched a public health initiative regarding the economy,"According to officials, the Department of Health launched a public health initiative concerning the economy earlier today. Authorities emphasized that the implementation will be gradual. The announcement comes after a series of consultations with industry leaders. Officials noted that the process will continue to be monitored closely over the coming weeks, with further updates expected to follow standard procedure. The matter has been documented and is available through official channels.",politicsNews,real
The european central bank presented the annual budget regarding a new technology,"According to officials, the European Central Bank presented the annual budget concerning a new technology earlier today. Stakeholders welcomed the move, citing its long-term benefits. Authorities emphasized that the implementation will be gradual. Officials noted that the process will continue to be monitored closely over the coming weeks, with further updates expected to follow standard procedure. The matter has been documented and is available through official channels.",politicsNews,real
The city council published updated guidelines regarding the housing market,"Sources within the department confirmed, the city council published updated guidelines concerning the housing market earlier today. The report has been reviewed by independent analysts. The decision follows months of deliberation among experts. Officials noted that the process will continue to be monitored closely over the coming weeks, with further updates expected to follow standard procedure. The matter has been documented and is available through official channels.",politicsNews,real
The supreme court approved a new infrastructure project regarding a major sports event,"In a statement released on tuesday, the Supreme Court approved a new infrastructure project concerning a major sports event earlier today. Authorities emphasized that the implementation will be gradual. The decision follows months of deliberation among experts. Officials noted that the process will continue to be monitored closely over the coming weeks, with further updates expected to follow standard procedure. The matter has been documented and is available through official channels.",politicsNews,real
Nasa issued an official statement regarding a popular celebrity,"In a statement released on tuesday, NASA issued an official statement concerning a popular celebrity earlier today. The announcement comes after a series of consultations with industry leaders. The report has been reviewed by independent analysts. Officials noted that the process will continue to be monitored closely over the coming weeks, with further updates expected to follow standard procedure. The matter has been documented and is available through official channels.",politicsNews,real
The state government scheduled a meeting with stakeholders regarding climate change,"In a statement released on tuesday, the state government scheduled a meeting with stakeholders concerning climate change earlier today. Officials stated that further details will be released next week. The announcement comes after a series of consultations with industry leaders. Officials noted that the process will continue to be monitored closely over the coming weeks, with further updates expected to follow standard procedure. The matter has been documented and is available through official channels.",politicsNews,real
The state government issued an official statement regarding the housing market,"In a statement released on tuesday, the state government issued an official statement concerning the housing market earlier today. Authorities emphasized that the implementation will be gradual. The decision follows months of deliberation among experts. Officials noted that the process will continue to be monitored closely over the coming weeks, with further updates expected to follow standard procedure. The matter has been documented and is available through official channels.",politicsNews,real
The united nations signed an agreement with neighboring countries regarding climate change,"As reported by multiple news agencies, the United Nations signed an agreement with neighboring countries concerning climate change earlier today. Officials stated that further details will be released next week. The announcement comes after a series of consultations with industry leaders. Officials noted that the process will continue to be monitored closely over the coming weeks, with further updates expected to follow standard procedure. The matter has been documented and is available through official channels.",politicsNews,real
The european central bank confirmed a revision in interest rates regarding climate change,"As reported by multiple news agencies, the European Central Bank confirmed a revision in interest rates concerning climate change earlier today. The report has been reviewed by independent analysts. The report has been reviewed by independent analysts. Officials noted that the process will continue to be monitored closely over the coming weeks, with further updates expected to follow standard procedure. The matter has been documented and is available through official channels.",politicsNews,real
The department of health concluded an investigation into the matter regarding a political scandal,"Data verified by independent auditors shows, the Department of Health concluded an investigation into the matter concerning a political scandal earlier today. A follow-up briefing is expected to be held later this month. Stakeholders welcomed the move, citing its long-term benefits. Officials noted that the process will continue to be monitored closely over the coming weeks, with further updates expected to follow standard procedure. The matter has been documented and is available through official channels.",politicsNews,real
The supreme court issued an official statement regarding a new technology,"Citing official records, the Supreme Court issued an official statement concerning a new technology earlier today. The announcement comes after a series of consultations with industry leaders. The figures were cross-checked against previous quarterly data. Officials noted that the process will continue to be monitored closely over the coming weeks, with further updates expected to follow standard procedure. The matter has been documented and is available through official channels.",politicsNews,real
Researchers at a leading university approved a new infrastructure project regarding a natural disaster,"According to officials, researchers at a leading university approved a new infrastructure project concerning a natural disaster earlier today. A follow-up briefing is expected to be held later this month. Authorities emphasized that the implementation will be gradual. Officials noted that the process will continue to be monitored closely over the coming weeks, with further updates expected to follow standard procedure. The matter has been documented and is available through official channels.",politicsNews,real
The election commission launched a public health initiative regarding a tech company's new product,"As reported by multiple news agencies, the Election Commission launched a public health initiative concerning a tech company's new product earlier today. The figures were cross-checked against previous quarterly data. Officials stated that further details will be released next week. Officials noted that the process will continue to be monitored closely over the coming weeks, with further updates expected to follow standard procedure. The matter has been documented and is available through official channels.",politicsNews,real
The reserve bank confirmed a revision in interest rates regarding the upcoming election,"The report, published on the official website, stated, the Reserve Bank confirmed a revision in interest rates concerning the upcoming election earlier today. The figures were cross-checked against previous quarterly data. Officials stated that further details will be released next week. Officials noted that the process will continue to be monitored closely over the coming weeks, with further updates expected to follow standard procedure. The matter has been documented and is available through official channels.",politicsNews,real
The city council held a press conference regarding the economy,"As reported by multiple news agencies, the city council held a press conference concerning the economy earlier today. The announcement comes after a series of consultations with industry leaders. A follow-up briefing is expected to be held later this month. Officials noted that the process will continue to be monitored closely over the coming weeks, with further updates expected to follow standard procedure. The matter has been documented and is available through official channels.",politicsNews,real
The reserve bank approved a new infrastructure project regarding a tech company's new product,"The official spokesperson said, the Reserve Bank approved a new infrastructure project concerning a tech company's new product earlier today. The report has been reviewed by independent analysts. The figures were cross-checked against previous quarterly data. Officials noted that the process will continue to be monitored closely over the coming weeks, with further updates expected to follow standard procedure. The matter has been documented and is available through official channels.",politicsNews,real
The united nations confirmed a revision in interest rates regarding the new vaccine,"Citing official records, the United Nations confirmed a revision in interest rates concerning the new vaccine earlier today. Officials stated that further details will be released next week. A follow-up briefing is expected to be held later this month. Officials noted that the process will continue to be monitored closely over the coming weeks, with further updates expected to follow standard procedure. The matter has been documented and is available through official channels.",politicsNews,real
The election commission confirmed a revision in interest rates regarding a viral health trend,"According to officials, the Election Commission confirmed a revision in interest rates concerning a viral health trend earlier today. Authorities emphasized that the implementation will be gradual. Stakeholders welcomed the move, citing its long-term benefits. Officials noted that the process will continue to be monitored closely over the coming weeks, with further updates expected to follow standard procedure. The matter has been documented and is available through official channels.",politicsNews,real
The ministry of finance presented the annual budget regarding a major sports event,"According to officials, the Ministry of Finance presented the annual budget concerning a major sports event earlier today. A follow-up briefing is expected to be held later this month. The decision follows months of deliberation among experts. Officials noted that the process will continue to be monitored closely over the coming weeks, with further updates expected to follow standard procedure. The matter has been documented and is available through official channels.",politicsNews,real
The city council released its quarterly report regarding the upcoming election,"The report, published on the official website, stated, the city council released its quarterly report concerning the upcoming election earlier today. Officials stated that further details will be released next week. Authorities emphasized that the implementation will be gradual. Officials noted that the process will continue to be monitored closely over the coming weeks, with further updates expected to follow standard procedure. The matter has been documented and is available through official channels.",politicsNews,real
Researchers at a leading university released findings from a peer-reviewed study regarding the education system,"Citing official records, researchers at a leading university released findings from a peer-reviewed study concerning the education system earlier today. A follow-up briefing is expected to be held later this month. The report has been reviewed by independent analysts. Officials noted that the process will continue to be monitored closely over the coming weeks, with further updates expected to follow standard procedure. The matter has been documented and is available through official channels.",politicsNews,real
The election commission signed an agreement with neighboring countries regarding a political scandal,"According to officials, the Election Commission signed an agreement with neighboring countries concerning a political scandal earlier today. Stakeholders welcomed the move, citing its long-term benefits. The decision follows months of deliberation among experts. Officials noted that the process will continue to be monitored closely over the coming weeks, with further updates expected to follow standard procedure. The matter has been documented and is available through official channels.",politicsNews,real
The reserve bank released findings from a peer-reviewed study regarding a popular celebrity,"The official spokesperson said, the Reserve Bank released findings from a peer-reviewed study concerning a popular celebrity earlier today. Authorities emphasized that the implementation will be gradual. The decision follows months of deliberation among experts. Officials noted that the process will continue to be monitored closely over the coming weeks, with further updates expected to follow standard procedure. The matter has been documented and is available through official channels.",politicsNews,real
The central bank confirmed a revision in interest rates regarding a global pandemic,"Citing official records, the central bank confirmed a revision in interest rates concerning a global pandemic earlier today. The figures were cross-checked against previous quarterly data. Authorities emphasized that the implementation will be gradual. Officials noted that the process will continue to be monitored closely over the coming weeks, with further updates expected to follow standard procedure. The matter has been documented and is available through official channels.",politicsNews,real
Local authorities confirmed a revision in interest rates regarding a major sports event,"Sources within the department confirmed, local authorities confirmed a revision in interest rates concerning a major sports event earlier today. The report has been reviewed by independent analysts. The announcement comes after a series of consultations with industry leaders. Officials noted that the process will continue to be monitored closely over the coming weeks, with further updates expected to follow standard procedure. The matter has been documented and is available through official channels.",politicsNews,real
The department of health concluded an investigation into the matter regarding climate change,"In a statement released on tuesday, the Department of Health concluded an investigation into the matter concerning climate change earlier today. A follow-up briefing is expected to be held later this month. Authorities emphasized that the implementation will be gradual. Officials noted that the process will continue to be monitored closely over the coming weeks, with further updates expected to follow standard procedure. The matter has been documented and is available through official channels.",politicsNews,real
The state government released findings from a peer-reviewed study regarding the new vaccine,"According to officials, the state government released findings from a peer-reviewed study concerning the new vaccine earlier today. The figures were cross-checked against previous quarterly data. Authorities emphasized that the implementation will be gradual. Officials noted that the process will continue to be monitored closely over the coming weeks, with further updates expected to follow standard procedure. The matter has been documented and is available through official channels.",politicsNews,real
The reserve bank held a press conference regarding the upcoming election,"Sources within the department confirmed, the Reserve Bank held a press conference concerning the upcoming election earlier today. Authorities emphasized that the implementation will be gradual. Authorities emphasized that the implementation will be gradual. Officials noted that the process will continue to be monitored closely over the coming weeks, with further updates expected to follow standard procedure. The matter has been documented and is available through official channels.",politicsNews,real
The supreme court published updated guidelines regarding a political scandal,"Citing official records, the Supreme Court published updated guidelines concerning a political scandal earlier today. Officials stated that further details will be released next week. The report has been reviewed by independent analysts. Officials noted that the process will continue to be monitored closely over the coming weeks, with further updates expected to follow standard procedure. The matter has been documented and is available through official channels.",politicsNews,real
The ministry of finance announced a new policy regarding a new technology,"As reported by multiple news agencies, the Ministry of Finance announced a new policy concerning a new technology earlier today. The figures were cross-checked against previous quarterly data. Officials stated that further details will be released next week. Officials noted that the process will continue to be monitored closely over the coming weeks, with further updates expected to follow standard procedure. The matter has been documented and is available through official channels.",politicsNews,real
The united nations released its quarterly report regarding a tech company's new product,"As reported by multiple news agencies, the United Nations released its quarterly report concerning a tech company's new product earlier today. Officials stated that further details will be released next week. A follow-up briefing is expected to be held later this month. Officials noted that the process will continue to be monitored closely over the coming weeks, with further updates expected to follow standard procedure. The matter has been documented and is available through official channels.",politicsNews,real
Local authorities released its quarterly report regarding a global pandemic,"Data verified by independent auditors shows, local authorities released its quarterly report concerning a global pandemic earlier today. The announcement comes after a series of consultations with industry leaders. The report has been reviewed by independent analysts. Officials noted that the process will continue to be monitored closely over the coming weeks, with further updates expected to follow standard procedure. The matter has been documented and is available through official channels.",politicsNews,real
The ministry of finance signed an agreement with neighboring countries regarding the upcoming election,"As reported by multiple news agencies, the Ministry of Finance signed an agreement with neighboring countries concerning the upcoming election earlier today. A follow-up briefing is expected to be held later this month. The decision follows months of deliberation among experts. Officials noted that the process will continue to be monitored closely over the coming weeks, with further updates expected to follow standard procedure. The matter has been documented and is available through official channels.",politicsNews,real
The ministry of finance approved a new infrastructure project regarding the education system,"In a statement released on tuesday, the Ministry of Finance approved a new infrastructure project concerning the education system earlier today. A follow-up briefing is expected to be held later this month. The figures were cross-checked against previous quarterly data. Officials noted that the process will continue to be monitored closely over the coming weeks, with further updates expected to follow standard procedure. The matter has been documented and is available through official channels.",politicsNews,real
The department of health launched a public health initiative regarding climate change,"The report, published on the official website, stated, the Department of Health launched a public health initiative concerning climate change earlier today. The report has been reviewed by independent analysts. The report has been reviewed by independent analysts. Officials noted that the process will continue to be monitored closely over the coming weeks, with further updates expected to follow standard procedure. The matter has been documented and is available through official channels.",politicsNews,real
The election commission held a press conference regarding the stock market,"As reported by multiple news agencies, the Election Commission held a press conference concerning the stock market earlier today. Stakeholders welcomed the move, citing its long-term benefits. Authorities emphasized that the implementation will be gradual. Officials noted that the process will continue to be monitored closely over the coming weeks, with further updates expected to follow standard procedure. The matter has been documented and is available through official channels.",politicsNews,real
The world health organization issued an official statement regarding a viral health trend,"Data verified by independent auditors shows, the World Health Organization issued an official statement concerning a viral health trend earlier today. Officials stated that further details will be released next week. The report has been reviewed by independent analysts. Officials noted that the process will continue to be monitored closely over the coming weeks, with further updates expected to follow standard procedure. The matter has been documented and is available through official channels.",politicsNews,real
Researchers at a leading university announced a new policy regarding the economy,"Sources within the department confirmed, researchers at a leading university announced a new policy concerning the economy earlier today. The announcement comes after a series of consultations with industry leaders. Stakeholders welcomed the move, citing its long-term benefits. Officials noted that the process will continue to be monitored closely over the coming weeks, with further updates expected to follow standard procedure. The matter has been documented and is available through official channels.",politicsNews,real
The central bank issued an official statement regarding a natural disaster,"Data verified by independent auditors shows, the central bank issued an official statement concerning a natural disaster earlier today. The announcement comes after a series of consultations with industry leaders. A follow-up briefing is expected to be held later this month. Officials noted that the process will continue to be monitored closely over the coming weeks, with further updates expected to follow standard procedure. The matter has been documented and is available through official channels.",politicsNews,real
Local authorities announced a new policy regarding a new technology,"As reported by multiple news agencies, local authorities announced a new policy concerning a new technology earlier today. The figures were cross-checked against previous quarterly data. A follow-up briefing is expected to be held later this month. Officials noted that the process will continue to be monitored closely over the coming weeks, with further updates expected to follow standard procedure. The matter has been documented and is available through official channels.",politicsNews,real
Researchers at a leading university scheduled a meeting with stakeholders regarding the education system,"The report, published on the official website, stated, researchers at a leading university scheduled a meeting with stakeholders concerning the education system earlier today. Authorities emphasized that the implementation will be gradual. The figures were cross-checked against previous quarterly data. Officials noted that the process will continue to be monitored closely over the coming weeks, with further updates expected to follow standard procedure. The matter has been documented and is available through official channels.",politicsNews,real
The ministry of finance approved a new infrastructure project regarding the upcoming election,"Citing official records, the Ministry of Finance approved a new infrastructure project concerning the upcoming election earlier today. The report has been reviewed by independent analysts. Officials stated that further details will be released next week. Officials noted that the process will continue to be monitored closely over the coming weeks, with further updates expected to follow standard procedure. The matter has been documented and is available through official channels.",politicsNews,real
Researchers at a leading university held a press conference regarding a global pandemic,"The report, published on the official website, stated, researchers at a leading university held a press conference concerning a global pandemic earlier today. Authorities emphasized that the implementation will be gradual. Stakeholders welcomed the move, citing its long-term benefits. Officials noted that the process will continue to be monitored closely over the coming weeks, with further updates expected to follow standard procedure. The matter has been documented and is available through official channels.",politicsNews,real
The central bank approved a new infrastructure project regarding the economy,"Citing official records, the central bank approved a new infrastructure project concerning the economy earlier today. Officials stated that further details will be released next week. The figures were cross-checked against previous quarterly data. Officials noted that the process will continue to be monitored closely over the coming weeks, with further updates expected to follow standard procedure. The matter has been documented and is available through official channels.",politicsNews,real
The reserve bank approved a new infrastructure project regarding a viral health trend,"Citing official records, the Reserve Bank approved a new infrastructure project concerning a viral health trend earlier today. A follow-up briefing is expected to be held later this month. The announcement comes after a series of consultations with industry leaders. Officials noted that the process will continue to be monitored closely over the coming weeks, with further updates expected to follow standard procedure. The matter has been documented and is available through official channels.",politicsNews,real
Local authorities published updated guidelines regarding the stock market,"In a statement released on tuesday, local authorities published updated guidelines concerning the stock market earlier today. The decision follows months of deliberation among experts. The figures were cross-checked against previous quarterly data. Officials noted that the process will continue to be monitored closely over the coming weeks, with further updates expected to follow standard procedure. The matter has been documented and is available through official channels.",politicsNews,real
The prime minister's office presented the annual budget regarding a political scandal,"Citing official records, the Prime Minister's Office presented the annual budget concerning a political scandal earlier today. The announcement comes after a series of consultations with industry leaders. Officials stated that further details will be released next week. Officials noted that the process will continue to be monitored closely over the coming weeks, with further updates expected to follow standard procedure. The matter has been documented and is available through official channels.",politicsNews,real
The city council held a press conference regarding a viral health trend,"The official spokesperson said, the city council held a press conference concerning a viral health trend earlier today. The figures were cross-checked against previous quarterly data. The decision follows months of deliberation among experts. Officials noted that the process will continue to be monitored closely over the coming weeks, with further updates expected to follow standard procedure. The matter has been documented and is available through official channels.",politicsNews,real
Nasa launched a public health initiative regarding a viral health trend,"As reported by multiple news agencies, NASA launched a public health initiative concerning a viral health trend earlier today. The report has been reviewed by independent analysts. Authorities emphasized that the implementation will be gradual. Officials noted that the process will continue to be monitored closely over the coming weeks, with further updates expected to follow standard procedure. The matter has been documented and is available through official channels.",politicsNews,real
Nasa presented the annual budget regarding the education system,"Citing official records, NASA presented the annual budget concerning the education system earlier today. The announcement comes after a series of consultations with industry leaders. A follow-up briefing is expected to be held later this month. Officials noted that the process will continue to be monitored closely over the coming weeks, with further updates expected to follow standard procedure. The matter has been documented and is available through official channels.",politicsNews,real
The european central bank approved a new infrastructure project regarding a viral health trend,"According to officials, the European Central Bank approved a new infrastructure project concerning a viral health trend earlier today. A follow-up briefing is expected to be held later this month. The announcement comes after a series of consultations with industry leaders. Officials noted that the process will continue to be monitored closely over the coming weeks, with further updates expected to follow standard procedure. The matter has been documented and is available through official channels.",politicsNews,real
The world health organization presented the annual budget regarding climate change,"In a statement released on tuesday, the World Health Organization presented the annual budget concerning climate change earlier today. Stakeholders welcomed the move, citing its long-term benefits. The decision follows months of deliberation among experts. Officials noted that the process will continue to be monitored closely over the coming weeks, with further updates expected to follow standard procedure. The matter has been documented and is available through official channels.",politicsNews,real
The supreme court confirmed a revision in interest rates regarding a major sports event,"As reported by multiple news agencies, the Supreme Court confirmed a revision in interest rates concerning a major sports event earlier today. Stakeholders welcomed the move, citing its long-term benefits. The figures were cross-checked against previous quarterly data. Officials noted that the process will continue to be monitored closely over the coming weeks, with further updates expected to follow standard procedure. The matter has been documented and is available through official channels.",politicsNews,real
Nasa signed an agreement with neighboring countries regarding a natural disaster,"The report, published on the official website, stated, NASA signed an agreement with neighboring countries concerning a natural disaster earlier today. A follow-up briefing is expected to be held later this month. The figures were cross-checked against previous quarterly data. Officials noted that the process will continue to be monitored closely over the coming weeks, with further updates expected to follow standard procedure. The matter has been documented and is available through official channels.",politicsNews,real
The state government released findings from a peer-reviewed study regarding a viral health trend,"Data verified by independent auditors shows, the state government released findings from a peer-reviewed study concerning a viral health trend earlier today. A follow-up briefing is expected to be held later this month. Stakeholders welcomed the move, citing its long-term benefits. Officials noted that the process will continue to be monitored closely over the coming weeks, with further updates expected to follow standard procedure. The matter has been documented and is available through official channels.",politicsNews,real
Local authorities signed an agreement with neighboring countries regarding the stock market,"Citing official records, local authorities signed an agreement with neighboring countries concerning the stock market earlier today. A follow-up briefing is expected to be held later this month. Authorities emphasized that the implementation will be gradual. Officials noted that the process will continue to be monitored closely over the coming weeks, with further updates expected to follow standard procedure. The matter has been documented and is available through official channels.",politicsNews,real
The central bank confirmed a revision in interest rates regarding a political scandal,"The report, published on the official website, stated, the central bank confirmed a revision in interest rates concerning a political scandal earlier today. The report has been reviewed by independent analysts. The announcement comes after a series of consultations with industry leaders. Officials noted that the process will continue to be monitored closely over the coming weeks, with further updates expected to follow standard procedure. The matter has been documented and is available through official channels.",politicsNews,real
Local authorities launched a public health initiative regarding the upcoming election,"The official spokesperson said, local authorities launched a public health initiative concerning the upcoming election earlier today. The announcement comes after a series of consultations with industry leaders. The announcement comes after a series of consultations with industry leaders. Officials noted that the process will continue to be monitored closely over the coming weeks, with further updates expected to follow standard procedure. The matter has been documented and is available through official channels.",politicsNews,real
The state government signed an agreement with neighboring countries regarding the new vaccine,"According to officials, the state government signed an agreement with neighboring countries concerning the new vaccine earlier today. The figures were cross-checked against previous quarterly data. Authorities emphasized that the implementation will be gradual. Officials noted that the process will continue to be monitored closely over the coming weeks, with further updates expected to follow standard procedure. The matter has been documented and is available through official channels.",politicsNews,real
Nasa held a press conference regarding a natural disaster,"In a statement released on tuesday, NASA held a press conference concerning a natural disaster earlier today. A follow-up briefing is expected to be held later this month. A follow-up briefing is expected to be held later this month. Officials noted that the process will continue to be monitored closely over the coming weeks, with further updates expected to follow standard procedure. The matter has been documented and is available through official channels.",politicsNews,real
The central bank released findings from a peer-reviewed study regarding a natural disaster,"Sources within the department confirmed, the central bank released findings from a peer-reviewed study concerning a natural disaster earlier today. Stakeholders welcomed the move, citing its long-term benefits. The decision follows months of deliberation among experts. Officials noted that the process will continue to be monitored closely over the coming weeks, with further updates expected to follow standard procedure. The matter has been documented and is available through official channels.",politicsNews,real
The city council launched a public health initiative regarding a global pandemic,"As reported by multiple news agencies, the city council launched a public health initiative concerning a global pandemic earlier today. The announcement comes after a series of consultations with industry leaders. The decision follows months of deliberation among experts. Officials noted that the process will continue to be monitored closely over the coming weeks, with further updates expected to follow standard procedure. The matter has been documented and is available through official channels.",politicsNews,real
The department of health issued an official statement regarding a global pandemic,"Citing official records, the Department of Health issued an official statement concerning a global pandemic earlier today. The report has been reviewed by independent analysts. A follow-up briefing is expected to be held later this month. Officials noted that the process will continue to be monitored closely over the coming weeks, with further updates expected to follow standard procedure. The matter has been documented and is available through official channels.",politicsNews,real
The state government approved a new infrastructure project regarding the economy,"As reported by multiple news agencies, the state government approved a new infrastructure project concerning the economy earlier today. Authorities emphasized that the implementation will be gradual. The announcement comes after a series of consultations with industry leaders. Officials noted that the process will continue to be monitored closely over the coming weeks, with further updates expected to follow standard procedure. The matter has been documented and is available through official channels.",politicsNews,real
Nasa published updated guidelines regarding a major sports event,"Sources within the department confirmed, NASA published updated guidelines concerning a major sports event earlier today. Officials stated that further details will be released next week. The report has been reviewed by independent analysts. Officials noted that the process will continue to be monitored closely over the coming weeks, with further updates expected to follow standard procedure. The matter has been documented and is available through official channels.",politicsNews,real
The election commission confirmed a revision in interest rates regarding a new technology,"The official spokesperson said, the Election Commission confirmed a revision in interest rates concerning a new technology earlier today. The announcement comes after a series of consultations with industry leaders. Authorities emphasized that the implementation will be gradual. Officials noted that the process will continue to be monitored closely over the coming weeks, with further updates expected to follow standard procedure. The matter has been documented and is available through official channels.",politicsNews,real
The reserve bank issued an official statement regarding a new technology,"Sources within the department confirmed, the Reserve Bank issued an official statement concerning a new technology earlier today. The announcement comes after a series of consultations with industry leaders. The report has been reviewed by independent analysts. Officials noted that the process will continue to be monitored closely over the coming weeks, with further updates expected to follow standard procedure. The matter has been documented and is available through official channels.",politicsNews,real
The supreme court concluded an investigation into the matter regarding the upcoming election,"The official spokesperson said, the Supreme Court concluded an investigation into the matter concerning the upcoming election earlier today. The report has been reviewed by independent analysts. A follow-up briefing is expected to be held later this month. Officials noted that the process will continue to be monitored closely over the coming weeks, with further updates expected to follow standard procedure. The matter has been documented and is available through official channels.",politicsNews,real
The city council signed an agreement with neighboring countries regarding the housing market,"Sources within the department confirmed, the city council signed an agreement with neighboring countries concerning the housing market earlier today. A follow-up briefing is expected to be held later this month. Authorities emphasized that the implementation will be gradual. Officials noted that the process will continue to be monitored closely over the coming weeks, with further updates expected to follow standard procedure. The matter has been documented and is available through official channels.",politicsNews,real
The world health organization published updated guidelines regarding the new vaccine,"Citing official records, the World Health Organization published updated guidelines concerning the new vaccine earlier today. Stakeholders welcomed the move, citing its long-term benefits. A follow-up briefing is expected to be held later this month. Officials noted that the process will continue to be monitored closely over the coming weeks, with further updates expected to follow standard procedure. The matter has been documented and is available through official channels.",politicsNews,real
The world health organization presented the annual budget regarding a new technology,"In a statement released on tuesday, the World Health Organization presented the annual budget concerning a new technology earlier today. The decision follows months of deliberation among experts. A follow-up briefing is expected to be held later this month. Officials noted that the process will continue to be monitored closely over the coming weeks, with further updates expected to follow standard procedure. The matter has been documented and is available through official channels.",politicsNews,real
Local authorities signed an agreement with neighboring countries regarding the economy,"Sources within the department confirmed, local authorities signed an agreement with neighboring countries concerning the economy earlier today. The figures were cross-checked against previous quarterly data. Authorities emphasized that the implementation will be gradual. Officials noted that the process will continue to be monitored closely over the coming weeks, with further updates expected to follow standard procedure. The matter has been documented and is available through official channels.",politicsNews,real
The reserve bank approved a new infrastructure project regarding climate change,"In a statement released on tuesday, the Reserve Bank approved a new infrastructure project concerning climate change earlier today. The report has been reviewed by independent analysts. The figures were cross-checked against previous quarterly data. Officials noted that the process will continue to be monitored closely over the coming weeks, with further updates expected to follow standard procedure. The matter has been documented and is available through official channels.",politicsNews,real
The ministry of finance issued an official statement regarding a natural disaster,"As reported by multiple news agencies, the Ministry of Finance issued an official statement concerning a natural disaster earlier today. Authorities emphasized that the implementation will be gradual. Officials stated that further details will be released next week. Officials noted that the process will continue to be monitored closely over the coming weeks, with further updates expected to follow standard procedure. The matter has been documented and is available through official channels.",politicsNews,real
Researchers at a leading university announced a new policy regarding a popular celebrity,"According to officials, researchers at a leading university announced a new policy concerning a popular celebrity earlier today. A follow-up briefing is expected to be held later this month. The figures were cross-checked against previous quarterly data. Officials noted that the process will continue to be monitored closely over the coming weeks, with further updates expected to follow standard procedure. The matter has been documented and is available through official channels.",politicsNews,real
The world health organization approved a new infrastructure project regarding a global pandemic,"The official spokesperson said, the World Health Organization approved a new infrastructure project concerning a global pandemic earlier today. Officials stated that further details will be released next week. The decision follows months of deliberation among experts. Officials noted that the process will continue to be monitored closely over the coming weeks, with further updates expected to follow standard procedure. The matter has been documented and is available through official channels.",politicsNews,real
The united nations released its quarterly report regarding a viral health trend,"Sources within the department confirmed, the United Nations released its quarterly report concerning a viral health trend earlier today. The decision follows months of deliberation among experts. A follow-up briefing is expected to be held later this month. Officials noted that the process will continue to be monitored closely over the coming weeks, with further updates expected to follow standard procedure. The matter has been documented and is available through official channels.",politicsNews,real
The department of health signed an agreement with neighboring countries regarding a political scandal,"The official spokesperson said, the Department of Health signed an agreement with neighboring countries concerning a political scandal earlier today. The decision follows months of deliberation among experts. The report has been reviewed by independent analysts. Officials noted that the process will continue to be monitored closely over the coming weeks, with further updates expected to follow standard procedure. The matter has been documented and is available through official channels.",politicsNews,real
The united nations approved a new infrastructure project regarding a natural disaster,"As reported by multiple news agencies, the United Nations approved a new infrastructure project concerning a natural disaster earlier today. Stakeholders welcomed the move, citing its long-term benefits. The figures were cross-checked against previous quarterly data. Officials noted that the process will continue to be monitored closely over the coming weeks, with further updates expected to follow standard procedure. The matter has been documented and is available through official channels.",politicsNews,real
Nasa launched a public health initiative regarding the stock market,"According to officials, NASA launched a public health initiative concerning the stock market earlier today. The figures were cross-checked against previous quarterly data. Authorities emphasized that the implementation will be gradual. Officials noted that the process will continue to be monitored closely over the coming weeks, with further updates expected to follow standard procedure. The matter has been documented and is available through official channels.",politicsNews,real
The world health organization released findings from a peer-reviewed study regarding the upcoming election,"Citing official records, the World Health Organization released findings from a peer-reviewed study concerning the upcoming election earlier today. Stakeholders welcomed the move, citing its long-term benefits. The announcement comes after a series of consultations with industry leaders. Officials noted that the process will continue to be monitored closely over the coming weeks, with further updates expected to follow standard procedure. The matter has been documented and is available through official channels.",politicsNews,real
The prime minister's office presented the annual budget regarding a major sports event,"As reported by multiple news agencies, the Prime Minister's Office presented the annual budget concerning a major sports event earlier today. Stakeholders welcomed the move, citing its long-term benefits. The announcement comes after a series of consultations with industry leaders. Officials noted that the process will continue to be monitored closely over the coming weeks, with further updates expected to follow standard procedure. The matter has been documented and is available through official channels.",politicsNews,real
The ministry of finance presented the annual budget regarding the economy,"The official spokesperson said, the Ministry of Finance presented the annual budget concerning the economy earlier today. The announcement comes after a series of consultations with industry leaders. The figures were cross-checked against previous quarterly data. Officials noted that the process will continue to be monitored closely over the coming weeks, with further updates expected to follow standard procedure. The matter has been documented and is available through official channels.",politicsNews,real
The city council released findings from a peer-reviewed study regarding a new technology,"The official spokesperson said, the city council released findings from a peer-reviewed study concerning a new technology earlier today. Stakeholders welcomed the move, citing its long-term benefits. Authorities emphasized that the implementation will be gradual. Officials noted that the process will continue to be monitored closely over the coming weeks, with further updates expected to follow standard procedure. The matter has been documented and is available through official channels.",politicsNews,real
Local authorities released findings from a peer-reviewed study regarding a global pandemic,"Citing official records, local authorities released findings from a peer-reviewed study concerning a global pandemic earlier today. Stakeholders welcomed the move, citing its long-term benefits. Stakeholders welcomed the move, citing its long-term benefits. Officials noted that the process will continue to be monitored closely over the coming weeks, with further updates expected to follow standard procedure. The matter has been documented and is available through official channels.",politicsNews,real
The department of health presented the annual budget regarding a popular celebrity,"The report, published on the official website, stated, the Department of Health presented the annual budget concerning a popular celebrity earlier today. The announcement comes after a series of consultations with industry leaders. Authorities emphasized that the implementation will be gradual. Officials noted that the process will continue to be monitored closely over the coming weeks, with further updates expected to follow standard procedure. The matter has been documented and is available through official channels.",politicsNews,real
The central bank signed an agreement with neighboring countries regarding the stock market,"The report, published on the official website, stated, the central bank signed an agreement with neighboring countries concerning the stock market earlier today. The figures were cross-checked against previous quarterly data. The decision follows months of deliberation among experts. Officials noted that the process will continue to be monitored closely over the coming weeks, with further updates expected to follow standard procedure. The matter has been documented and is available through official channels.",politicsNews,real
The election commission held a press conference regarding the stock market,"The official spokesperson said, the Election Commission held a press conference concerning the stock market earlier today. Stakeholders welcomed the move, citing its long-term benefits. The figures were cross-checked against previous quarterly data. Officials noted that the process will continue to be monitored closely over the coming weeks, with further updates expected to follow standard procedure. The matter has been documented and is available through official channels.",politicsNews,real
The city council launched a public health initiative regarding a new technology,"Citing official records, the city council launched a public health initiative concerning a new technology earlier today. The report has been reviewed by independent analysts. Authorities emphasized that the implementation will be gradual. Officials noted that the process will continue to be monitored closely over the coming weeks, with further updates expected to follow standard procedure. The matter has been documented and is available through official channels.",politicsNews,real
Researchers at a leading university released its quarterly report regarding a political scandal,"According to officials, researchers at a leading university released its quarterly report concerning a political scandal earlier today. The decision follows months of deliberation among experts. The figures were cross-checked against previous quarterly data. Officials noted that the process will continue to be monitored closely over the coming weeks, with further updates expected to follow standard procedure. The matter has been documented and is available through official channels.",politicsNews,real
The united nations presented the annual budget regarding the stock market,"Citing official records, the United Nations presented the annual budget concerning the stock market earlier today. The decision follows months of deliberation among experts. A follow-up briefing is expected to be held later this month. Officials noted that the process will continue to be monitored closely over the coming weeks, with further updates expected to follow standard procedure. The matter has been documented and is available through official channels.",politicsNews,real
The reserve bank presented the annual budget regarding the housing market,"Data verified by independent auditors shows, the Reserve Bank presented the annual budget concerning the housing market earlier today. The announcement comes after a series of consultations with industry leaders. The decision follows months of deliberation among experts. Officials noted that the process will continue to be monitored closely over the coming weeks, with further updates expected to follow standard procedure. The matter has been documented and is available through official channels.",politicsNews,real
The central bank released its quarterly report regarding the upcoming election,"As reported by multiple news agencies, the central bank released its quarterly report concerning the upcoming election earlier today. Stakeholders welcomed the move, citing its long-term benefits. The announcement comes after a series of consultations with industry leaders. Officials noted that the process will continue to be monitored closely over the coming weeks, with further updates expected to follow standard procedure. The matter has been documented and is available through official channels.",politicsNews,real
The department of health concluded an investigation into the matter regarding the education system,"The official spokesperson said, the Department of Health concluded an investigation into the matter concerning the education system earlier today. Stakeholders welcomed the move, citing its long-term benefits. The announcement comes after a series of consultations with industry leaders. Officials noted that the process will continue to be monitored closely over the coming weeks, with further updates expected to follow standard procedure. The matter has been documented and is available through official channels.",politicsNews,real
The prime minister's office presented the annual budget regarding the economy,"Citing official records, the Prime Minister's Office presented the annual budget concerning the economy earlier today. The decision follows months of deliberation among experts. The report has been reviewed by independent analysts. Officials noted that the process will continue to be monitored closely over the coming weeks, with further updates expected to follow standard procedure. The matter has been documented and is available through official channels.",politicsNews,real
The central bank presented the annual budget regarding the upcoming election,"According to officials, the central bank presented the annual budget concerning the upcoming election earlier today. Stakeholders welcomed the move, citing its long-term benefits. A follow-up briefing is expected to be held later this month. Officials noted that the process will continue to be monitored closely over the coming weeks, with further updates expected to follow standard procedure. The matter has been documented and is available through official channels.",politicsNews,real
The world health organization published updated guidelines regarding the upcoming election,"According to officials, the World Health Organization published updated guidelines concerning the upcoming election earlier today. The report has been reviewed by independent analysts. The figures were cross-checked against previous quarterly data. Officials noted that the process will continue to be monitored closely over the coming weeks, with further updates expected to follow standard procedure. The matter has been documented and is available through official channels.",politicsNews,real
The state government presented the annual budget regarding a major sports event,"The report, published on the official website, stated, the state government presented the annual budget concerning a major sports event earlier today. The report has been reviewed by independent analysts. Officials stated that further details will be released next week. Officials noted that the process will continue to be monitored closely over the coming weeks, with further updates expected to follow standard procedure. The matter has been documented and is available through official channels.",politicsNews,real
The united nations released its quarterly report regarding a viral health trend,"The report, published on the official website, stated, the United Nations released its quarterly report concerning a viral health trend earlier today. The figures were cross-checked against previous quarterly data. Authorities emphasized that the implementation will be gradual. Officials noted that the process will continue to be monitored closely over the coming weeks, with further updates expected to follow standard procedure. The matter has been documented and is available through official channels.",politicsNews,real
The united nations published updated guidelines regarding a major sports event,"In a statement released on tuesday, the United Nations published updated guidelines concerning a major sports event earlier today. The report has been reviewed by independent analysts. The figures were cross-checked against previous quarterly data. Officials noted that the process will continue to be monitored closely over the coming weeks, with further updates expected to follow standard procedure. The matter has been documented and is available through official channels.",politicsNews,real
The ministry of finance approved a new infrastructure project regarding a major sports event,"As reported by multiple news agencies, the Ministry of Finance approved a new infrastructure project concerning a major sports event earlier today. The report has been reviewed by independent analysts. The figures were cross-checked against previous quarterly data. Officials noted that the process will continue to be monitored closely over the coming weeks, with further updates expected to follow standard procedure. The matter has been documented and is available through official channels.",politicsNews,real
The department of health published updated guidelines regarding the new vaccine,"Data verified by independent auditors shows, the Department of Health published updated guidelines concerning the new vaccine earlier today. The report has been reviewed by independent analysts. Officials stated that further details will be released next week. Officials noted that the process will continue to be monitored closely over the coming weeks, with further updates expected to follow standard procedure. The matter has been documented and is available through official channels.",politicsNews,real
The reserve bank released its quarterly report regarding the housing market,"The report, published on the official website, stated, the Reserve Bank released its quarterly report concerning the housing market earlier today. Officials stated that further details will be released next week. Authorities emphasized that the implementation will be gradual. Officials noted that the process will continue to be monitored closely over the coming weeks, with further updates expected to follow standard procedure. The matter has been documented and is available through official channels.",politicsNews,real
Local authorities presented the annual budget regarding a viral health trend,"The official spokesperson said, local authorities presented the annual budget concerning a viral health trend earlier today. The report has been reviewed by independent analysts. The figures were cross-checked against previous quarterly data. Officials noted that the process will continue to be monitored closely over the coming weeks, with further updates expected to follow standard procedure. The matter has been documented and is available through official channels.",politicsNews,real
The world health organization released its quarterly report regarding a major sports event,"As reported by multiple news agencies, the World Health Organization released its quarterly report concerning a major sports event earlier today. The announcement comes after a series of consultations with industry leaders. The figures were cross-checked against previous quarterly data. Officials noted that the process will continue to be monitored closely over the coming weeks, with further updates expected to follow standard procedure. The matter has been documented and is available through official channels.",politicsNews,real
Local authorities issued an official statement regarding a viral health trend,"Citing official records, local authorities issued an official statement concerning a viral health trend earlier today. Stakeholders welcomed the move, citing its long-term benefits. A follow-up briefing is expected to be held later this month. Officials noted that the process will continue to be monitored closely over the coming weeks, with further updates expected to follow standard procedure. The matter has been documented and is available through official channels.",politicsNews,real
Researchers at a leading university concluded an investigation into the matter regarding a political scandal,"In a statement released on tuesday, researchers at a leading university concluded an investigation into the matter concerning a political scandal earlier today. Authorities emphasized that the implementation will be gradual. A follow-up briefing is expected to be held later this month. Officials noted that the process will continue to be monitored closely over the coming weeks, with further updates expected to follow standard procedure. The matter has been documented and is available through official channels.",politicsNews,real
The department of health published updated guidelines regarding a major sports event,"As reported by multiple news agencies, the Department of Health published updated guidelines concerning a major sports event earlier today. Authorities emphasized that the implementation will be gradual. The announcement comes after a series of consultations with industry leaders. Officials noted that the process will continue to be monitored closely over the coming weeks, with further updates expected to follow standard procedure. The matter has been documented and is available through official channels.",politicsNews,real
The prime minister's office approved a new infrastructure project regarding the stock market,"In a statement released on tuesday, the Prime Minister's Office approved a new infrastructure project concerning the stock market earlier today. Officials stated that further details will be released next week. Stakeholders welcomed the move, citing its long-term benefits. Officials noted that the process will continue to be monitored closely over the coming weeks, with further updates expected to follow standard procedure. The matter has been documented and is available through official channels.",politicsNews,real
Local authorities signed an agreement with neighboring countries regarding a political scandal,"Citing official records, local authorities signed an agreement with neighboring countries concerning a political scandal earlier today. The announcement comes after a series of consultations with industry leaders. Officials stated that further details will be released next week. Officials noted that the process will continue to be monitored closely over the coming weeks, with further updates expected to follow standard procedure. The matter has been documented and is available through official channels.",politicsNews,real
The election commission issued an official statement regarding the education system,"As reported by multiple news agencies, the Election Commission issued an official statement concerning the education system earlier today. The figures were cross-checked against previous quarterly data. The figures were cross-checked against previous quarterly data. Officials noted that the process will continue to be monitored closely over the coming weeks, with further updates expected to follow standard procedure. The matter has been documented and is available through official channels.",politicsNews,real
Nasa announced a new policy regarding the education system,"The report, published on the official website, stated, NASA announced a new policy concerning the education system earlier today. Officials stated that further details will be released next week. Officials stated that further details will be released next week. Officials noted that the process will continue to be monitored closely over the coming weeks, with further updates expected to follow standard procedure. The matter has been documented and is available through official channels.",politicsNews,real
The city council published updated guidelines regarding the new vaccine,"In a statement released on tuesday, the city council published updated guidelines concerning the new vaccine earlier today. The decision follows months of deliberation among experts. Officials stated that further details will be released next week. Officials noted that the process will continue to be monitored closely over the coming weeks, with further updates expected to follow standard procedure. The matter has been documented and is available through official channels.",politicsNews,real
The department of health released findings from a peer-reviewed study regarding the stock market,"As reported by multiple news agencies, the Department of Health released findings from a peer-reviewed study concerning the stock market earlier today. The decision follows months of deliberation among experts. A follow-up briefing is expected to be held later this month. Officials noted that the process will continue to be monitored closely over the coming weeks, with further updates expected to follow standard procedure. The matter has been documented and is available through official channels.",politicsNews,real
Researchers at a leading university scheduled a meeting with stakeholders regarding the stock market,"As reported by multiple news agencies, researchers at a leading university scheduled a meeting with stakeholders concerning the stock market earlier today. The announcement comes after a series of consultations with industry leaders. Authorities emphasized that the implementation will be gradual. Officials noted that the process will continue to be monitored closely over the coming weeks, with further updates expected to follow standard procedure. The matter has been documented and is available through official channels.",politicsNews,real
The department of health scheduled a meeting with stakeholders regarding the stock market,"Citing official records, the Department of Health scheduled a meeting with stakeholders concerning the stock market earlier today. Officials stated that further details will be released next week. The announcement comes after a series of consultations with industry leaders. Officials noted that the process will continue to be monitored closely over the coming weeks, with further updates expected to follow standard procedure. The matter has been documented and is available through official channels.",politicsNews,real
The state government released findings from a peer-reviewed study regarding a global pandemic,"As reported by multiple news agencies, the state government released findings from a peer-reviewed study concerning a global pandemic earlier today. Stakeholders welcomed the move, citing its long-term benefits. The report has been reviewed by independent analysts. Officials noted that the process will continue to be monitored closely over the coming weeks, with further updates expected to follow standard procedure. The matter has been documented and is available through official channels.",politicsNews,real
The united nations released findings from a peer-reviewed study regarding a natural disaster,"In a statement released on tuesday, the United Nations released findings from a peer-reviewed study concerning a natural disaster earlier today. The report has been reviewed by independent analysts. The report has been reviewed by independent analysts. Officials noted that the process will continue to be monitored closely over the coming weeks, with further updates expected to follow standard procedure. The matter has been documented and is available through official channels.",politicsNews,real
The department of health concluded an investigation into the matter regarding a major sports event,"In a statement released on tuesday, the Department of Health concluded an investigation into the matter concerning a major sports event earlier today. The decision follows months of deliberation among experts. Stakeholders welcomed the move, citing its long-term benefits. Officials noted that the process will continue to be monitored closely over the coming weeks, with further updates expected to follow standard procedure. The matter has been documented and is available through official channels.",politicsNews,real
The supreme court published updated guidelines regarding a new technology,"The official spokesperson said, the Supreme Court published updated guidelines concerning a new technology earlier today. Officials stated that further details will be released next week. The announcement comes after a series of consultations with industry leaders. Officials noted that the process will continue to be monitored closely over the coming weeks, with further updates expected to follow standard procedure. The matter has been documented and is available through official channels.",politicsNews,real
The european central bank released its quarterly report regarding the stock market,"The report, published on the official website, stated, the European Central Bank released its quarterly report concerning the stock market earlier today. A follow-up briefing is expected to be held later this month. The report has been reviewed by independent analysts. Officials noted that the process will continue to be monitored closely over the coming weeks, with further updates expected to follow standard procedure. The matter has been documented and is available through official channels.",politicsNews,real
The supreme court released its quarterly report regarding a popular celebrity,"The official spokesperson said, the Supreme Court released its quarterly report concerning a popular celebrity earlier today. Officials stated that further details will be released next week. The report has been reviewed by independent analysts. Officials noted that the process will continue to be monitored closely over the coming weeks, with further updates expected to follow standard procedure. The matter has been documented and is available through official channels.",politicsNews,real
The european central bank held a press conference regarding a major sports event,"In a statement released on tuesday, the European Central Bank held a press conference concerning a major sports event earlier today. The report has been reviewed by independent analysts. A follow-up briefing is expected to be held later this month. Officials noted that the process will continue to be monitored closely over the coming weeks, with further updates expected to follow standard procedure. The matter has been documented and is available through official channels.",politicsNews,real
The election commission held a press conference regarding the stock market,"As reported by multiple news agencies, the Election Commission held a press conference concerning the stock market earlier today. A follow-up briefing is expected to be held later this month. The decision follows months of deliberation among experts. Officials noted that the process will continue to be monitored closely over the coming weeks, with further updates expected to follow standard procedure. The matter has been documented and is available through official channels.",politicsNews,real
Nasa presented the annual budget regarding a major sports event,"Citing official records, NASA presented the annual budget concerning a major sports event earlier today. A follow-up briefing is expected to be held later this month. The figures were cross-checked against previous quarterly data. Officials noted that the process will continue to be monitored closely over the coming weeks, with further updates expected to follow standard procedure. The matter has been documented and is available through official channels.",politicsNews,real
The city council released findings from a peer-reviewed study regarding a popular celebrity,"The official spokesperson said, the city council released findings from a peer-reviewed study concerning a popular celebrity earlier today. The decision follows months of deliberation among experts. The announcement comes after a series of consultations with industry leaders. Officials noted that the process will continue to be monitored closely over the coming weeks, with further updates expected to follow standard procedure. The matter has been documented and is available through official channels.",politicsNews,real
Nasa presented the annual budget regarding a viral health trend,"Sources within the department confirmed, NASA presented the annual budget concerning a viral health trend earlier today. Officials stated that further details will be released next week. The announcement comes after a series of consultations with industry leaders. Officials noted that the process will continue to be monitored closely over the coming weeks, with further updates expected to follow standard procedure. The matter has been documented and is available through official channels.",politicsNews,real
Nasa signed an agreement with neighboring countries regarding the new vaccine,"In a statement released on tuesday, NASA signed an agreement with neighboring countries concerning the new vaccine earlier today. Stakeholders welcomed the move, citing its long-term benefits. The announcement comes after a series of consultations with industry leaders. Officials noted that the process will continue to be monitored closely over the coming weeks, with further updates expected to follow standard procedure. The matter has been documented and is available through official channels.",politicsNews,real
Researchers at a leading university released its quarterly report regarding the upcoming election,"The official spokesperson said, researchers at a leading university released its quarterly report concerning the upcoming election earlier today. Authorities emphasized that the implementation will be gradual. The figures were cross-checked against previous quarterly data. Officials noted that the process will continue to be monitored closely over the coming weeks, with further updates expected to follow standard procedure. The matter has been documented and is available through official channels.",politicsNews,real
The city council announced a new policy regarding the housing market,"The report, published on the official website, stated, the city council announced a new policy concerning the housing market earlier today. The announcement comes after a series of consultations with industry leaders. The report has been reviewed by independent analysts. Officials noted that the process will continue to be monitored closely over the coming weeks, with further updates expected to follow standard procedure. The matter has been documented and is available through official channels.",politicsNews,real
The world health organization released findings from a peer-reviewed study regarding a global pandemic,"In a statement released on tuesday, the World Health Organization released findings from a peer-reviewed study concerning a global pandemic earlier today. The decision follows months of deliberation among experts. The announcement comes after a series of consultations with industry leaders. Officials noted that the process will continue to be monitored closely over the coming weeks, with further updates expected to follow standard procedure. The matter has been documented and is available through official channels.",politicsNews,real
Researchers at a leading university signed an agreement with neighboring countries regarding a new technology,"In a statement released on tuesday, researchers at a leading university signed an agreement with neighboring countries concerning a new technology earlier today. The report has been reviewed by independent analysts. The announcement comes after a series of consultations with industry leaders. Officials noted that the process will continue to be monitored closely over the coming weeks, with further updates expected to follow standard procedure. The matter has been documented and is available through official channels.",politicsNews,real
The prime minister's office presented the annual budget regarding the education system,"Data verified by independent auditors shows, the Prime Minister's Office presented the annual budget concerning the education system earlier today. Authorities emphasized that the implementation will be gradual. A follow-up briefing is expected to be held later this month. Officials noted that the process will continue to be monitored closely over the coming weeks, with further updates expected to follow standard procedure. The matter has been documented and is available through official channels.",politicsNews,real
The state government issued an official statement regarding a tech company's new product,"The report, published on the official website, stated, the state government issued an official statement concerning a tech company's new product earlier today. Officials stated that further details will be released next week. The figures were cross-checked against previous quarterly data. Officials noted that the process will continue to be monitored closely over the coming weeks, with further updates expected to follow standard procedure. The matter has been documented and is available through official channels.",politicsNews,real
Researchers at a leading university approved a new infrastructure project regarding the housing market,"The report, published on the official website, stated, researchers at a leading university approved a new infrastructure project concerning the housing market earlier today. The report has been reviewed by independent analysts. A follow-up briefing is expected to be held later this month. Officials noted that the process will continue to be monitored closely over the coming weeks, with further updates expected to follow standard procedure. The matter has been documented and is available through official channels.",politicsNews,real
The reserve bank released its quarterly report regarding a new technology,"As reported by multiple news agencies, the Reserve Bank released its quarterly report concerning a new technology earlier today. A follow-up briefing is expected to be held later this month. The decision follows months of deliberation among experts. Officials noted that the process will continue to be monitored closely over the coming weeks, with further updates expected to follow standard procedure. The matter has been documented and is available through official channels.",politicsNews,real
Researchers at a leading university approved a new infrastructure project regarding a natural disaster,"Sources within the department confirmed, researchers at a leading university approved a new infrastructure project concerning a natural disaster earlier today. Authorities emphasized that the implementation will be gradual. The announcement comes after a series of consultations with industry leaders. Officials noted that the process will continue to be monitored closely over the coming weeks, with further updates expected to follow standard procedure. The matter has been documented and is available through official channels.",politicsNews,real
Local authorities scheduled a meeting with stakeholders regarding a major sports event,"The official spokesperson said, local authorities scheduled a meeting with stakeholders concerning a major sports event earlier today. Officials stated that further details will be released next week. Officials stated that further details will be released next week. Officials noted that the process will continue to be monitored closely over the coming weeks, with further updates expected to follow standard procedure. The matter has been documented and is available through official channels.",politicsNews,real
Nasa issued an official statement regarding the economy,"Citing official records, NASA issued an official statement concerning the economy earlier today. The decision follows months of deliberation among experts. Authorities emphasized that the implementation will be gradual. Officials noted that the process will continue to be monitored closely over the coming weeks, with further updates expected to follow standard procedure. The matter has been documented and is available through official channels.",politicsNews,real
The prime minister's office released its quarterly report regarding the new vaccine,"Sources within the department confirmed, the Prime Minister's Office released its quarterly report concerning the new vaccine earlier today. Authorities emphasized that the implementation will be gradual. Authorities emphasized that the implementation will be gradual. Officials noted that the process will continue to be monitored closely over the coming weeks, with further updates expected to follow standard procedure. The matter has been documented and is available through official channels.",politicsNews,real
The ministry of finance presented the annual budget regarding a viral health trend,"According to officials, the Ministry of Finance presented the annual budget concerning a viral health trend earlier today. The report has been reviewed by independent analysts. A follow-up briefing is expected to be held later this month. Officials noted that the process will continue to be monitored closely over the coming weeks, with further updates expected to follow standard procedure. The matter has been documented and is available through official channels.",politicsNews,real
The european central bank issued an official statement regarding a tech company's new product,"Citing official records, the European Central Bank issued an official statement concerning a tech company's new product earlier today. Stakeholders welcomed the move, citing its long-term benefits. Officials stated that further details will be released next week. Officials noted that the process will continue to be monitored closely over the coming weeks, with further updates expected to follow standard procedure. The matter has been documented and is available through official channels.",politicsNews,real
The prime minister's office published updated guidelines regarding the upcoming election,"As reported by multiple news agencies, the Prime Minister's Office published updated guidelines concerning the upcoming election earlier today. The announcement comes after a series of consultations with industry leaders. Officials stated that further details will be released next week. Officials noted that the process will continue to be monitored closely over the coming weeks, with further updates expected to follow standard procedure. The matter has been documented and is available through official channels.",politicsNews,real
The united nations presented the annual budget regarding the education system,"The official spokesperson said, the United Nations presented the annual budget concerning the education system earlier today. The figures were cross-checked against previous quarterly data. The announcement comes after a series of consultations with industry leaders. Officials noted that the process will continue to be monitored closely over the coming weeks, with further updates expected to follow standard procedure. The matter has been documented and is available through official channels.",politicsNews,real
The united nations launched a public health initiative regarding the housing market,"Sources within the department confirmed, the United Nations launched a public health initiative concerning the housing market earlier today. The decision follows months of deliberation among experts. Authorities emphasized that the implementation will be gradual. Officials noted that the process will continue to be monitored closely over the coming weeks, with further updates expected to follow standard procedure. The matter has been documented and is available through official channels.",politicsNews,real
Nasa issued an official statement regarding a political scandal,"As reported by multiple news agencies, NASA issued an official statement concerning a political scandal earlier today. A follow-up briefing is expected to be held later this month. Officials stated that further details will be released next week. Officials noted that the process will continue to be monitored closely over the coming weeks, with further updates expected to follow standard procedure. The matter has been documented and is available through official channels.",politicsNews,real
The reserve bank announced a new policy regarding the housing market,"In a statement released on tuesday, the Reserve Bank announced a new policy concerning the housing market earlier today. The announcement comes after a series of consultations with industry leaders. The figures were cross-checked against previous quarterly data. Officials noted that the process will continue to be monitored closely over the coming weeks, with further updates expected to follow standard procedure. The matter has been documented and is available through official channels.",politicsNews,real
The ministry of finance approved a new infrastructure project regarding the housing market,"Sources within the department confirmed, the Ministry of Finance approved a new infrastructure project concerning the housing market earlier today. Stakeholders welcomed the move, citing its long-term benefits. The report has been reviewed by independent analysts. Officials noted that the process will continue to be monitored closely over the coming weeks, with further updates expected to follow standard procedure. The matter has been documented and is available through official channels.",politicsNews,real
Local authorities confirmed a revision in interest rates regarding the economy,"The official spokesperson said, local authorities confirmed a revision in interest rates concerning the economy earlier today. Stakeholders welcomed the move, citing its long-term benefits. Officials stated that further details will be released next week. Officials noted that the process will continue to be monitored closely over the coming weeks, with further updates expected to follow standard procedure. The matter has been documented and is available through official channels.",politicsNews,real
The state government scheduled a meeting with stakeholders regarding the new vaccine,"As reported by multiple news agencies, the state government scheduled a meeting with stakeholders concerning the new vaccine earlier today. The decision follows months of deliberation among experts. The report has been reviewed by independent analysts. Officials noted that the process will continue to be monitored closely over the coming weeks, with further updates expected to follow standard procedure. The matter has been documented and is available through official channels.",politicsNews,real
The world health organization published updated guidelines regarding the education system,"As reported by multiple news agencies, the World Health Organization published updated guidelines concerning the education system earlier today. The announcement comes after a series of consultations with industry leaders. Officials stated that further details will be released next week. Officials noted that the process will continue to be monitored closely over the coming weeks, with further updates expected to follow standard procedure. The matter has been documented and is available through official channels.",politicsNews,real
Nasa released its quarterly report regarding the education system,"Data verified by independent auditors shows, NASA released its quarterly report concerning the education system earlier today. Officials stated that further details will be released next week. A follow-up briefing is expected to be held later this month. Officials noted that the process will continue to be monitored closely over the coming weeks, with further updates expected to follow standard procedure. The matter has been documented and is available through official channels.",politicsNews,real
The supreme court held a press conference regarding a political scandal,"Data verified by independent auditors shows, the Supreme Court held a press conference concerning a political scandal earlier today. Officials stated that further details will be released next week. Officials stated that further details will be released next week. Officials noted that the process will continue to be monitored closely over the coming weeks, with further updates expected to follow standard procedure. The matter has been documented and is available through official channels.",politicsNews,real
The reserve bank launched a public health initiative regarding a major sports event,"The report, published on the official website, stated, the Reserve Bank launched a public health initiative concerning a major sports event earlier today. The report has been reviewed by independent analysts. The report has been reviewed by independent analysts. Officials noted that the process will continue to be monitored closely over the coming weeks, with further updates expected to follow standard procedure. The matter has been documented and is available through official channels.",politicsNews,real
The prime minister's office scheduled a meeting with stakeholders regarding a popular celebrity,"The report, published on the official website, stated, the Prime Minister's Office scheduled a meeting with stakeholders concerning a popular celebrity earlier today. Officials stated that further details will be released next week. Authorities emphasized that the implementation will be gradual. Officials noted that the process will continue to be monitored closely over the coming weeks, with further updates expected to follow standard procedure. The matter has been documented and is available through official channels.",politicsNews,real
The prime minister's office released its quarterly report regarding a tech company's new product,"Citing official records, the Prime Minister's Office released its quarterly report concerning a tech company's new product earlier today. The announcement comes after a series of consultations with industry leaders. The announcement comes after a series of consultations with industry leaders. Officials noted that the process will continue to be monitored closely over the coming weeks, with further updates expected to follow standard procedure. The matter has been documented and is available through official channels.",politicsNews,real
The election commission concluded an investigation into the matter regarding the education system,"Data verified by independent auditors shows, the Election Commission concluded an investigation into the matter concerning the education system earlier today. Stakeholders welcomed the move, citing its long-term benefits. A follow-up briefing is expected to be held later this month. Officials noted that the process will continue to be monitored closely over the coming weeks, with further updates expected to follow standard procedure. The matter has been documented and is available through official channels.",politicsNews,real
The world health organization announced a new policy regarding the economy,"In a statement released on tuesday, the World Health Organization announced a new policy concerning the economy earlier today. Stakeholders welcomed the move, citing its long-term benefits. Authorities emphasized that the implementation will be gradual. Officials noted that the process will continue to be monitored closely over the coming weeks, with further updates expected to follow standard procedure. The matter has been documented and is available through official channels.",politicsNews,real
Researchers at a leading university scheduled a meeting with stakeholders regarding the new vaccine,"Data verified by independent auditors shows, researchers at a leading university scheduled a meeting with stakeholders concerning the new vaccine earlier today. Stakeholders welcomed the move, citing its long-term benefits. Stakeholders welcomed the move, citing its long-term benefits. Officials noted that the process will continue to be monitored closely over the coming weeks, with further updates expected to follow standard procedure. The matter has been documented and is available through official channels.",politicsNews,real
The reserve bank signed an agreement with neighboring countries regarding the education system,"In a statement released on tuesday, the Reserve Bank signed an agreement with neighboring countries concerning the education system earlier today. Authorities emphasized that the implementation will be gradual. A follow-up briefing is expected to be held later this month. Officials noted that the process will continue to be monitored closely over the coming weeks, with further updates expected to follow standard procedure. The matter has been documented and is available through official channels.",politicsNews,real
The ministry of finance concluded an investigation into the matter regarding a major sports event,"According to officials, the Ministry of Finance concluded an investigation into the matter concerning a major sports event earlier today. The report has been reviewed by independent analysts. Stakeholders welcomed the move, citing its long-term benefits. Officials noted that the process will continue to be monitored closely over the coming weeks, with further updates expected to follow standard procedure. The matter has been documented and is available through official channels.",politicsNews,real
The supreme court launched a public health initiative regarding the upcoming election,"Data verified by independent auditors shows, the Supreme Court launched a public health initiative concerning the upcoming election earlier today. Officials stated that further details will be released next week. Stakeholders welcomed the move, citing its long-term benefits. Officials noted that the process will continue to be monitored closely over the coming weeks, with further updates expected to follow standard procedure. The matter has been documented and is available through official channels.",politicsNews,real
The department of health launched a public health initiative regarding a major sports event,"The report, published on the official website, stated, the Department of Health launched a public health initiative concerning a major sports event earlier today. Officials stated that further details will be released next week. Authorities emphasized that the implementation will be gradual. Officials noted that the process will continue to be monitored closely over the coming weeks, with further updates expected to follow standard procedure. The matter has been documented and is available through official channels.",politicsNews,real
Researchers at a leading university released its quarterly report regarding climate change,"Sources within the department confirmed, researchers at a leading university released its quarterly report concerning climate change earlier today. The announcement comes after a series of consultations with industry leaders. The decision follows months of deliberation among experts. Officials noted that the process will continue to be monitored closely over the coming weeks, with further updates expected to follow standard procedure. The matter has been documented and is available through official channels.",politicsNews,real
The prime minister's office presented the annual budget regarding a natural disaster,"According to officials, the Prime Minister's Office presented the annual budget concerning a natural disaster earlier today. The announcement comes after a series of consultations with industry leaders. The announcement comes after a series of consultations with industry leaders. Officials noted that the process will continue to be monitored closely over the coming weeks, with further updates expected to follow standard procedure. The matter has been documented and is available through official channels.",politicsNews,real
The ministry of finance launched a public health initiative regarding a political scandal,"Sources within the department confirmed, the Ministry of Finance launched a public health initiative concerning a political scandal earlier today. The report has been reviewed by independent analysts. Officials stated that further details will be released next week. Officials noted that the process will continue to be monitored closely over the coming weeks, with further updates expected to follow standard procedure. The matter has been documented and is available through official channels.",politicsNews,real
The supreme court issued an official statement regarding a viral health trend,"Sources within the department confirmed, the Supreme Court issued an official statement concerning a viral health trend earlier today. The announcement comes after a series of consultations with industry leaders. Officials stated that further details will be released next week. Officials noted that the process will continue to be monitored closely over the coming weeks, with further updates expected to follow standard procedure. The matter has been documented and is available through official channels.",politicsNews,real
The ministry of finance released findings from a peer-reviewed study regarding the new vaccine,"The report, published on the official website, stated, the Ministry of Finance released findings from a peer-reviewed study concerning the new vaccine earlier today. The decision follows months of deliberation among experts. A follow-up briefing is expected to be held later this month. Officials noted that the process will continue to be monitored closely over the coming weeks, with further updates expected to follow standard procedure. The matter has been documented and is available through official channels.",politicsNews,real
The reserve bank confirmed a revision in interest rates regarding climate change,"In a statement released on tuesday, the Reserve Bank confirmed a revision in interest rates concerning climate change earlier today. Authorities emphasized that the implementation will be gradual. Stakeholders welcomed the move, citing its long-term benefits. Officials noted that the process will continue to be monitored closely over the coming weeks, with further updates expected to follow standard procedure. The matter has been documented and is available through official channels.",politicsNews,real
The european central bank concluded an investigation into the matter regarding a natural disaster,"The official spokesperson said, the European Central Bank concluded an investigation into the matter concerning a natural disaster earlier today. The announcement comes after a series of consultations with industry leaders. A follow-up briefing is expected to be held later this month. Officials noted that the process will continue to be monitored closely over the coming weeks, with further updates expected to follow standard procedure. The matter has been documented and is available through official channels.",politicsNews,real
The prime minister's office held a press conference regarding the upcoming election,"In a statement released on tuesday, the Prime Minister's Office held a press conference concerning the upcoming election earlier today. Stakeholders welcomed the move, citing its long-term benefits. The decision follows months of deliberation among experts. Officials noted that the process will continue to be monitored closely over the coming weeks, with further updates expected to follow standard procedure. The matter has been documented and is available through official channels.",politicsNews,real
The central bank concluded an investigation into the matter regarding a major sports event,"The report, published on the official website, stated, the central bank concluded an investigation into the matter concerning a major sports event earlier today. The announcement comes after a series of consultations with industry leaders. The report has been reviewed by independent analysts. Officials noted that the process will continue to be monitored closely over the coming weeks, with further updates expected to follow standard procedure. The matter has been documented and is available through official channels.",politicsNews,real
The city council launched a public health initiative regarding a political scandal,"The report, published on the official website, stated, the city council launched a public health initiative concerning a political scandal earlier today. Stakeholders welcomed the move, citing its long-term benefits. The report has been reviewed by independent analysts. Officials noted that the process will continue to be monitored closely over the coming weeks, with further updates expected to follow standard procedure. The matter has been documented and is available through official channels.",politicsNews,real
The european central bank released findings from a peer-reviewed study regarding the stock market,"In a statement released on tuesday, the European Central Bank released findings from a peer-reviewed study concerning the stock market earlier today. The report has been reviewed by independent analysts. The report has been reviewed by independent analysts. Officials noted that the process will continue to be monitored closely over the coming weeks, with further updates expected to follow standard procedure. The matter has been documented and is available through official channels.",politicsNews,real
Local authorities scheduled a meeting with stakeholders regarding a viral health trend,"The report, published on the official website, stated, local authorities scheduled a meeting with stakeholders concerning a viral health trend earlier today. The report has been reviewed by independent analysts. Stakeholders welcomed the move, citing its long-term benefits. Officials noted that the process will continue to be monitored closely over the coming weeks, with further updates expected to follow standard procedure. The matter has been documented and is available through official channels.",politicsNews,real
The ministry of finance announced a new policy regarding a viral health trend,"The official spokesperson said, the Ministry of Finance announced a new policy concerning a viral health trend earlier today. Stakeholders welcomed the move, citing its long-term benefits. The decision follows months of deliberation among experts. Officials noted that the process will continue to be monitored closely over the coming weeks, with further updates expected to follow standard procedure. The matter has been documented and is available through official channels.",politicsNews,real
The supreme court scheduled a meeting with stakeholders regarding a global pandemic,"As reported by multiple news agencies, the Supreme Court scheduled a meeting with stakeholders concerning a global pandemic earlier today. Authorities emphasized that the implementation will be gradual. The decision follows months of deliberation among experts. Officials noted that the process will continue to be monitored closely over the coming weeks, with further updates expected to follow standard procedure. The matter has been documented and is available through official channels.",politicsNews,real
The ministry of finance published updated guidelines regarding a viral health trend,"In a statement released on tuesday, the Ministry of Finance published updated guidelines concerning a viral health trend earlier today. Officials stated that further details will be released next week. Authorities emphasized that the implementation will be gradual. Officials noted that the process will continue to be monitored closely over the coming weeks, with further updates expected to follow standard procedure. The matter has been documented and is available through official channels.",politicsNews,real
The state government published updated guidelines regarding the education system,"As reported by multiple news agencies, the state government published updated guidelines concerning the education system earlier today. Authorities emphasized that the implementation will be gradual. Stakeholders welcomed the move, citing its long-term benefits. Officials noted that the process will continue to be monitored closely over the coming weeks, with further updates expected to follow standard procedure. The matter has been documented and is available through official channels.",politicsNews,real
The world health organization held a press conference regarding the education system,"According to officials, the World Health Organization held a press conference concerning the education system earlier today. The figures were cross-checked against previous quarterly data. The decision follows months of deliberation among experts. Officials noted that the process will continue to be monitored closely over the coming weeks, with further updates expected to follow standard procedure. The matter has been documented and is available through official channels.",politicsNews,real
The central bank launched a public health initiative regarding the stock market,"As reported by multiple news agencies, the central bank launched a public health initiative concerning the stock market earlier today. Officials stated that further details will be released next week. Stakeholders welcomed the move, citing its long-term benefits. Officials noted that the process will continue to be monitored closely over the coming weeks, with further updates expected to follow standard procedure. The matter has been documented and is available through official channels.",politicsNews,real
The department of health announced a new policy regarding the upcoming election,"Data verified by independent auditors shows, the Department of Health announced a new policy concerning the upcoming election earlier today. Stakeholders welcomed the move, citing its long-term benefits. Officials stated that further details will be released next week. Officials noted that the process will continue to be monitored closely over the coming weeks, with further updates expected to follow standard procedure. The matter has been documented and is available through official channels.",politicsNews,real
The prime minister's office launched a public health initiative regarding climate change,"In a statement released on tuesday, the Prime Minister's Office launched a public health initiative concerning climate change earlier today. The figures were cross-checked against previous quarterly data. A follow-up briefing is expected to be held later this month. Officials noted that the process will continue to be monitored closely over the coming weeks, with further updates expected to follow standard procedure. The matter has been documented and is available through official channels.",politicsNews,real
The world health organization launched a public health initiative regarding a political scandal,"Sources within the department confirmed, the World Health Organization launched a public health initiative concerning a political scandal earlier today. The decision follows months of deliberation among experts. The announcement comes after a series of consultations with industry leaders. Officials noted that the process will continue to be monitored closely over the coming weeks, with further updates expected to follow standard procedure. The matter has been documented and is available through official channels.",politicsNews,real
The world health organization confirmed a revision in interest rates regarding the education system,"As reported by multiple news agencies, the World Health Organization confirmed a revision in interest rates concerning the education system earlier today. Officials stated that further details will be released next week. Officials stated that further details will be released next week. Officials noted that the process will continue to be monitored closely over the coming weeks, with further updates expected to follow standard procedure. The matter has been documented and is available through official channels.",politicsNews,real
The state government held a press conference regarding climate change,"In a statement released on tuesday, the state government held a press conference concerning climate change earlier today. The decision follows months of deliberation among experts. Officials stated that further details will be released next week. Officials noted that the process will continue to be monitored closely over the coming weeks, with further updates expected to follow standard procedure. The matter has been documented and is available through official channels.",politicsNews,real
The election commission signed an agreement with neighboring countries regarding the economy,"Sources within the department confirmed, the Election Commission signed an agreement with neighboring countries concerning the economy earlier today. The figures were cross-checked against previous quarterly data. A follow-up briefing is expected to be held later this month. Officials noted that the process will continue to be monitored closely over the coming weeks, with further updates expected to follow standard procedure. The matter has been documented and is available through official channels.",politicsNews,real
The election commission issued an official statement regarding the upcoming election,"Citing official records, the Election Commission issued an official statement concerning the upcoming election earlier today. Officials stated that further details will be released next week. The decision follows months of deliberation among experts. Officials noted that the process will continue to be monitored closely over the coming weeks, with further updates expected to follow standard procedure. The matter has been documented and is available through official channels.",politicsNews,real
The election commission released findings from a peer-reviewed study regarding a new technology,"In a statement released on tuesday, the Election Commission released findings from a peer-reviewed study concerning a new technology earlier today. A follow-up briefing is expected to be held later this month. The announcement comes after a series of consultations with industry leaders. Officials noted that the process will continue to be monitored closely over the coming weeks, with further updates expected to follow standard procedure. The matter has been documented and is available through official channels.",politicsNews,real
The supreme court held a press conference regarding the economy,"Citing official records, the Supreme Court held a press conference concerning the economy earlier today. The announcement comes after a series of consultations with industry leaders. A follow-up briefing is expected to be held later this month. Officials noted that the process will continue to be monitored closely over the coming weeks, with further updates expected to follow standard procedure. The matter has been documented and is available through official channels.",politicsNews,real
The world health organization released findings from a peer-reviewed study regarding the new vaccine,"Sources within the department confirmed, the World Health Organization released findings from a peer-reviewed study concerning the new vaccine earlier today. Authorities emphasized that the implementation will be gradual. The figures were cross-checked against previous quarterly data. Officials noted that the process will continue to be monitored closely over the coming weeks, with further updates expected to follow standard procedure. The matter has been documented and is available through official channels.",politicsNews,real
Researchers at a leading university presented the annual budget regarding the housing market,"In a statement released on tuesday, researchers at a leading university presented the annual budget concerning the housing market earlier today. A follow-up briefing is expected to be held later this month. Stakeholders welcomed the move, citing its long-term benefits. Officials noted that the process will continue to be monitored closely over the coming weeks, with further updates expected to follow standard procedure. The matter has been documented and is available through official channels.",politicsNews,real
The ministry of finance released findings from a peer-reviewed study regarding climate change,"Citing official records, the Ministry of Finance released findings from a peer-reviewed study concerning climate change earlier today. The report has been reviewed by independent analysts. Stakeholders welcomed the move, citing its long-term benefits. Officials noted that the process will continue to be monitored closely over the coming weeks, with further updates expected to follow standard procedure. The matter has been documented and is available through official channels.",politicsNews,real
The state government confirmed a revision in interest rates regarding a tech company's new product,"The official spokesperson said, the state government confirmed a revision in interest rates concerning a tech company's new product earlier today. The report has been reviewed by independent analysts. The announcement comes after a series of consultations with industry leaders. Officials noted that the process will continue to be monitored closely over the coming weeks, with further updates expected to follow standard procedure. The matter has been documented and is available through official channels.",politicsNews,real
Nasa published updated guidelines regarding the housing market,"Data verified by independent auditors shows, NASA published updated guidelines concerning the housing market earlier today. A follow-up briefing is expected to be held later this month. The decision follows months of deliberation among experts. Officials noted that the process will continue to be monitored closely over the coming weeks, with further updates expected to follow standard procedure. The matter has been documented and is available through official channels.",politicsNews,real
The world health organization concluded an investigation into the matter regarding a global pandemic,"Sources within the department confirmed, the World Health Organization concluded an investigation into the matter concerning a global pandemic earlier today. Officials stated that further details will be released next week. Officials stated that further details will be released next week. Officials noted that the process will continue to be monitored closely over the coming weeks, with further updates expected to follow standard procedure. The matter has been documented and is available through official channels.",politicsNews,real
The prime minister's office issued an official statement regarding a viral health trend,"Citing official records, the Prime Minister's Office issued an official statement concerning a viral health trend earlier today. A follow-up briefing is expected to be held later this month. The decision follows months of deliberation among experts. Officials noted that the process will continue to be monitored closely over the coming weeks, with further updates expected to follow standard procedure. The matter has been documented and is available through official channels.",politicsNews,real
The prime minister's office published updated guidelines regarding the economy,"The official spokesperson said, the Prime Minister's Office published updated guidelines concerning the economy earlier today. A follow-up briefing is expected to be held later this month. The announcement comes after a series of consultations with industry leaders. Officials noted that the process will continue to be monitored closely over the coming weeks, with further updates expected to follow standard procedure. The matter has been documented and is available through official channels.",politicsNews,real
The election commission launched a public health initiative regarding a tech company's new product,"Sources within the department confirmed, the Election Commission launched a public health initiative concerning a tech company's new product earlier today. Stakeholders welcomed the move, citing its long-term benefits. The report has been reviewed by independent analysts. Officials noted that the process will continue to be monitored closely over the coming weeks, with further updates expected to follow standard procedure. The matter has been documented and is available through official channels.",politicsNews,real
Local authorities confirmed a revision in interest rates regarding the upcoming election,"Sources within the department confirmed, local authorities confirmed a revision in interest rates concerning the upcoming election earlier today. A follow-up briefing is expected to be held later this month. Stakeholders welcomed the move, citing its long-term benefits. Officials noted that the process will continue to be monitored closely over the coming weeks, with further updates expected to follow standard procedure. The matter has been documented and is available through official channels.",politicsNews,real
Nasa released findings from a peer-reviewed study regarding the new vaccine,"As reported by multiple news agencies, NASA released findings from a peer-reviewed study concerning the new vaccine earlier today. The announcement comes after a series of consultations with industry leaders. The figures were cross-checked against previous quarterly data. Officials noted that the process will continue to be monitored closely over the coming weeks, with further updates expected to follow standard procedure. The matter has been documented and is available through official channels.",politicsNews,real
Researchers at a leading university announced a new policy regarding the economy,"The official spokesperson said, researchers at a leading university announced a new policy concerning the economy earlier today. A follow-up briefing is expected to be held later this month. The decision follows months of deliberation among experts. Officials noted that the process will continue to be monitored closely over the coming weeks, with further updates expected to follow standard procedure. The matter has been documented and is available through official channels.",politicsNews,real
Nasa confirmed a revision in interest rates regarding a natural disaster,"Sources within the department confirmed, NASA confirmed a revision in interest rates concerning a natural disaster earlier today. The decision follows months of deliberation among experts. Stakeholders welcomed the move, citing its long-term benefits. Officials noted that the process will continue to be monitored closely over the coming weeks, with further updates expected to follow standard procedure. The matter has been documented and is available through official channels.",politicsNews,real
The supreme court held a press conference regarding the education system,"Data verified by independent auditors shows, the Supreme Court held a press conference concerning the education system earlier today. Officials stated that further details will be released next week. The announcement comes after a series of consultations with industry leaders. Officials noted that the process will continue to be monitored closely over the coming weeks, with further updates expected to follow standard procedure. The matter has been documented and is available through official channels.",politicsNews,real
The state government signed an agreement with neighboring countries regarding a popular celebrity,"The official spokesperson said, the state government signed an agreement with neighboring countries concerning a popular celebrity earlier today. The figures were cross-checked against previous quarterly data. The decision follows months of deliberation among experts. Officials noted that the process will continue to be monitored closely over the coming weeks, with further updates expected to follow standard procedure. The matter has been documented and is available through official channels.",politicsNews,real
The european central bank released findings from a peer-reviewed study regarding the upcoming election,"According to officials, the European Central Bank released findings from a peer-reviewed study concerning the upcoming election earlier today. The announcement comes after a series of consultations with industry leaders. The announcement comes after a series of consultations with industry leaders. Officials noted that the process will continue to be monitored closely over the coming weeks, with further updates expected to follow standard procedure. The matter has been documented and is available through official channels.",politicsNews,real
The department of health approved a new infrastructure project regarding a new technology,"The official spokesperson said, the Department of Health approved a new infrastructure project concerning a new technology earlier today. The announcement comes after a series of consultations with industry leaders. The figures were cross-checked against previous quarterly data. Officials noted that the process will continue to be monitored closely over the coming weeks, with further updates expected to follow standard procedure. The matter has been documented and is available through official channels.",politicsNews,real
The election commission issued an official statement regarding a new technology,"Sources within the department confirmed, the Election Commission issued an official statement concerning a new technology earlier today. Officials stated that further details will be released next week. Authorities emphasized that the implementation will be gradual. Officials noted that the process will continue to be monitored closely over the coming weeks, with further updates expected to follow standard procedure. The matter has been documented and is available through official channels.",politicsNews,real
The state government scheduled a meeting with stakeholders regarding the upcoming election,"Data verified by independent auditors shows, the state government scheduled a meeting with stakeholders concerning the upcoming election earlier today. The report has been reviewed by independent analysts. Stakeholders welcomed the move, citing its long-term benefits. Officials noted that the process will continue to be monitored closely over the coming weeks, with further updates expected to follow standard procedure. The matter has been documented and is available through official channels.",politicsNews,real
Local authorities announced a new policy regarding a popular celebrity,"Citing official records, local authorities announced a new policy concerning a popular celebrity earlier today. The announcement comes after a series of consultations with industry leaders. The figures were cross-checked against previous quarterly data. Officials noted that the process will continue to be monitored closely over the coming weeks, with further updates expected to follow standard procedure. The matter has been documented and is available through official channels.",politicsNews,real
Local authorities scheduled a meeting with stakeholders regarding a natural disaster,"The official spokesperson said, local authorities scheduled a meeting with stakeholders concerning a natural disaster earlier today. A follow-up briefing is expected to be held later this month. Authorities emphasized that the implementation will be gradual. Officials noted that the process will continue to be monitored closely over the coming weeks, with further updates expected to follow standard procedure. The matter has been documented and is available through official channels.",politicsNews,real
The ministry of finance launched a public health initiative regarding the education system,"As reported by multiple news agencies, the Ministry of Finance launched a public health initiative concerning the education system earlier today. The announcement comes after a series of consultations with industry leaders. The report has been reviewed by independent analysts. Officials noted that the process will continue to be monitored closely over the coming weeks, with further updates expected to follow standard procedure. The matter has been documented and is available through official channels.",politicsNews,real
Local authorities approved a new infrastructure project regarding a political scandal,"In a statement released on tuesday, local authorities approved a new infrastructure project concerning a political scandal earlier today. Authorities emphasized that the implementation will be gradual. Authorities emphasized that the implementation will be gradual. Officials noted that the process will continue to be monitored closely over the coming weeks, with further updates expected to follow standard procedure. The matter has been documented and is available through official channels.",politicsNews,real
The reserve bank issued an official statement regarding a new technology,"Sources within the department confirmed, the Reserve Bank issued an official statement concerning a new technology earlier today. Stakeholders welcomed the move, citing its long-term benefits. Officials stated that further details will be released next week. Officials noted that the process will continue to be monitored closely over the coming weeks, with further updates expected to follow standard procedure. The matter has been documented and is available through official channels.",politicsNews,real
The world health organization signed an agreement with neighboring countries regarding a major sports event,"The report, published on the official website, stated, the World Health Organization signed an agreement with neighboring countries concerning a major sports event earlier today. A follow-up briefing is expected to be held later this month. The report has been reviewed by independent analysts. Officials noted that the process will continue to be monitored closely over the coming weeks, with further updates expected to follow standard procedure. The matter has been documented and is available through official channels.",politicsNews,real
The supreme court issued an official statement regarding the stock market,"As reported by multiple news agencies, the Supreme Court issued an official statement concerning the stock market earlier today. The decision follows months of deliberation among experts. The decision follows months of deliberation among experts. Officials noted that the process will continue to be monitored closely over the coming weeks, with further updates expected to follow standard procedure. The matter has been documented and is available through official channels.",politicsNews,real
The department of health released findings from a peer-reviewed study regarding climate change,"Sources within the department confirmed, the Department of Health released findings from a peer-reviewed study concerning climate change earlier today. The figures were cross-checked against previous quarterly data. The figures were cross-checked against previous quarterly data. Officials noted that the process will continue to be monitored closely over the coming weeks, with further updates expected to follow standard procedure. The matter has been documented and is available through official channels.",politicsNews,real
Nasa signed an agreement with neighboring countries regarding the economy,"The report, published on the official website, stated, NASA signed an agreement with neighboring countries concerning the economy earlier today. Authorities emphasized that the implementation will be gradual. Stakeholders welcomed the move, citing its long-term benefits. Officials noted that the process will continue to be monitored closely over the coming weeks, with further updates expected to follow standard procedure. The matter has been documented and is available through official channels.",politicsNews,real
Local authorities published updated guidelines regarding climate change,"Data verified by independent auditors shows, local authorities published updated guidelines concerning climate change earlier today. Officials stated that further details will be released next week. The figures were cross-checked against previous quarterly data. Officials noted that the process will continue to be monitored closely over the coming weeks, with further updates expected to follow standard procedure. The matter has been documented and is available through official channels.",politicsNews,real
The election commission approved a new infrastructure project regarding the education system,"Citing official records, the Election Commission approved a new infrastructure project concerning the education system earlier today. Authorities emphasized that the implementation will be gradual. The figures were cross-checked against previous quarterly data. Officials noted that the process will continue to be monitored closely over the coming weeks, with further updates expected to follow standard procedure. The matter has been documented and is available through official channels.",politicsNews,real
The city council signed an agreement with neighboring countries regarding a global pandemic,"As reported by multiple news agencies, the city council signed an agreement with neighboring countries concerning a global pandemic earlier today. The figures were cross-checked against previous quarterly data. The decision follows months of deliberation among experts. Officials noted that the process will continue to be monitored closely over the coming weeks, with further updates expected to follow standard procedure. The matter has been documented and is available through official channels.",politicsNews,real
The ministry of finance published updated guidelines regarding a major sports event,"According to officials, the Ministry of Finance published updated guidelines concerning a major sports event earlier today. The announcement comes after a series of consultations with industry leaders. The decision follows months of deliberation among experts. Officials noted that the process will continue to be monitored closely over the coming weeks, with further updates expected to follow standard procedure. The matter has been documented and is available through official channels.",politicsNews,real
Local authorities released its quarterly report regarding a new technology,"In a statement released on tuesday, local authorities released its quarterly report concerning a new technology earlier today. The figures were cross-checked against previous quarterly data. Officials stated that further details will be released next week. Officials noted that the process will continue to be monitored closely over the coming weeks, with further updates expected to follow standard procedure. The matter has been documented and is available through official channels.",politicsNews,real
Local authorities issued an official statement regarding a popular celebrity,"According to officials, local authorities issued an official statement concerning a popular celebrity earlier today. The figures were cross-checked against previous quarterly data. Officials stated that further details will be released next week. Officials noted that the process will continue to be monitored closely over the coming weeks, with further updates expected to follow standard procedure. The matter has been documented and is available through official channels.",politicsNews,real
Researchers at a leading university released its quarterly report regarding a popular celebrity,"Sources within the department confirmed, researchers at a leading university released its quarterly report concerning a popular celebrity earlier today. Officials stated that further details will be released next week. Officials stated that further details will be released next week. Officials noted that the process will continue to be monitored closely over the coming weeks, with further updates expected to follow standard procedure. The matter has been documented and is available through official channels.",politicsNews,real
The supreme court scheduled a meeting with stakeholders regarding a popular celebrity,"In a statement released on tuesday, the Supreme Court scheduled a meeting with stakeholders concerning a popular celebrity earlier today. The report has been reviewed by independent analysts. The decision follows months of deliberation among experts. Officials noted that the process will continue to be monitored closely over the coming weeks, with further updates expected to follow standard procedure. The matter has been documented and is available through official channels.",politicsNews,real
The united nations announced a new policy regarding a natural disaster,"According to officials, the United Nations announced a new policy concerning a natural disaster earlier today. Officials stated that further details will be released next week. Officials stated that further details will be released next week. Officials noted that the process will continue to be monitored closely over the coming weeks, with further updates expected to follow standard procedure. The matter has been documented and is available through official channels.",politicsNews,real
Local authorities scheduled a meeting with stakeholders regarding a global pandemic,"Sources within the department confirmed, local authorities scheduled a meeting with stakeholders concerning a global pandemic earlier today. The announcement comes after a series of consultations with industry leaders. Stakeholders welcomed the move, citing its long-term benefits. Officials noted that the process will continue to be monitored closely over the coming weeks, with further updates expected to follow standard procedure. The matter has been documented and is available through official channels.",politicsNews,real
Researchers at a leading university held a press conference regarding a tech company's new product,"According to officials, researchers at a leading university held a press conference concerning a tech company's new product earlier today. The announcement comes after a series of consultations with industry leaders. Authorities emphasized that the implementation will be gradual. Officials noted that the process will continue to be monitored closely over the coming weeks, with further updates expected to follow standard procedure. The matter has been documented and is available through official channels.",politicsNews,real
Researchers at a leading university released findings from a peer-reviewed study regarding the economy,"According to officials, researchers at a leading university released findings from a peer-reviewed study concerning the economy earlier today. The report has been reviewed by independent analysts. The report has been reviewed by independent analysts. Officials noted that the process will continue to be monitored closely over the coming weeks, with further updates expected to follow standard procedure. The matter has been documented and is available through official channels.",politicsNews,real
The supreme court published updated guidelines regarding the new vaccine,"As reported by multiple news agencies, the Supreme Court published updated guidelines concerning the new vaccine earlier today. The figures were cross-checked against previous quarterly data. The figures were cross-checked against previous quarterly data. Officials noted that the process will continue to be monitored closely over the coming weeks, with further updates expected to follow standard procedure. The matter has been documented and is available through official channels.",politicsNews,real
The state government released findings from a peer-reviewed study regarding the new vaccine,"As reported by multiple news agencies, the state government released findings from a peer-reviewed study concerning the new vaccine earlier today. The report has been reviewed by independent analysts. The decision follows months of deliberation among experts. Officials noted that the process will continue to be monitored closely over the coming weeks, with further updates expected to follow standard procedure. The matter has been documented and is available through official channels.",politicsNews,real
The world health organization concluded an investigation into the matter regarding a political scandal,"In a statement released on tuesday, the World Health Organization concluded an investigation into the matter concerning a political scandal earlier today. Authorities emphasized that the implementation will be gradual. The decision follows months of deliberation among experts. Officials noted that the process will continue to be monitored closely over the coming weeks, with further updates expected to follow standard procedure. The matter has been documented and is available through official channels.",politicsNews,real
The central bank confirmed a revision in interest rates regarding the economy,"Citing official records, the central bank confirmed a revision in interest rates concerning the economy earlier today. Officials stated that further details will be released next week. The announcement comes after a series of consultations with industry leaders. Officials noted that the process will continue to be monitored closely over the coming weeks, with further updates expected to follow standard procedure. The matter has been documented and is available through official channels.",politicsNews,real
Nasa presented the annual budget regarding a major sports event,"Sources within the department confirmed, NASA presented the annual budget concerning a major sports event earlier today. Stakeholders welcomed the move, citing its long-term benefits. A follow-up briefing is expected to be held later this month. Officials noted that the process will continue to be monitored closely over the coming weeks, with further updates expected to follow standard procedure. The matter has been documented and is available through official channels.",politicsNews,real
The state government held a press conference regarding a tech company's new product,"Citing official records, the state government held a press conference concerning a tech company's new product earlier today. A follow-up briefing is expected to be held later this month. The report has been reviewed by independent analysts. Officials noted that the process will continue to be monitored closely over the coming weeks, with further updates expected to follow standard procedure. The matter has been documented and is available through official channels.",politicsNews,real
The reserve bank presented the annual budget regarding the housing market,"The official spokesperson said, the Reserve Bank presented the annual budget concerning the housing market earlier today. The figures were cross-checked against previous quarterly data. The figures were cross-checked against previous quarterly data. Officials noted that the process will continue to be monitored closely over the coming weeks, with further updates expected to follow standard procedure. The matter has been documented and is available through official channels.",politicsNews,real
Researchers at a leading university launched a public health initiative regarding the stock market,"Citing official records, researchers at a leading university launched a public health initiative concerning the stock market earlier today. Officials stated that further details will be released next week. A follow-up briefing is expected to be held later this month. Officials noted that the process will continue to be monitored closely over the coming weeks, with further updates expected to follow standard procedure. The matter has been documented and is available through official channels.",politicsNews,real
The reserve bank presented the annual budget regarding a tech company's new product,"According to officials, the Reserve Bank presented the annual budget concerning a tech company's new product earlier today. Officials stated that further details will be released next week. The announcement comes after a series of consultations with industry leaders. Officials noted that the process will continue to be monitored closely over the coming weeks, with further updates expected to follow standard procedure. The matter has been documented and is available through official channels.",politicsNews,real
The supreme court announced a new policy regarding a tech company's new product,"The official spokesperson said, the Supreme Court announced a new policy concerning a tech company's new product earlier today. A follow-up briefing is expected to be held later this month. Authorities emphasized that the implementation will be gradual. Officials noted that the process will continue to be monitored closely over the coming weeks, with further updates expected to follow standard procedure. The matter has been documented and is available through official channels.",politicsNews,real
The ministry of finance released its quarterly report regarding the economy,"The official spokesperson said, the Ministry of Finance released its quarterly report concerning the economy earlier today. Authorities emphasized that the implementation will be gradual. Authorities emphasized that the implementation will be gradual. Officials noted that the process will continue to be monitored closely over the coming weeks, with further updates expected to follow standard procedure. The matter has been documented and is available through official channels.",politicsNews,real
The central bank held a press conference regarding climate change,"Citing official records, the central bank held a press conference concerning climate change earlier today. The figures were cross-checked against previous quarterly data. Officials stated that further details will be released next week. Officials noted that the process will continue to be monitored closely over the coming weeks, with further updates expected to follow standard procedure. The matter has been documented and is available through official channels.",politicsNews,real
The united nations launched a public health initiative regarding the education system,"The official spokesperson said, the United Nations launched a public health initiative concerning the education system earlier today. Authorities emphasized that the implementation will be gradual. Officials stated that further details will be released next week. Officials noted that the process will continue to be monitored closely over the coming weeks, with further updates expected to follow standard procedure. The matter has been documented and is available through official channels.",politicsNews,real
The department of health issued an official statement regarding a new technology,"As reported by multiple news agencies, the Department of Health issued an official statement concerning a new technology earlier today. The decision follows months of deliberation among experts. The decision follows months of deliberation among experts. Officials noted that the process will continue to be monitored closely over the coming weeks, with further updates expected to follow standard procedure. The matter has been documented and is available through official channels.",politicsNews,real
Local authorities held a press conference regarding a major sports event,"Sources within the department confirmed, local authorities held a press conference concerning a major sports event earlier today. Authorities emphasized that the implementation will be gradual. The figures were cross-checked against previous quarterly data. Officials noted that the process will continue to be monitored closely over the coming weeks, with further updates expected to follow standard procedure. The matter has been documented and is available through official channels.",politicsNews,real
The election commission launched a public health initiative regarding climate change,"As reported by multiple news agencies, the Election Commission launched a public health initiative concerning climate change earlier today. The figures were cross-checked against previous quarterly data. The announcement comes after a series of consultations with industry leaders. Officials noted that the process will continue to be monitored closely over the coming weeks, with further updates expected to follow standard procedure. The matter has been documented and is available through official channels.",politicsNews,real
The united nations concluded an investigation into the matter regarding a natural disaster,"Data verified by independent auditors shows, the United Nations concluded an investigation into the matter concerning a natural disaster earlier today. Authorities emphasized that the implementation will be gradual. The report has been reviewed by independent analysts. Officials noted that the process will continue to be monitored closely over the coming weeks, with further updates expected to follow standard procedure. The matter has been documented and is available through official channels.",politicsNews,real
The city council published updated guidelines regarding a viral health trend,"Citing official records, the city council published updated guidelines concerning a viral health trend earlier today. The figures were cross-checked against previous quarterly data. The announcement comes after a series of consultations with industry leaders. Officials noted that the process will continue to be monitored closely over the coming weeks, with further updates expected to follow standard procedure. The matter has been documented and is available through official channels.",politicsNews,real
The reserve bank issued an official statement regarding the upcoming election,"According to officials, the Reserve Bank issued an official statement concerning the upcoming election earlier today. The announcement comes after a series of consultations with industry leaders. The report has been reviewed by independent analysts. Officials noted that the process will continue to be monitored closely over the coming weeks, with further updates expected to follow standard procedure. The matter has been documented and is available through official channels.",politicsNews,real
The united nations released findings from a peer-reviewed study regarding the stock market,"According to officials, the United Nations released findings from a peer-reviewed study concerning the stock market earlier today. A follow-up briefing is expected to be held later this month. Officials stated that further details will be released next week. Officials noted that the process will continue to be monitored closely over the coming weeks, with further updates expected to follow standard procedure. The matter has been documented and is available through official channels.",politicsNews,real
Nasa released findings from a peer-reviewed study regarding the education system,"Data verified by independent auditors shows, NASA released findings from a peer-reviewed study concerning the education system earlier today. The decision follows months of deliberation among experts. The figures were cross-checked against previous quarterly data. Officials noted that the process will continue to be monitored closely over the coming weeks, with further updates expected to follow standard procedure. The matter has been documented and is available through official channels.",politicsNews,real
Local authorities approved a new infrastructure project regarding a viral health trend,"The official spokesperson said, local authorities approved a new infrastructure project concerning a viral health trend earlier today. A follow-up briefing is expected to be held later this month. Stakeholders welcomed the move, citing its long-term benefits. Officials noted that the process will continue to be monitored closely over the coming weeks, with further updates expected to follow standard procedure. The matter has been documented and is available through official channels.",politicsNews,real
The election commission launched a public health initiative regarding a natural disaster,"As reported by multiple news agencies, the Election Commission launched a public health initiative concerning a natural disaster earlier today. Officials stated that further details will be released next week. The report has been reviewed by independent analysts. Officials noted that the process will continue to be monitored closely over the coming weeks, with further updates expected to follow standard procedure. The matter has been documented and is available through official channels.",politicsNews,real
The election commission presented the annual budget regarding climate change,"Data verified by independent auditors shows, the Election Commission presented the annual budget concerning climate change earlier today. The report has been reviewed by independent analysts. The announcement comes after a series of consultations with industry leaders. Officials noted that the process will continue to be monitored closely over the coming weeks, with further updates expected to follow standard procedure. The matter has been documented and is available through official channels.",politicsNews,real
The world health organization published updated guidelines regarding a political scandal,"According to officials, the World Health Organization published updated guidelines concerning a political scandal earlier today. The announcement comes after a series of consultations with industry leaders. A follow-up briefing is expected to be held later this month. Officials noted that the process will continue to be monitored closely over the coming weeks, with further updates expected to follow standard procedure. The matter has been documented and is available through official channels.",politicsNews,real
The world health organization presented the annual budget regarding a political scandal,"Sources within the department confirmed, the World Health Organization presented the annual budget concerning a political scandal earlier today. The report has been reviewed by independent analysts. The figures were cross-checked against previous quarterly data. Officials noted that the process will continue to be monitored closely over the coming weeks, with further updates expected to follow standard procedure. The matter has been documented and is available through official channels.",politicsNews,real
The central bank signed an agreement with neighboring countries regarding the stock market,"The report, published on the official website, stated, the central bank signed an agreement with neighboring countries concerning the stock market earlier today. Authorities emphasized that the implementation will be gradual. The announcement comes after a series of consultations with industry leaders. Officials noted that the process will continue to be monitored closely over the coming weeks, with further updates expected to follow standard procedure. The matter has been documented and is available through official channels.",politicsNews,real
The state government published updated guidelines regarding the upcoming election,"Citing official records, the state government published updated guidelines concerning the upcoming election earlier today. Stakeholders welcomed the move, citing its long-term benefits. The decision follows months of deliberation among experts. Officials noted that the process will continue to be monitored closely over the coming weeks, with further updates expected to follow standard procedure. The matter has been documented and is available through official channels.",politicsNews,real
The election commission presented the annual budget regarding the economy,"Data verified by independent auditors shows, the Election Commission presented the annual budget concerning the economy earlier today. Authorities emphasized that the implementation will be gradual. A follow-up briefing is expected to be held later this month. Officials noted that the process will continue to be monitored closely over the coming weeks, with further updates expected to follow standard procedure. The matter has been documented and is available through official channels.",politicsNews,real
Nasa released its quarterly report regarding climate change,"Sources within the department confirmed, NASA released its quarterly report concerning climate change earlier today. The decision follows months of deliberation among experts. Officials stated that further details will be released next week. Officials noted that the process will continue to be monitored closely over the coming weeks, with further updates expected to follow standard procedure. The matter has been documented and is available through official channels.",politicsNews,real
The united nations presented the annual budget regarding a natural disaster,"In a statement released on tuesday, the United Nations presented the annual budget concerning a natural disaster earlier today. Officials stated that further details will be released next week. The report has been reviewed by independent analysts. Officials noted that the process will continue to be monitored closely over the coming weeks, with further updates expected to follow standard procedure. The matter has been documented and is available through official channels.",politicsNews,real
The reserve bank held a press conference regarding the housing market,"Data verified by independent auditors shows, the Reserve Bank held a press conference concerning the housing market earlier today. Officials stated that further details will be released next week. Stakeholders welcomed the move, citing its long-term benefits. Officials noted that the process will continue to be monitored closely over the coming weeks, with further updates expected to follow standard procedure. The matter has been documented and is available through official channels.",politicsNews,real
The supreme court announced a new policy regarding a natural disaster,"In a statement released on tuesday, the Supreme Court announced a new policy concerning a natural disaster earlier today. Officials stated that further details will be released next week. The decision follows months of deliberation among experts. Officials noted that the process will continue to be monitored closely over the coming weeks, with further updates expected to follow standard procedure. The matter has been documented and is available through official channels.",politicsNews,real
The supreme court presented the annual budget regarding a popular celebrity,"Sources within the department confirmed, the Supreme Court presented the annual budget concerning a popular celebrity earlier today. The announcement comes after a series of consultations with industry leaders. Officials stated that further details will be released next week. Officials noted that the process will continue to be monitored closely over the coming weeks, with further updates expected to follow standard procedure. The matter has been documented and is available through official channels.",politicsNews,real
The world health organization presented the annual budget regarding climate change,"The official spokesperson said, the World Health Organization presented the annual budget concerning climate change earlier today. The figures were cross-checked against previous quarterly data. The announcement comes after a series of consultations with industry leaders. Officials noted that the process will continue to be monitored closely over the coming weeks, with further updates expected to follow standard procedure. The matter has been documented and is available through official channels.",politicsNews,real
Nasa presented the annual budget regarding the new vaccine,"As reported by multiple news agencies, NASA presented the annual budget concerning the new vaccine earlier today. The decision follows months of deliberation among experts. The decision follows months of deliberation among experts. Officials noted that the process will continue to be monitored closely over the coming weeks, with further updates expected to follow standard procedure. The matter has been documented and is available through official channels.",politicsNews,real
The united nations scheduled a meeting with stakeholders regarding the upcoming election,"The report, published on the official website, stated, the United Nations scheduled a meeting with stakeholders concerning the upcoming election earlier today. The figures were cross-checked against previous quarterly data. The report has been reviewed by independent analysts. Officials noted that the process will continue to be monitored closely over the coming weeks, with further updates expected to follow standard procedure. The matter has been documented and is available through official channels.",politicsNews,real
The ministry of finance held a press conference regarding a tech company's new product,"According to officials, the Ministry of Finance held a press conference concerning a tech company's new product earlier today. A follow-up briefing is expected to be held later this month. Officials stated that further details will be released next week. Officials noted that the process will continue to be monitored closely over the coming weeks, with further updates expected to follow standard procedure. The matter has been documented and is available through official channels.",politicsNews,real
Local authorities concluded an investigation into the matter regarding the stock market,"Citing official records, local authorities concluded an investigation into the matter concerning the stock market earlier today. Authorities emphasized that the implementation will be gradual. The report has been reviewed by independent analysts. Officials noted that the process will continue to be monitored closely over the coming weeks, with further updates expected to follow standard procedure. The matter has been documented and is available through official channels.",politicsNews,real
The central bank signed an agreement with neighboring countries regarding a new technology,"The report, published on the official website, stated, the central bank signed an agreement with neighboring countries concerning a new technology earlier today. A follow-up briefing is expected to be held later this month. Authorities emphasized that the implementation will be gradual. Officials noted that the process will continue to be monitored closely over the coming weeks, with further updates expected to follow standard procedure. The matter has been documented and is available through official channels.",politicsNews,real
The city council published updated guidelines regarding climate change,"In a statement released on tuesday, the city council published updated guidelines concerning climate change earlier today. The decision follows months of deliberation among experts. Authorities emphasized that the implementation will be gradual. Officials noted that the process will continue to be monitored closely over the coming weeks, with further updates expected to follow standard procedure. The matter has been documented and is available through official channels.",politicsNews,real
The state government scheduled a meeting with stakeholders regarding a global pandemic,"The report, published on the official website, stated, the state government scheduled a meeting with stakeholders concerning a global pandemic earlier today. A follow-up briefing is expected to be held later this month. A follow-up briefing is expected to be held later this month. Officials noted that the process will continue to be monitored closely over the coming weeks, with further updates expected to follow standard procedure. The matter has been documented and is available through official channels.",politicsNews,real
The state government concluded an investigation into the matter regarding a tech company's new product,"Sources within the department confirmed, the state government concluded an investigation into the matter concerning a tech company's new product earlier today. The announcement comes after a series of consultations with industry leaders. The report has been reviewed by independent analysts. Officials noted that the process will continue to be monitored closely over the coming weeks, with further updates expected to follow standard procedure. The matter has been documented and is available through official channels.",politicsNews,real
The central bank announced a new policy regarding a tech company's new product,"According to officials, the central bank announced a new policy concerning a tech company's new product earlier today. The figures were cross-checked against previous quarterly data. Stakeholders welcomed the move, citing its long-term benefits. Officials noted that the process will continue to be monitored closely over the coming weeks, with further updates expected to follow standard procedure. The matter has been documented and is available through official channels.",politicsNews,real
The supreme court confirmed a revision in interest rates regarding a global pandemic,"The official spokesperson said, the Supreme Court confirmed a revision in interest rates concerning a global pandemic earlier today. The announcement comes after a series of consultations with industry leaders. The report has been reviewed by independent analysts. Officials noted that the process will continue to be monitored closely over the coming weeks, with further updates expected to follow standard procedure. The matter has been documented and is available through official channels.",politicsNews,real
The state government signed an agreement with neighboring countries regarding a political scandal,"As reported by multiple news agencies, the state government signed an agreement with neighboring countries concerning a political scandal earlier today. The report has been reviewed by independent analysts. A follow-up briefing is expected to be held later this month. Officials noted that the process will continue to be monitored closely over the coming weeks, with further updates expected to follow standard procedure. The matter has been documented and is available through official channels.",politicsNews,real
The reserve bank signed an agreement with neighboring countries regarding the upcoming election,"Citing official records, the Reserve Bank signed an agreement with neighboring countries concerning the upcoming election earlier today. Officials stated that further details will be released next week. The announcement comes after a series of consultations with industry leaders. Officials noted that the process will continue to be monitored closely over the coming weeks, with further updates expected to follow standard procedure. The matter has been documented and is available through official channels.",politicsNews,real
The prime minister's office launched a public health initiative regarding a global pandemic,"Citing official records, the Prime Minister's Office launched a public health initiative concerning a global pandemic earlier today. The decision follows months of deliberation among experts. The decision follows months of deliberation among experts. Officials noted that the process will continue to be monitored closely over the coming weeks, with further updates expected to follow standard procedure. The matter has been documented and is available through official channels.",politicsNews,real
The european central bank presented the annual budget regarding a major sports event,"As reported by multiple news agencies, the European Central Bank presented the annual budget concerning a major sports event earlier today. The figures were cross-checked against previous quarterly data. Authorities emphasized that the implementation will be gradual. Officials noted that the process will continue to be monitored closely over the coming weeks, with further updates expected to follow standard procedure. The matter has been documented and is available through official channels.",politicsNews,real
The central bank signed an agreement with neighboring countries regarding the stock market,"In a statement released on tuesday, the central bank signed an agreement with neighboring countries concerning the stock market earlier today. Authorities emphasized that the implementation will be gradual. A follow-up briefing is expected to be held later this month. Officials noted that the process will continue to be monitored closely over the coming weeks, with further updates expected to follow standard procedure. The matter has been documented and is available through official channels.",politicsNews,real
The world health organization signed an agreement with neighboring countries regarding the housing market,"Sources within the department confirmed, the World Health Organization signed an agreement with neighboring countries concerning the housing market earlier today. The announcement comes after a series of consultations with industry leaders. Stakeholders welcomed the move, citing its long-term benefits. Officials noted that the process will continue to be monitored closely over the coming weeks, with further updates expected to follow standard procedure. The matter has been documented and is available through official channels.",politicsNews,real
The prime minister's office released findings from a peer-reviewed study regarding the education system,"The report, published on the official website, stated, the Prime Minister's Office released findings from a peer-reviewed study concerning the education system earlier today. Officials stated that further details will be released next week. A follow-up briefing is expected to be held later this month. Officials noted that the process will continue to be monitored closely over the coming weeks, with further updates expected to follow standard procedure. The matter has been documented and is available through official channels.",politicsNews,real
The reserve bank signed an agreement with neighboring countries regarding climate change,"According to officials, the Reserve Bank signed an agreement with neighboring countries concerning climate change earlier today. The report has been reviewed by independent analysts. The report has been reviewed by independent analysts. Officials noted that the process will continue to be monitored closely over the coming weeks, with further updates expected to follow standard procedure. The matter has been documented and is available through official channels.",politicsNews,real
The world health organization approved a new infrastructure project regarding the housing market,"As reported by multiple news agencies, the World Health Organization approved a new infrastructure project concerning the housing market earlier today. The figures were cross-checked against previous quarterly data. The decision follows months of deliberation among experts. Officials noted that the process will continue to be monitored closely over the coming weeks, with further updates expected to follow standard procedure. The matter has been documented and is available through official channels.",politicsNews,real
The european central bank launched a public health initiative regarding climate change,"Citing official records, the European Central Bank launched a public health initiative concerning climate change earlier today. Stakeholders welcomed the move, citing its long-term benefits. The figures were cross-checked against previous quarterly data. Officials noted that the process will continue to be monitored closely over the coming weeks, with further updates expected to follow standard procedure. The matter has been documented and is available through official channels.",politicsNews,real
Local authorities issued an official statement regarding a global pandemic,"The report, published on the official website, stated, local authorities issued an official statement concerning a global pandemic earlier today. A follow-up briefing is expected to be held later this month. Officials stated that further details will be released next week. Officials noted that the process will continue to be monitored closely over the coming weeks, with further updates expected to follow standard procedure. The matter has been documented and is available through official channels.",politicsNews,real
The united nations presented the annual budget regarding a tech company's new product,"In a statement released on tuesday, the United Nations presented the annual budget concerning a tech company's new product earlier today. The report has been reviewed by independent analysts. Officials stated that further details will be released next week. Officials noted that the process will continue to be monitored closely over the coming weeks, with further updates expected to follow standard procedure. The matter has been documented and is available through official channels.",politicsNews,real
The department of health issued an official statement regarding a global pandemic,"As reported by multiple news agencies, the Department of Health issued an official statement concerning a global pandemic earlier today. The decision follows months of deliberation among experts. The figures were cross-checked against previous quarterly data. Officials noted that the process will continue to be monitored closely over the coming weeks, with further updates expected to follow standard procedure. The matter has been documented and is available through official channels.",politicsNews,real
The united nations released findings from a peer-reviewed study regarding a political scandal,"Citing official records, the United Nations released findings from a peer-reviewed study concerning a political scandal earlier today. The figures were cross-checked against previous quarterly data. Authorities emphasized that the implementation will be gradual. Officials noted that the process will continue to be monitored closely over the coming weeks, with further updates expected to follow standard procedure. The matter has been documented and is available through official channels.",politicsNews,real
The department of health released findings from a peer-reviewed study regarding a global pandemic,"The official spokesperson said, the Department of Health released findings from a peer-reviewed study concerning a global pandemic earlier today. Officials stated that further details will be released next week. The announcement comes after a series of consultations with industry leaders. Officials noted that the process will continue to be monitored closely over the coming weeks, with further updates expected to follow standard procedure. The matter has been documented and is available through official channels.",politicsNews,real
Local authorities scheduled a meeting with stakeholders regarding a viral health trend,"According to officials, local authorities scheduled a meeting with stakeholders concerning a viral health trend earlier today. Officials stated that further details will be released next week. The decision follows months of deliberation among experts. Officials noted that the process will continue to be monitored closely over the coming weeks, with further updates expected to follow standard procedure. The matter has been documented and is available through official channels.",politicsNews,real
The supreme court released its quarterly report regarding a major sports event,"As reported by multiple news agencies, the Supreme Court released its quarterly report concerning a major sports event earlier today. The announcement comes after a series of consultations with industry leaders. The announcement comes after a series of consultations with industry leaders. Officials noted that the process will continue to be monitored closely over the coming weeks, with further updates expected to follow standard procedure. The matter has been documented and is available through official channels.",politicsNews,real
The city council signed an agreement with neighboring countries regarding the housing market,"In a statement released on tuesday, the city council signed an agreement with neighboring countries concerning the housing market earlier today. A follow-up briefing is expected to be held later this month. The report has been reviewed by independent analysts. Officials noted that the process will continue to be monitored closely over the coming weeks, with further updates expected to follow standard procedure. The matter has been documented and is available through official channels.",politicsNews,real
The city council scheduled a meeting with stakeholders regarding the education system,"In a statement released on tuesday, the city council scheduled a meeting with stakeholders concerning the education system earlier today. The report has been reviewed by independent analysts. Officials stated that further details will be released next week. Officials noted that the process will continue to be monitored closely over the coming weeks, with further updates expected to follow standard procedure. The matter has been documented and is available through official channels.",politicsNews,real
The united nations presented the annual budget regarding a political scandal,"In a statement released on tuesday, the United Nations presented the annual budget concerning a political scandal earlier today. Authorities emphasized that the implementation will be gradual. The decision follows months of deliberation among experts. Officials noted that the process will continue to be monitored closely over the coming weeks, with further updates expected to follow standard procedure. The matter has been documented and is available through official channels.",politicsNews,real
The department of health concluded an investigation into the matter regarding the new vaccine,"In a statement released on tuesday, the Department of Health concluded an investigation into the matter concerning the new vaccine earlier today. Officials stated that further details will be released next week. The announcement comes after a series of consultations with industry leaders. Officials noted that the process will continue to be monitored closely over the coming weeks, with further updates expected to follow standard procedure. The matter has been documented and is available through official channels.",politicsNews,real
The central bank confirmed a revision in interest rates regarding the education system,"Data verified by independent auditors shows, the central bank confirmed a revision in interest rates concerning the education system earlier today. The decision follows months of deliberation among experts. The report has been reviewed by independent analysts. Officials noted that the process will continue to be monitored closely over the coming weeks, with further updates expected to follow standard procedure. The matter has been documented and is available through official channels.",politicsNews,real
The united nations announced a new policy regarding a viral health trend,"The official spokesperson said, the United Nations announced a new policy concerning a viral health trend earlier today. The report has been reviewed by independent analysts. The decision follows months of deliberation among experts. Officials noted that the process will continue to be monitored closely over the coming weeks, with further updates expected to follow standard procedure. The matter has been documented and is available through official channels.",politicsNews,real
The city council confirmed a revision in interest rates regarding a natural disaster,"The report, published on the official website, stated, the city council confirmed a revision in interest rates concerning a natural disaster earlier today. The figures were cross-checked against previous quarterly data. The figures were cross-checked against previous quarterly data. Officials noted that the process will continue to be monitored closely over the coming weeks, with further updates expected to follow standard procedure. The matter has been documented and is available through official channels.",politicsNews,real
Nasa approved a new infrastructure project regarding the stock market,"The report, published on the official website, stated, NASA approved a new infrastructure project concerning the stock market earlier today. The announcement comes after a series of consultations with industry leaders. Stakeholders welcomed the move, citing its long-term benefits. Officials noted that the process will continue to be monitored closely over the coming weeks, with further updates expected to follow standard procedure. The matter has been documented and is available through official channels.",politicsNews,real
The election commission held a press conference regarding the housing market,"In a statement released on tuesday, the Election Commission held a press conference concerning the housing market earlier today. Officials stated that further details will be released next week. Officials stated that further details will be released next week. Officials noted that the process will continue to be monitored closely over the coming weeks, with further updates expected to follow standard procedure. The matter has been documented and is available through official channels.",politicsNews,real
Local authorities launched a public health initiative regarding a viral health trend,"In a statement released on tuesday, local authorities launched a public health initiative concerning a viral health trend earlier today. A follow-up briefing is expected to be held later this month. Stakeholders welcomed the move, citing its long-term benefits. Officials noted that the process will continue to be monitored closely over the coming weeks, with further updates expected to follow standard procedure. The matter has been documented and is available through official channels.",politicsNews,real
The department of health released its quarterly report regarding the new vaccine,"Data verified by independent auditors shows, the Department of Health released its quarterly report concerning the new vaccine earlier today. The figures were cross-checked against previous quarterly data. Stakeholders welcomed the move, citing its long-term benefits. Officials noted that the process will continue to be monitored closely over the coming weeks, with further updates expected to follow standard procedure. The matter has been documented and is available through official channels.",politicsNews,real
The supreme court presented the annual budget regarding the education system,"According to officials, the Supreme Court presented the annual budget concerning the education system earlier today. The announcement comes after a series of consultations with industry leaders. Stakeholders welcomed the move, citing its long-term benefits. Officials noted that the process will continue to be monitored closely over the coming weeks, with further updates expected to follow standard procedure. The matter has been documented and is available through official channels.",politicsNews,real
Nasa held a press conference regarding the stock market,"Citing official records, NASA held a press conference concerning the stock market earlier today. Authorities emphasized that the implementation will be gradual. Stakeholders welcomed the move, citing its long-term benefits. Officials noted that the process will continue to be monitored closely over the coming weeks, with further updates expected to follow standard procedure. The matter has been documented and is available through official channels.",politicsNews,real
Local authorities signed an agreement with neighboring countries regarding the education system,"The official spokesperson said, local authorities signed an agreement with neighboring countries concerning the education system earlier today. Stakeholders welcomed the move, citing its long-term benefits. The announcement comes after a series of consultations with industry leaders. Officials noted that the process will continue to be monitored closely over the coming weeks, with further updates expected to follow standard procedure. The matter has been documented and is available through official channels.",politicsNews,real
The world health organization released findings from a peer-reviewed study regarding the new vaccine,"Sources within the department confirmed, the World Health Organization released findings from a peer-reviewed study concerning the new vaccine earlier today. Officials stated that further details will be released next week. A follow-up briefing is expected to be held later this month. Officials noted that the process will continue to be monitored closely over the coming weeks, with further updates expected to follow standard procedure. The matter has been documented and is available through official channels.",politicsNews,real
The european central bank published updated guidelines regarding a global pandemic,"Citing official records, the European Central Bank published updated guidelines concerning a global pandemic earlier today. The announcement comes after a series of consultations with industry leaders. A follow-up briefing is expected to be held later this month. Officials noted that the process will continue to be monitored closely over the coming weeks, with further updates expected to follow standard procedure. The matter has been documented and is available through official channels.",politicsNews,real
The reserve bank presented the annual budget regarding a new technology,"In a statement released on tuesday, the Reserve Bank presented the annual budget concerning a new technology earlier today. The decision follows months of deliberation among experts. Authorities emphasized that the implementation will be gradual. Officials noted that the process will continue to be monitored closely over the coming weeks, with further updates expected to follow standard procedure. The matter has been documented and is available through official channels.",politicsNews,real
The supreme court scheduled a meeting with stakeholders regarding the economy,"According to officials, the Supreme Court scheduled a meeting with stakeholders concerning the economy earlier today. Stakeholders welcomed the move, citing its long-term benefits. The figures were cross-checked against previous quarterly data. Officials noted that the process will continue to be monitored closely over the coming weeks, with further updates expected to follow standard procedure. The matter has been documented and is available through official channels.",politicsNews,real
Nasa approved a new infrastructure project regarding a popular celebrity,"The official spokesperson said, NASA approved a new infrastructure project concerning a popular celebrity earlier today. A follow-up briefing is expected to be held later this month. Authorities emphasized that the implementation will be gradual. Officials noted that the process will continue to be monitored closely over the coming weeks, with further updates expected to follow standard procedure. The matter has been documented and is available through official channels.",politicsNews,real
Local authorities released findings from a peer-reviewed study regarding the stock market,"The report, published on the official website, stated, local authorities released findings from a peer-reviewed study concerning the stock market earlier today. The figures were cross-checked against previous quarterly data. The announcement comes after a series of consultations with industry leaders. Officials noted that the process will continue to be monitored closely over the coming weeks, with further updates expected to follow standard procedure. The matter has been documented and is available through official channels.",politicsNews,real
Local authorities approved a new infrastructure project regarding the housing market,"The official spokesperson said, local authorities approved a new infrastructure project concerning the housing market earlier today. The figures were cross-checked against previous quarterly data. The figures were cross-checked against previous quarterly data. Officials noted that the process will continue to be monitored closely over the coming weeks, with further updates expected to follow standard procedure. The matter has been documented and is available through official channels.",politicsNews,real
The prime minister's office launched a public health initiative regarding a global pandemic,"As reported by multiple news agencies, the Prime Minister's Office launched a public health initiative concerning a global pandemic earlier today. Authorities emphasized that the implementation will be gradual. A follow-up briefing is expected to be held later this month. Officials noted that the process will continue to be monitored closely over the coming weeks, with further updates expected to follow standard procedure. The matter has been documented and is available through official channels.",politicsNews,real
The reserve bank signed an agreement with neighboring countries regarding a new technology,"Data verified by independent auditors shows, the Reserve Bank signed an agreement with neighboring countries concerning a new technology earlier today. Officials stated that further details will be released next week. A follow-up briefing is expected to be held later this month. Officials noted that the process will continue to be monitored closely over the coming weeks, with further updates expected to follow standard procedure. The matter has been documented and is available through official channels.",politicsNews,real
The supreme court announced a new policy regarding the new vaccine,"In a statement released on tuesday, the Supreme Court announced a new policy concerning the new vaccine earlier today. Authorities emphasized that the implementation will be gradual. Stakeholders welcomed the move, citing its long-term benefits. Officials noted that the process will continue to be monitored closely over the coming weeks, with further updates expected to follow standard procedure. The matter has been documented and is available through official channels.",politicsNews,real
The supreme court issued an official statement regarding a political scandal,"Citing official records, the Supreme Court issued an official statement concerning a political scandal earlier today. A follow-up briefing is expected to be held later this month. Officials stated that further details will be released next week. Officials noted that the process will continue to be monitored closely over the coming weeks, with further updates expected to follow standard procedure. The matter has been documented and is available through official channels.",politicsNews,real
The state government released findings from a peer-reviewed study regarding a major sports event,"The report, published on the official website, stated, the state government released findings from a peer-reviewed study concerning a major sports event earlier today. The figures were cross-checked against previous quarterly data. Officials stated that further details will be released next week. Officials noted that the process will continue to be monitored closely over the coming weeks, with further updates expected to follow standard procedure. The matter has been documented and is available through official channels.",politicsNews,real
The state government approved a new infrastructure project regarding a viral health trend,"Data verified by independent auditors shows, the state government approved a new infrastructure project concerning a viral health trend earlier today. The figures were cross-checked against previous quarterly data. The announcement comes after a series of consultations with industry leaders. Officials noted that the process will continue to be monitored closely over the coming weeks, with further updates expected to follow standard procedure. The matter has been documented and is available through official channels.",politicsNews,real
Researchers at a leading university announced a new policy regarding the education system,"As reported by multiple news agencies, researchers at a leading university announced a new policy concerning the education system earlier today. Stakeholders welcomed the move, citing its long-term benefits. The announcement comes after a series of consultations with industry leaders. Officials noted that the process will continue to be monitored closely over the coming weeks, with further updates expected to follow standard procedure. The matter has been documented and is available through official channels.",politicsNews,real
The ministry of finance released its quarterly report regarding a global pandemic,"Sources within the department confirmed, the Ministry of Finance released its quarterly report concerning a global pandemic earlier today. A follow-up briefing is expected to be held later this month. The decision follows months of deliberation among experts. Officials noted that the process will continue to be monitored closely over the coming weeks, with further updates expected to follow standard procedure. The matter has been documented and is available through official channels.",politicsNews,real
The ministry of finance issued an official statement regarding a popular celebrity,"In a statement released on tuesday, the Ministry of Finance issued an official statement concerning a popular celebrity earlier today. Stakeholders welcomed the move, citing its long-term benefits. Stakeholders welcomed the move, citing its long-term benefits. Officials noted that the process will continue to be monitored closely over the coming weeks, with further updates expected to follow standard procedure. The matter has been documented and is available through official channels.",politicsNews,real
Nasa held a press conference regarding the economy,"According to officials, NASA held a press conference concerning the economy earlier today. Authorities emphasized that the implementation will be gradual. Authorities emphasized that the implementation will be gradual. Officials noted that the process will continue to be monitored closely over the coming weeks, with further updates expected to follow standard procedure. The matter has been documented and is available through official channels.",politicsNews,real
Local authorities presented the annual budget regarding a viral health trend,"As reported by multiple news agencies, local authorities presented the annual budget concerning a viral health trend earlier today. A follow-up briefing is expected to be held later this month. The figures were cross-checked against previous quarterly data. Officials noted that the process will continue to be monitored closely over the coming weeks, with further updates expected to follow standard procedure. The matter has been documented and is available through official channels.",politicsNews,real
Nasa signed an agreement with neighboring countries regarding a new technology,"Sources within the department confirmed, NASA signed an agreement with neighboring countries concerning a new technology earlier today. The announcement comes after a series of consultations with industry leaders. Authorities emphasized that the implementation will be gradual. Officials noted that the process will continue to be monitored closely over the coming weeks, with further updates expected to follow standard procedure. The matter has been documented and is available through official channels.",politicsNews,real
Nasa released findings from a peer-reviewed study regarding the stock market,"As reported by multiple news agencies, NASA released findings from a peer-reviewed study concerning the stock market earlier today. The announcement comes after a series of consultations with industry leaders. A follow-up briefing is expected to be held later this month. Officials noted that the process will continue to be monitored closely over the coming weeks, with further updates expected to follow standard procedure. The matter has been documented and is available through official channels.",politicsNews,real
The reserve bank released findings from a peer-reviewed study regarding a political scandal,"In a statement released on tuesday, the Reserve Bank released findings from a peer-reviewed study concerning a political scandal earlier today. The announcement comes after a series of consultations with industry leaders. Stakeholders welcomed the move, citing its long-term benefits. Officials noted that the process will continue to be monitored closely over the coming weeks, with further updates expected to follow standard procedure. The matter has been documented and is available through official channels.",politicsNews,real
The prime minister's office signed an agreement with neighboring countries regarding the education system,"As reported by multiple news agencies, the Prime Minister's Office signed an agreement with neighboring countries concerning the education system earlier today. The figures were cross-checked against previous quarterly data. The figures were cross-checked against previous quarterly data. Officials noted that the process will continue to be monitored closely over the coming weeks, with further updates expected to follow standard procedure. The matter has been documented and is available through official channels.",politicsNews,real
The election commission issued an official statement regarding a major sports event,"Data verified by independent auditors shows, the Election Commission issued an official statement concerning a major sports event earlier today. Stakeholders welcomed the move, citing its long-term benefits. Officials stated that further details will be released next week. Officials noted that the process will continue to be monitored closely over the coming weeks, with further updates expected to follow standard procedure. The matter has been documented and is available through official channels.",politicsNews,real
The election commission scheduled a meeting with stakeholders regarding the upcoming election,"Citing official records, the Election Commission scheduled a meeting with stakeholders concerning the upcoming election earlier today. Authorities emphasized that the implementation will be gradual. The decision follows months of deliberation among experts. Officials noted that the process will continue to be monitored closely over the coming weeks, with further updates expected to follow standard procedure. The matter has been documented and is available through official channels.",politicsNews,real
The election commission held a press conference regarding the education system,"Citing official records, the Election Commission held a press conference concerning the education system earlier today. The decision follows months of deliberation among experts. Stakeholders welcomed the move, citing its long-term benefits. Officials noted that the process will continue to be monitored closely over the coming weeks, with further updates expected to follow standard procedure. The matter has been documented and is available through official channels.",politicsNews,real
The prime minister's office approved a new infrastructure project regarding the stock market,"Citing official records, the Prime Minister's Office approved a new infrastructure project concerning the stock market earlier today. A follow-up briefing is expected to be held later this month. The decision follows months of deliberation among experts. Officials noted that the process will continue to be monitored closely over the coming weeks, with further updates expected to follow standard procedure. The matter has been documented and is available through official channels.",politicsNews,real
The ministry of finance presented the annual budget regarding climate change,"Citing official records, the Ministry of Finance presented the annual budget concerning climate change earlier today. Stakeholders welcomed the move, citing its long-term benefits. The announcement comes after a series of consultations with industry leaders. Officials noted that the process will continue to be monitored closely over the coming weeks, with further updates expected to follow standard procedure. The matter has been documented and is available through official channels.",politicsNews,real
The city council launched a public health initiative regarding the education system,"The official spokesperson said, the city council launched a public health initiative concerning the education system earlier today. The decision follows months of deliberation among experts. Stakeholders welcomed the move, citing its long-term benefits. Officials noted that the process will continue to be monitored closely over the coming weeks, with further updates expected to follow standard procedure. The matter has been documented and is available through official channels.",politicsNews,real
The prime minister's office issued an official statement regarding a global pandemic,"Data verified by independent auditors shows, the Prime Minister's Office issued an official statement concerning a global pandemic earlier today. Authorities emphasized that the implementation will be gradual. The report has been reviewed by independent analysts. Officials noted that the process will continue to be monitored closely over the coming weeks, with further updates expected to follow standard procedure. The matter has been documented and is available through official channels.",politicsNews,real
The department of health issued an official statement regarding the upcoming election,"Data verified by independent auditors shows, the Department of Health issued an official statement concerning the upcoming election earlier today. Authorities emphasized that the implementation will be gradual. The decision follows months of deliberation among experts. Officials noted that the process will continue to be monitored closely over the coming weeks, with further updates expected to follow standard procedure. The matter has been documented and is available through official channels.",politicsNews,real
The reserve bank held a press conference regarding a viral health trend,"Data verified by independent auditors shows, the Reserve Bank held a press conference concerning a viral health trend earlier today. Officials stated that further details will be released next week. The figures were cross-checked against previous quarterly data. Officials noted that the process will continue to be monitored closely over the coming weeks, with further updates expected to follow standard procedure. The matter has been documented and is available through official channels.",politicsNews,real
The supreme court released findings from a peer-reviewed study regarding the upcoming election,"Sources within the department confirmed, the Supreme Court released findings from a peer-reviewed study concerning the upcoming election earlier today. The report has been reviewed by independent analysts. A follow-up briefing is expected to be held later this month. Officials noted that the process will continue to be monitored closely over the coming weeks, with further updates expected to follow standard procedure. The matter has been documented and is available through official channels.",politicsNews,real
The supreme court issued an official statement regarding the education system,"As reported by multiple news agencies, the Supreme Court issued an official statement concerning the education system earlier today. Officials stated that further details will be released next week. The report has been reviewed by independent analysts. Officials noted that the process will continue to be monitored closely over the coming weeks, with further updates expected to follow standard procedure. The matter has been documented and is available through official channels.",politicsNews,real
Local authorities signed an agreement with neighboring countries regarding the education system,"According to officials, local authorities signed an agreement with neighboring countries concerning the education system earlier today. The figures were cross-checked against previous quarterly data. Authorities emphasized that the implementation will be gradual. Officials noted that the process will continue to be monitored closely over the coming weeks, with further updates expected to follow standard procedure. The matter has been documented and is available through official channels.",politicsNews,real
Local authorities launched a public health initiative regarding the housing market,"Data verified by independent auditors shows, local authorities launched a public health initiative concerning the housing market earlier today. A follow-up briefing is expected to be held later this month. Stakeholders welcomed the move, citing its long-term benefits. Officials noted that the process will continue to be monitored closely over the coming weeks, with further updates expected to follow standard procedure. The matter has been documented and is available through official channels.",politicsNews,real
Researchers at a leading university concluded an investigation into the matter regarding the new vaccine,"As reported by multiple news agencies, researchers at a leading university concluded an investigation into the matter concerning the new vaccine earlier today. The report has been reviewed by independent analysts. A follow-up briefing is expected to be held later this month. Officials noted that the process will continue to be monitored closely over the coming weeks, with further updates expected to follow standard procedure. The matter has been documented and is available through official channels.",politicsNews,real
Local authorities held a press conference regarding a viral health trend,"According to officials, local authorities held a press conference concerning a viral health trend earlier today. Authorities emphasized that the implementation will be gradual. Stakeholders welcomed the move, citing its long-term benefits. Officials noted that the process will continue to be monitored closely over the coming weeks, with further updates expected to follow standard procedure. The matter has been documented and is available through official channels.",politicsNews,real
Nasa issued an official statement regarding a political scandal,"Citing official records, NASA issued an official statement concerning a political scandal earlier today. The report has been reviewed by independent analysts. The announcement comes after a series of consultations with industry leaders. Officials noted that the process will continue to be monitored closely over the coming weeks, with further updates expected to follow standard procedure. The matter has been documented and is available through official channels.",politicsNews,real
The reserve bank held a press conference regarding a tech company's new product,"As reported by multiple news agencies, the Reserve Bank held a press conference concerning a tech company's new product earlier today. The decision follows months of deliberation among experts. Stakeholders welcomed the move, citing its long-term benefits. Officials noted that the process will continue to be monitored closely over the coming weeks, with further updates expected to follow standard procedure. The matter has been documented and is available through official channels.",politicsNews,real
The state government launched a public health initiative regarding the economy,"Data verified by independent auditors shows, the state government launched a public health initiative concerning the economy earlier today. Authorities emphasized that the implementation will be gradual. Stakeholders welcomed the move, citing its long-term benefits. Officials noted that the process will continue to be monitored closely over the coming weeks, with further updates expected to follow standard procedure. The matter has been documented and is available through official channels.",politicsNews,real
The central bank released its quarterly report regarding a political scandal,"Citing official records, the central bank released its quarterly report concerning a political scandal earlier today. The decision follows months of deliberation among experts. Authorities emphasized that the implementation will be gradual. Officials noted that the process will continue to be monitored closely over the coming weeks, with further updates expected to follow standard procedure. The matter has been documented and is available through official channels.",politicsNews,real
Researchers at a leading university concluded an investigation into the matter regarding the housing market,"Data verified by independent auditors shows, researchers at a leading university concluded an investigation into the matter concerning the housing market earlier today. The decision follows months of deliberation among experts. Officials stated that further details will be released next week. Officials noted that the process will continue to be monitored closely over the coming weeks, with further updates expected to follow standard procedure. The matter has been documented and is available through official channels.",politicsNews,real
Local authorities signed an agreement with neighboring countries regarding the upcoming election,"In a statement released on tuesday, local authorities signed an agreement with neighboring countries concerning the upcoming election earlier today. Stakeholders welcomed the move, citing its long-term benefits. Stakeholders welcomed the move, citing its long-term benefits. Officials noted that the process will continue to be monitored closely over the coming weeks, with further updates expected to follow standard procedure. The matter has been documented and is available through official channels.",politicsNews,real
The city council issued an official statement regarding a natural disaster,"The report, published on the official website, stated, the city council issued an official statement concerning a natural disaster earlier today. A follow-up briefing is expected to be held later this month. The figures were cross-checked against previous quarterly data. Officials noted that the process will continue to be monitored closely over the coming weeks, with further updates expected to follow standard procedure. The matter has been documented and is available through official channels.",politicsNews,real
The state government held a press conference regarding a global pandemic,"Citing official records, the state government held a press conference concerning a global pandemic earlier today. Authorities emphasized that the implementation will be gradual. Authorities emphasized that the implementation will be gradual. Officials noted that the process will continue to be monitored closely over the coming weeks, with further updates expected to follow standard procedure. The matter has been documented and is available through official channels.",politicsNews,real
The european central bank signed an agreement with neighboring countries regarding a major sports event,"The official spokesperson said, the European Central Bank signed an agreement with neighboring countries concerning a major sports event earlier today. The announcement comes after a series of consultations with industry leaders. Authorities emphasized that the implementation will be gradual. Officials noted that the process will continue to be monitored closely over the coming weeks, with further updates expected to follow standard procedure. The matter has been documented and is available through official channels.",politicsNews,real
The european central bank announced a new policy regarding a global pandemic,"As reported by multiple news agencies, the European Central Bank announced a new policy concerning a global pandemic earlier today. The announcement comes after a series of consultations with industry leaders. The decision follows months of deliberation among experts. Officials noted that the process will continue to be monitored closely over the coming weeks, with further updates expected to follow standard procedure. The matter has been documented and is available through official channels.",politicsNews,real
The city council scheduled a meeting with stakeholders regarding a global pandemic,"Data verified by independent auditors shows, the city council scheduled a meeting with stakeholders concerning a global pandemic earlier today. The report has been reviewed by independent analysts. Officials stated that further details will be released next week. Officials noted that the process will continue to be monitored closely over the coming weeks, with further updates expected to follow standard procedure. The matter has been documented and is available through official channels.",politicsNews,real
The supreme court concluded an investigation into the matter regarding the upcoming election,"The official spokesperson said, the Supreme Court concluded an investigation into the matter concerning the upcoming election earlier today. The announcement comes after a series of consultations with industry leaders. The announcement comes after a series of consultations with industry leaders. Officials noted that the process will continue to be monitored closely over the coming weeks, with further updates expected to follow standard procedure. The matter has been documented and is available through official channels.",politicsNews,real
Local authorities published updated guidelines regarding climate change,"Citing official records, local authorities published updated guidelines concerning climate change earlier today. A follow-up briefing is expected to be held later this month. Officials stated that further details will be released next week. Officials noted that the process will continue to be monitored closely over the coming weeks, with further updates expected to follow standard procedure. The matter has been documented and is available through official channels.",politicsNews,real
The city council announced a new policy regarding the stock market,"The report, published on the official website, stated, the city council announced a new policy concerning the stock market earlier today. The figures were cross-checked against previous quarterly data. The figures were cross-checked against previous quarterly data. Officials noted that the process will continue to be monitored closely over the coming weeks, with further updates expected to follow standard procedure. The matter has been documented and is available through official channels.",politicsNews,real
The election commission presented the annual budget regarding the stock market,"According to officials, the Election Commission presented the annual budget concerning the stock market earlier today. The report has been reviewed by independent analysts. Authorities emphasized that the implementation will be gradual. Officials noted that the process will continue to be monitored closely over the coming weeks, with further updates expected to follow standard procedure. The matter has been documented and is available through official channels.",politicsNews,real
The department of health released findings from a peer-reviewed study regarding the upcoming election,"Sources within the department confirmed, the Department of Health released findings from a peer-reviewed study concerning the upcoming election earlier today. The figures were cross-checked against previous quarterly data. The announcement comes after a series of consultations with industry leaders. Officials noted that the process will continue to be monitored closely over the coming weeks, with further updates expected to follow standard procedure. The matter has been documented and is available through official channels.",politicsNews,real
The department of health concluded an investigation into the matter regarding the housing market,"According to officials, the Department of Health concluded an investigation into the matter concerning the housing market earlier today. The figures were cross-checked against previous quarterly data. The announcement comes after a series of consultations with industry leaders. Officials noted that the process will continue to be monitored closely over the coming weeks, with further updates expected to follow standard procedure. The matter has been documented and is available through official channels.",politicsNews,real
The department of health presented the annual budget regarding a new technology,"The official spokesperson said, the Department of Health presented the annual budget concerning a new technology earlier today. The figures were cross-checked against previous quarterly data. Stakeholders welcomed the move, citing its long-term benefits. Officials noted that the process will continue to be monitored closely over the coming weeks, with further updates expected to follow standard procedure. The matter has been documented and is available through official channels.",politicsNews,real
The city council confirmed a revision in interest rates regarding a natural disaster,"The report, published on the official website, stated, the city council confirmed a revision in interest rates concerning a natural disaster earlier today. Officials stated that further details will be released next week. Officials stated that further details will be released next week. Officials noted that the process will continue to be monitored closely over the coming weeks, with further updates expected to follow standard procedure. The matter has been documented and is available through official channels.",politicsNews,real
The supreme court published updated guidelines regarding a political scandal,"According to officials, the Supreme Court published updated guidelines concerning a political scandal earlier today. The announcement comes after a series of consultations with industry leaders. The report has been reviewed by independent analysts. Officials noted that the process will continue to be monitored closely over the coming weeks, with further updates expected to follow standard procedure. The matter has been documented and is available through official channels.",politicsNews,real
The reserve bank signed an agreement with neighboring countries regarding a natural disaster,"The official spokesperson said, the Reserve Bank signed an agreement with neighboring countries concerning a natural disaster earlier today. Authorities emphasized that the implementation will be gradual. The report has been reviewed by independent analysts. Officials noted that the process will continue to be monitored closely over the coming weeks, with further updates expected to follow standard procedure. The matter has been documented and is available through official channels.",politicsNews,real
The european central bank held a press conference regarding the economy,"Data verified by independent auditors shows, the European Central Bank held a press conference concerning the economy earlier today. Authorities emphasized that the implementation will be gradual. Officials stated that further details will be released next week. Officials noted that the process will continue to be monitored closely over the coming weeks, with further updates expected to follow standard procedure. The matter has been documented and is available through official channels.",politicsNews,real
Local authorities presented the annual budget regarding the upcoming election,"The official spokesperson said, local authorities presented the annual budget concerning the upcoming election earlier today. The announcement comes after a series of consultations with industry leaders. A follow-up briefing is expected to be held later this month. Officials noted that the process will continue to be monitored closely over the coming weeks, with further updates expected to follow standard procedure. The matter has been documented and is available through official channels.",politicsNews,real
The european central bank issued an official statement regarding a popular celebrity,"According to officials, the European Central Bank issued an official statement concerning a popular celebrity earlier today. The report has been reviewed by independent analysts. The decision follows months of deliberation among experts. Officials noted that the process will continue to be monitored closely over the coming weeks, with further updates expected to follow standard procedure. The matter has been documented and is available through official channels.",politicsNews,real
The ministry of finance confirmed a revision in interest rates regarding a natural disaster,"Data verified by independent auditors shows, the Ministry of Finance confirmed a revision in interest rates concerning a natural disaster earlier today. Authorities emphasized that the implementation will be gradual. Officials stated that further details will be released next week. Officials noted that the process will continue to be monitored closely over the coming weeks, with further updates expected to follow standard procedure. The matter has been documented and is available through official channels.",politicsNews,real
The central bank published updated guidelines regarding a tech company's new product,"Citing official records, the central bank published updated guidelines concerning a tech company's new product earlier today. Officials stated that further details will be released next week. The report has been reviewed by independent analysts. Officials noted that the process will continue to be monitored closely over the coming weeks, with further updates expected to follow standard procedure. The matter has been documented and is available through official channels.",politicsNews,real
The united nations presented the annual budget regarding the stock market,"Data verified by independent auditors shows, the United Nations presented the annual budget concerning the stock market earlier today. A follow-up briefing is expected to be held later this month. The figures were cross-checked against previous quarterly data. Officials noted that the process will continue to be monitored closely over the coming weeks, with further updates expected to follow standard procedure. The matter has been documented and is available through official channels.",politicsNews,real
The state government approved a new infrastructure project regarding the housing market,"The official spokesperson said, the state government approved a new infrastructure project concerning the housing market earlier today. The announcement comes after a series of consultations with industry leaders. The decision follows months of deliberation among experts. Officials noted that the process will continue to be monitored closely over the coming weeks, with further updates expected to follow standard procedure. The matter has been documented and is available through official channels.",politicsNews,real
The united nations held a press conference regarding a global pandemic,"The report, published on the official website, stated, the United Nations held a press conference concerning a global pandemic earlier today. The figures were cross-checked against previous quarterly data. The report has been reviewed by independent analysts. Officials noted that the process will continue to be monitored closely over the coming weeks, with further updates expected to follow standard procedure. The matter has been documented and is available through official channels.",politicsNews,real
The united nations concluded an investigation into the matter regarding a major sports event,"As reported by multiple news agencies, the United Nations concluded an investigation into the matter concerning a major sports event earlier today. The announcement comes after a series of consultations with industry leaders. Authorities emphasized that the implementation will be gradual. Officials noted that the process will continue to be monitored closely over the coming weeks, with further updates expected to follow standard procedure. The matter has been documented and is available through official channels.",politicsNews,real
Researchers at a leading university held a press conference regarding the education system,"Data verified by independent auditors shows, researchers at a leading university held a press conference concerning the education system earlier today. The report has been reviewed by independent analysts. The figures were cross-checked against previous quarterly data. Officials noted that the process will continue to be monitored closely over the coming weeks, with further updates expected to follow standard procedure. The matter has been documented and is available through official channels.",politicsNews,real
The world health organization published updated guidelines regarding the education system,"As reported by multiple news agencies, the World Health Organization published updated guidelines concerning the education system earlier today. The decision follows months of deliberation among experts. Authorities emphasized that the implementation will be gradual. Officials noted that the process will continue to be monitored closely over the coming weeks, with further updates expected to follow standard procedure. The matter has been documented and is available through official channels.",politicsNews,real
The city council signed an agreement with neighboring countries regarding climate change,"Sources within the department confirmed, the city council signed an agreement with neighboring countries concerning climate change earlier today. The report has been reviewed by independent analysts. The decision follows months of deliberation among experts. Officials noted that the process will continue to be monitored closely over the coming weeks, with further updates expected to follow standard procedure. The matter has been documented and is available through official channels.",politicsNews,real
The united nations issued an official statement regarding the stock market,"According to officials, the United Nations issued an official statement concerning the stock market earlier today. Officials stated that further details will be released next week. A follow-up briefing is expected to be held later this month. Officials noted that the process will continue to be monitored closely over the coming weeks, with further updates expected to follow standard procedure. The matter has been documented and is available through official channels.",politicsNews,real
Researchers at a leading university confirmed a revision in interest rates regarding a new technology,"Citing official records, researchers at a leading university confirmed a revision in interest rates concerning a new technology earlier today. The report has been reviewed by independent analysts. The report has been reviewed by independent analysts. Officials noted that the process will continue to be monitored closely over the coming weeks, with further updates expected to follow standard procedure. The matter has been documented and is available through official channels.",politicsNews,real
The prime minister's office signed an agreement with neighboring countries regarding a political scandal,"The official spokesperson said, the Prime Minister's Office signed an agreement with neighboring countries concerning a political scandal earlier today. Stakeholders welcomed the move, citing its long-term benefits. Officials stated that further details will be released next week. Officials noted that the process will continue to be monitored closely over the coming weeks, with further updates expected to follow standard procedure. The matter has been documented and is available through official channels.",politicsNews,real
The central bank signed an agreement with neighboring countries regarding a major sports event,"In a statement released on tuesday, the central bank signed an agreement with neighboring countries concerning a major sports event earlier today. The decision follows months of deliberation among experts. The figures were cross-checked against previous quarterly data. Officials noted that the process will continue to be monitored closely over the coming weeks, with further updates expected to follow standard procedure. The matter has been documented and is available through official channels.",politicsNews,real
The department of health launched a public health initiative regarding a global pandemic,"According to officials, the Department of Health launched a public health initiative concerning a global pandemic earlier today. Stakeholders welcomed the move, citing its long-term benefits. The figures were cross-checked against previous quarterly data. Officials noted that the process will continue to be monitored closely over the coming weeks, with further updates expected to follow standard procedure. The matter has been documented and is available through official channels.",politicsNews,real
The election commission launched a public health initiative regarding a global pandemic,"In a statement released on tuesday, the Election Commission launched a public health initiative concerning a global pandemic earlier today. The announcement comes after a series of consultations with industry leaders. The announcement comes after a series of consultations with industry leaders. Officials noted that the process will continue to be monitored closely over the coming weeks, with further updates expected to follow standard procedure. The matter has been documented and is available through official channels.",politicsNews,real
The department of health issued an official statement regarding the new vaccine,"Citing official records, the Department of Health issued an official statement concerning the new vaccine earlier today. Officials stated that further details will be released next week. The report has been reviewed by independent analysts. Officials noted that the process will continue to be monitored closely over the coming weeks, with further updates expected to follow standard procedure. The matter has been documented and is available through official channels.",politicsNews,real
The department of health announced a new policy regarding a new technology,"As reported by multiple news agencies, the Department of Health announced a new policy concerning a new technology earlier today. Stakeholders welcomed the move, citing its long-term benefits. A follow-up briefing is expected to be held later this month. Officials noted that the process will continue to be monitored closely over the coming weeks, with further updates expected to follow standard procedure. The matter has been documented and is available through official channels.",politicsNews,real
The ministry of finance released its quarterly report regarding a natural disaster,"Citing official records, the Ministry of Finance released its quarterly report concerning a natural disaster earlier today. Authorities emphasized that the implementation will be gradual. Officials stated that further details will be released next week. Officials noted that the process will continue to be monitored closely over the coming weeks, with further updates expected to follow standard procedure. The matter has been documented and is available through official channels.",politicsNews,real
Nasa confirmed a revision in interest rates regarding a political scandal,"According to officials, NASA confirmed a revision in interest rates concerning a political scandal earlier today. The report has been reviewed by independent analysts. Authorities emphasized that the implementation will be gradual. Officials noted that the process will continue to be monitored closely over the coming weeks, with further updates expected to follow standard procedure. The matter has been documented and is available through official channels.",politicsNews,real
The city council scheduled a meeting with stakeholders regarding a major sports event,"According to officials, the city council scheduled a meeting with stakeholders concerning a major sports event earlier today. The announcement comes after a series of consultations with industry leaders. The announcement comes after a series of consultations with industry leaders. Officials noted that the process will continue to be monitored closely over the coming weeks, with further updates expected to follow standard procedure. The matter has been documented and is available through official channels.",politicsNews,real
The central bank held a press conference regarding the economy,"The official spokesperson said, the central bank held a press conference concerning the economy earlier today. The announcement comes after a series of consultations with industry leaders. The decision follows months of deliberation among experts. Officials noted that the process will continue to be monitored closely over the coming weeks, with further updates expected to follow standard procedure. The matter has been documented and is available through official channels.",politicsNews,real
The united nations signed an agreement with neighboring countries regarding a new technology,"Citing official records, the United Nations signed an agreement with neighboring countries concerning a new technology earlier today. The figures were cross-checked against previous quarterly data. A follow-up briefing is expected to be held later this month. Officials noted that the process will continue to be monitored closely over the coming weeks, with further updates expected to follow standard procedure. The matter has been documented and is available through official channels.",politicsNews,real
The reserve bank held a press conference regarding the economy,"As reported by multiple news agencies, the Reserve Bank held a press conference concerning the economy earlier today. Authorities emphasized that the implementation will be gradual. The decision follows months of deliberation among experts. Officials noted that the process will continue to be monitored closely over the coming weeks, with further updates expected to follow standard procedure. The matter has been documented and is available through official channels.",politicsNews,real
The ministry of finance confirmed a revision in interest rates regarding climate change,"As reported by multiple news agencies, the Ministry of Finance confirmed a revision in interest rates concerning climate change earlier today. The announcement comes after a series of consultations with industry leaders. The report has been reviewed by independent analysts. Officials noted that the process will continue to be monitored closely over the coming weeks, with further updates expected to follow standard procedure. The matter has been documented and is available through official channels.",politicsNews,real
The city council approved a new infrastructure project regarding the stock market,"The report, published on the official website, stated, the city council approved a new infrastructure project concerning the stock market earlier today. The figures were cross-checked against previous quarterly data. Officials stated that further details will be released next week. Officials noted that the process will continue to be monitored closely over the coming weeks, with further updates expected to follow standard procedure. The matter has been documented and is available through official channels.",politicsNews,real
The ministry of finance scheduled a meeting with stakeholders regarding the stock market,"Data verified by independent auditors shows, the Ministry of Finance scheduled a meeting with stakeholders concerning the stock market earlier today. The figures were cross-checked against previous quarterly data. Stakeholders welcomed the move, citing its long-term benefits. Officials noted that the process will continue to be monitored closely over the coming weeks, with further updates expected to follow standard procedure. The matter has been documented and is available through official channels.",politicsNews,real
Local authorities scheduled a meeting with stakeholders regarding a major sports event,"Data verified by independent auditors shows, local authorities scheduled a meeting with stakeholders concerning a major sports event earlier today. Authorities emphasized that the implementation will be gradual. The announcement comes after a series of consultations with industry leaders. Officials noted that the process will continue to be monitored closely over the coming weeks, with further updates expected to follow standard procedure. The matter has been documented and is available through official channels.",politicsNews,real
Nasa scheduled a meeting with stakeholders regarding a new technology,"Citing official records, NASA scheduled a meeting with stakeholders concerning a new technology earlier today. The report has been reviewed by independent analysts. Stakeholders welcomed the move, citing its long-term benefits. Officials noted that the process will continue to be monitored closely over the coming weeks, with further updates expected to follow standard procedure. The matter has been documented and is available through official channels.",politicsNews,real
The department of health issued an official statement regarding the education system,"Sources within the department confirmed, the Department of Health issued an official statement concerning the education system earlier today. Stakeholders welcomed the move, citing its long-term benefits. The figures were cross-checked against previous quarterly data. Officials noted that the process will continue to be monitored closely over the coming weeks, with further updates expected to follow standard procedure. The matter has been documented and is available through official channels.",politicsNews,real
The state government signed an agreement with neighboring countries regarding a popular celebrity,"Data verified by independent auditors shows, the state government signed an agreement with neighboring countries concerning a popular celebrity earlier today. Officials stated that further details will be released next week. The announcement comes after a series of consultations with industry leaders. Officials noted that the process will continue to be monitored closely over the coming weeks, with further updates expected to follow standard procedure. The matter has been documented and is available through official channels.",politicsNews,real
The state government published updated guidelines regarding a major sports event,"The report, published on the official website, stated, the state government published updated guidelines concerning a major sports event earlier today. The decision follows months of deliberation among experts. The report has been reviewed by independent analysts. Officials noted that the process will continue to be monitored closely over the coming weeks, with further updates expected to follow standard procedure. The matter has been documented and is available through official channels.",politicsNews,real
The city council announced a new policy regarding a new technology,"As reported by multiple news agencies, the city council announced a new policy concerning a new technology earlier today. The report has been reviewed by independent analysts. A follow-up briefing is expected to be held later this month. Officials noted that the process will continue to be monitored closely over the coming weeks, with further updates expected to follow standard procedure. The matter has been documented and is available through official channels.",politicsNews,real
Researchers at a leading university presented the annual budget regarding a viral health trend,"Data verified by independent auditors shows, researchers at a leading university presented the annual budget concerning a viral health trend earlier today. Authorities emphasized that the implementation will be gradual. The decision follows months of deliberation among experts. Officials noted that the process will continue to be monitored closely over the coming weeks, with further updates expected to follow standard procedure. The matter has been documented and is available through official channels.",politicsNews,real
The world health organization approved a new infrastructure project regarding the stock market,"According to officials, the World Health Organization approved a new infrastructure project concerning the stock market earlier today. The figures were cross-checked against previous quarterly data. The report has been reviewed by independent analysts. Officials noted that the process will continue to be monitored closely over the coming weeks, with further updates expected to follow standard procedure. The matter has been documented and is available through official channels.",politicsNews,real
Local authorities published updated guidelines regarding a popular celebrity,"According to officials, local authorities published updated guidelines concerning a popular celebrity earlier today. The figures were cross-checked against previous quarterly data. Officials stated that further details will be released next week. Officials noted that the process will continue to be monitored closely over the coming weeks, with further updates expected to follow standard procedure. The matter has been documented and is available through official channels.",politicsNews,real
Nasa approved a new infrastructure project regarding the new vaccine,"As reported by multiple news agencies, NASA approved a new infrastructure project concerning the new vaccine earlier today. Authorities emphasized that the implementation will be gradual. The decision follows months of deliberation among experts. Officials noted that the process will continue to be monitored closely over the coming weeks, with further updates expected to follow standard procedure. The matter has been documented and is available through official channels.",politicsNews,real
The central bank presented the annual budget regarding the upcoming election,"As reported by multiple news agencies, the central bank presented the annual budget concerning the upcoming election earlier today. Authorities emphasized that the implementation will be gradual. A follow-up briefing is expected to be held later this month. Officials noted that the process will continue to be monitored closely over the coming weeks, with further updates expected to follow standard procedure. The matter has been documented and is available through official channels.",politicsNews,real
The city council released its quarterly report regarding the upcoming election,"As reported by multiple news agencies, the city council released its quarterly report concerning the upcoming election earlier today. The decision follows months of deliberation among experts. A follow-up briefing is expected to be held later this month. Officials noted that the process will continue to be monitored closely over the coming weeks, with further updates expected to follow standard procedure. The matter has been documented and is available through official channels.",politicsNews,real
The state government concluded an investigation into the matter regarding the stock market,"Sources within the department confirmed, the state government concluded an investigation into the matter concerning the stock market earlier today. A follow-up briefing is expected to be held later this month. The decision follows months of deliberation among experts. Officials noted that the process will continue to be monitored closely over the coming weeks, with further updates expected to follow standard procedure. The matter has been documented and is available through official channels.",politicsNews,real
The supreme court signed an agreement with neighboring countries regarding a popular celebrity,"The official spokesperson said, the Supreme Court signed an agreement with neighboring countries concerning a popular celebrity earlier today. The announcement comes after a series of consultations with industry leaders. Authorities emphasized that the implementation will be gradual. Officials noted that the process will continue to be monitored closely over the coming weeks, with further updates expected to follow standard procedure. The matter has been documented and is available through official channels.",politicsNews,real
The election commission released its quarterly report regarding a viral health trend,"According to officials, the Election Commission released its quarterly report concerning a viral health trend earlier today. Officials stated that further details will be released next week. Stakeholders welcomed the move, citing its long-term benefits. Officials noted that the process will continue to be monitored closely over the coming weeks, with further updates expected to follow standard procedure. The matter has been documented and is available through official channels.",politicsNews,real
The european central bank signed an agreement with neighboring countries regarding the new vaccine,"As reported by multiple news agencies, the European Central Bank signed an agreement with neighboring countries concerning the new vaccine earlier today. The announcement comes after a series of consultations with industry leaders. Authorities emphasized that the implementation will be gradual. Officials noted that the process will continue to be monitored closely over the coming weeks, with further updates expected to follow standard procedure. The matter has been documented and is available through official channels.",politicsNews,real
The central bank issued an official statement regarding the new vaccine,"According to officials, the central bank issued an official statement concerning the new vaccine earlier today. The figures were cross-checked against previous quarterly data. The decision follows months of deliberation among experts. Officials noted that the process will continue to be monitored closely over the coming weeks, with further updates expected to follow standard procedure. The matter has been documented and is available through official channels.",politicsNews,real
The election commission published updated guidelines regarding the education system,"The official spokesperson said, the Election Commission published updated guidelines concerning the education system earlier today. Officials stated that further details will be released next week. A follow-up briefing is expected to be held later this month. Officials noted that the process will continue to be monitored closely over the coming weeks, with further updates expected to follow standard procedure. The matter has been documented and is available through official channels.",politicsNews,real
The department of health approved a new infrastructure project regarding a new technology,"Citing official records, the Department of Health approved a new infrastructure project concerning a new technology earlier today. Stakeholders welcomed the move, citing its long-term benefits. Stakeholders welcomed the move, citing its long-term benefits. Officials noted that the process will continue to be monitored closely over the coming weeks, with further updates expected to follow standard procedure. The matter has been documented and is available through official channels.",politicsNews,real
The world health organization scheduled a meeting with stakeholders regarding a political scandal,"The report, published on the official website, stated, the World Health Organization scheduled a meeting with stakeholders concerning a political scandal earlier today. Authorities emphasized that the implementation will be gradual. A follow-up briefing is expected to be held later this month. Officials noted that the process will continue to be monitored closely over the coming weeks, with further updates expected to follow standard procedure. The matter has been documented and is available through official channels.",politicsNews,real
The department of health launched a public health initiative regarding a popular celebrity,"As reported by multiple news agencies, the Department of Health launched a public health initiative concerning a popular celebrity earlier today. Authorities emphasized that the implementation will be gradual. The report has been reviewed by independent analysts. Officials noted that the process will continue to be monitored closely over the coming weeks, with further updates expected to follow standard procedure. The matter has been documented and is available through official channels.",politicsNews,real
Nasa issued an official statement regarding a political scandal,"Sources within the department confirmed, NASA issued an official statement concerning a political scandal earlier today. The announcement comes after a series of consultations with industry leaders. A follow-up briefing is expected to be held later this month. Officials noted that the process will continue to be monitored closely over the coming weeks, with further updates expected to follow standard procedure. The matter has been documented and is available through official channels.",politicsNews,real
The department of health confirmed a revision in interest rates regarding the stock market,"Sources within the department confirmed, the Department of Health confirmed a revision in interest rates concerning the stock market earlier today. Stakeholders welcomed the move, citing its long-term benefits. The figures were cross-checked against previous quarterly data. Officials noted that the process will continue to be monitored closely over the coming weeks, with further updates expected to follow standard procedure. The matter has been documented and is available through official channels.",politicsNews,real
The state government issued an official statement regarding the education system,"Sources within the department confirmed, the state government issued an official statement concerning the education system earlier today. A follow-up briefing is expected to be held later this month. Officials stated that further details will be released next week. Officials noted that the process will continue to be monitored closely over the coming weeks, with further updates expected to follow standard procedure. The matter has been documented and is available through official channels.",politicsNews,real
The world health organization approved a new infrastructure project regarding the new vaccine,"In a statement released on tuesday, the World Health Organization approved a new infrastructure project concerning the new vaccine earlier today. Officials stated that further details will be released next week. The figures were cross-checked against previous quarterly data. Officials noted that the process will continue to be monitored closely over the coming weeks, with further updates expected to follow standard procedure. The matter has been documented and is available through official channels.",politicsNews,real
The central bank concluded an investigation into the matter regarding a political scandal,"According to officials, the central bank concluded an investigation into the matter concerning a political scandal earlier today. The report has been reviewed by independent analysts. The report has been reviewed by independent analysts. Officials noted that the process will continue to be monitored closely over the coming weeks, with further updates expected to follow standard procedure. The matter has been documented and is available through official channels.",politicsNews,real
The united nations issued an official statement regarding a popular celebrity,"The report, published on the official website, stated, the United Nations issued an official statement concerning a popular celebrity earlier today. The announcement comes after a series of consultations with industry leaders. The figures were cross-checked against previous quarterly data. Officials noted that the process will continue to be monitored closely over the coming weeks, with further updates expected to follow standard procedure. The matter has been documented and is available through official channels.",politicsNews,real
Researchers at a leading university held a press conference regarding the economy,"Data verified by independent auditors shows, researchers at a leading university held a press conference concerning the economy earlier today. Authorities emphasized that the implementation will be gradual. The decision follows months of deliberation among experts. Officials noted that the process will continue to be monitored closely over the coming weeks, with further updates expected to follow standard procedure. The matter has been documented and is available through official channels.",politicsNews,real
The united nations confirmed a revision in interest rates regarding a natural disaster,"In a statement released on tuesday, the United Nations confirmed a revision in interest rates concerning a natural disaster earlier today. Authorities emphasized that the implementation will be gradual. The figures were cross-checked against previous quarterly data. Officials noted that the process will continue to be monitored closely over the coming weeks, with further updates expected to follow standard procedure. The matter has been documented and is available through official channels.",politicsNews,real
The department of health held a press conference regarding the housing market,"The official spokesperson said, the Department of Health held a press conference concerning the housing market earlier today. The figures were cross-checked against previous quarterly data. Authorities emphasized that the implementation will be gradual. Officials noted that the process will continue to be monitored closely over the coming weeks, with further updates expected to follow standard procedure. The matter has been documented and is available through official channels.",politicsNews,real
The reserve bank released its quarterly report regarding climate change,"According to officials, the Reserve Bank released its quarterly report concerning climate change earlier today. A follow-up briefing is expected to be held later this month. The figures were cross-checked against previous quarterly data. Officials noted that the process will continue to be monitored closely over the coming weeks, with further updates expected to follow standard procedure. The matter has been documented and is available through official channels.",politicsNews,real
The central bank released findings from a peer-reviewed study regarding a viral health trend,"In a statement released on tuesday, the central bank released findings from a peer-reviewed study concerning a viral health trend earlier today. The report has been reviewed by independent analysts. A follow-up briefing is expected to be held later this month. Officials noted that the process will continue to be monitored closely over the coming weeks, with further updates expected to follow standard procedure. The matter has been documented and is available through official channels.",politicsNews,real
The world health organization confirmed a revision in interest rates regarding a viral health trend,"According to officials, the World Health Organization confirmed a revision in interest rates concerning a viral health trend earlier today. A follow-up briefing is expected to be held later this month. Stakeholders welcomed the move, citing its long-term benefits. Officials noted that the process will continue to be monitored closely over the coming weeks, with further updates expected to follow standard procedure. The matter has been documented and is available through official channels.",politicsNews,real
The reserve bank concluded an investigation into the matter regarding the education system,"Citing official records, the Reserve Bank concluded an investigation into the matter concerning the education system earlier today. Authorities emphasized that the implementation will be gradual. Officials stated that further details will be released next week. Officials noted that the process will continue to be monitored closely over the coming weeks, with further updates expected to follow standard procedure. The matter has been documented and is available through official channels.",politicsNews,real
Nasa released its quarterly report regarding the upcoming election,"Sources within the department confirmed, NASA released its quarterly report concerning the upcoming election earlier today. A follow-up briefing is expected to be held later this month. Officials stated that further details will be released next week. Officials noted that the process will continue to be monitored closely over the coming weeks, with further updates expected to follow standard procedure. The matter has been documented and is available through official channels.",politicsNews,real
Nasa released findings from a peer-reviewed study regarding a new technology,"According to officials, NASA released findings from a peer-reviewed study concerning a new technology earlier today. A follow-up briefing is expected to be held later this month. A follow-up briefing is expected to be held later this month. Officials noted that the process will continue to be monitored closely over the coming weeks, with further updates expected to follow standard procedure. The matter has been documented and is available through official channels.",politicsNews,real
The election commission held a press conference regarding the education system,"According to officials, the Election Commission held a press conference concerning the education system earlier today. The announcement comes after a series of consultations with industry leaders. The announcement comes after a series of consultations with industry leaders. Officials noted that the process will continue to be monitored closely over the coming weeks, with further updates expected to follow standard procedure. The matter has been documented and is available through official channels.",politicsNews,real
The state government approved a new infrastructure project regarding a popular celebrity,"According to officials, the state government approved a new infrastructure project concerning a popular celebrity earlier today. A follow-up briefing is expected to be held later this month. Officials stated that further details will be released next week. Officials noted that the process will continue to be monitored closely over the coming weeks, with further updates expected to follow standard procedure. The matter has been documented and is available through official channels.",politicsNews,real
The world health organization concluded an investigation into the matter regarding a popular celebrity,"Data verified by independent auditors shows, the World Health Organization concluded an investigation into the matter concerning a popular celebrity earlier today. The announcement comes after a series of consultations with industry leaders. The decision follows months of deliberation among experts. Officials noted that the process will continue to be monitored closely over the coming weeks, with further updates expected to follow standard procedure. The matter has been documented and is available through official channels.",politicsNews,real
The supreme court released findings from a peer-reviewed study regarding a popular celebrity,"As reported by multiple news agencies, the Supreme Court released findings from a peer-reviewed study concerning a popular celebrity earlier today. Stakeholders welcomed the move, citing its long-term benefits. A follow-up briefing is expected to be held later this month. Officials noted that the process will continue to be monitored closely over the coming weeks, with further updates expected to follow standard procedure. The matter has been documented and is available through official channels.",politicsNews,real
The european central bank held a press conference regarding a political scandal,"Citing official records, the European Central Bank held a press conference concerning a political scandal earlier today. The figures were cross-checked against previous quarterly data. The figures were cross-checked against previous quarterly data. Officials noted that the process will continue to be monitored closely over the coming weeks, with further updates expected to follow standard procedure. The matter has been documented and is available through official channels.",politicsNews,real
The european central bank scheduled a meeting with stakeholders regarding the economy,"The report, published on the official website, stated, the European Central Bank scheduled a meeting with stakeholders concerning the economy earlier today. The announcement comes after a series of consultations with industry leaders. Officials stated that further details will be released next week. Officials noted that the process will continue to be monitored closely over the coming weeks, with further updates expected to follow standard procedure. The matter has been documented and is available through official channels.",politicsNews,real
The department of health scheduled a meeting with stakeholders regarding a major sports event,"The official spokesperson said, the Department of Health scheduled a meeting with stakeholders concerning a major sports event earlier today. The figures were cross-checked against previous quarterly data. A follow-up briefing is expected to be held later this month. Officials noted that the process will continue to be monitored closely over the coming weeks, with further updates expected to follow standard procedure. The matter has been documented and is available through official channels.",politicsNews,real
The prime minister's office issued an official statement regarding the housing market,"The report, published on the official website, stated, the Prime Minister's Office issued an official statement concerning the housing market earlier today. The decision follows months of deliberation among experts. Officials stated that further details will be released next week. Officials noted that the process will continue to be monitored closely over the coming weeks, with further updates expected to follow standard procedure. The matter has been documented and is available through official channels.",politicsNews,real
The supreme court approved a new infrastructure project regarding a political scandal,"Data verified by independent auditors shows, the Supreme Court approved a new infrastructure project concerning a political scandal earlier today. Officials stated that further details will be released next week. The announcement comes after a series of consultations with industry leaders. Officials noted that the process will continue to be monitored closely over the coming weeks, with further updates expected to follow standard procedure. The matter has been documented and is available through official channels.",politicsNews,real
Nasa published updated guidelines regarding the stock market,"As reported by multiple news agencies, NASA published updated guidelines concerning the stock market earlier today. The decision follows months of deliberation among experts. The decision follows months of deliberation among experts. Officials noted that the process will continue to be monitored closely over the coming weeks, with further updates expected to follow standard procedure. The matter has been documented and is available through official channels.",politicsNews,real
The supreme court signed an agreement with neighboring countries regarding a popular celebrity,"Data verified by independent auditors shows, the Supreme Court signed an agreement with neighboring countries concerning a popular celebrity earlier today. Stakeholders welcomed the move, citing its long-term benefits. The decision follows months of deliberation among experts. Officials noted that the process will continue to be monitored closely over the coming weeks, with further updates expected to follow standard procedure. The matter has been documented and is available through official channels.",politicsNews,real
Local authorities released its quarterly report regarding a tech company's new product,"Sources within the department confirmed, local authorities released its quarterly report concerning a tech company's new product earlier today. The report has been reviewed by independent analysts. The figures were cross-checked against previous quarterly data. Officials noted that the process will continue to be monitored closely over the coming weeks, with further updates expected to follow standard procedure. The matter has been documented and is available through official channels.",politicsNews,real
The election commission approved a new infrastructure project regarding a natural disaster,"Citing official records, the Election Commission approved a new infrastructure project concerning a natural disaster earlier today. Officials stated that further details will be released next week. A follow-up briefing is expected to be held later this month. Officials noted that the process will continue to be monitored closely over the coming weeks, with further updates expected to follow standard procedure. The matter has been documented and is available through official channels.",politicsNews,real
The election commission released findings from a peer-reviewed study regarding a major sports event,"According to officials, the Election Commission released findings from a peer-reviewed study concerning a major sports event earlier today. The figures were cross-checked against previous quarterly data. Authorities emphasized that the implementation will be gradual. Officials noted that the process will continue to be monitored closely over the coming weeks, with further updates expected to follow standard procedure. The matter has been documented and is available through official channels.",politicsNews,real
The department of health signed an agreement with neighboring countries regarding climate change,"In a statement released on tuesday, the Department of Health signed an agreement with neighboring countries concerning climate change earlier today. A follow-up briefing is expected to be held later this month. Officials stated that further details will be released next week. Officials noted that the process will continue to be monitored closely over the coming weeks, with further updates expected to follow standard procedure. The matter has been documented and is available through official channels.",politicsNews,real
Local authorities approved a new infrastructure project regarding the economy,"Sources within the department confirmed, local authorities approved a new infrastructure project concerning the economy earlier today. Officials stated that further details will be released next week. Officials stated that further details will be released next week. Officials noted that the process will continue to be monitored closely over the coming weeks, with further updates expected to follow standard procedure. The matter has been documented and is available through official channels.",politicsNews,real
The central bank launched a public health initiative regarding a natural disaster,"As reported by multiple news agencies, the central bank launched a public health initiative concerning a natural disaster earlier today. The decision follows months of deliberation among experts. The decision follows months of deliberation among experts. Officials noted that the process will continue to be monitored closely over the coming weeks, with further updates expected to follow standard procedure. The matter has been documented and is available through official channels.",politicsNews,real
The european central bank announced a new policy regarding a new technology,"Citing official records, the European Central Bank announced a new policy concerning a new technology earlier today. The figures were cross-checked against previous quarterly data. The figures were cross-checked against previous quarterly data. Officials noted that the process will continue to be monitored closely over the coming weeks, with further updates expected to follow standard procedure. The matter has been documented and is available through official channels.",politicsNews,real
The ministry of finance concluded an investigation into the matter regarding the stock market,"The report, published on the official website, stated, the Ministry of Finance concluded an investigation into the matter concerning the stock market earlier today. The announcement comes after a series of consultations with industry leaders. The figures were cross-checked against previous quarterly data. Officials noted that the process will continue to be monitored closely over the coming weeks, with further updates expected to follow standard procedure. The matter has been documented and is available through official channels.",politicsNews,real
Researchers at a leading university launched a public health initiative regarding a natural disaster,"Data verified by independent auditors shows, researchers at a leading university launched a public health initiative concerning a natural disaster earlier today. Stakeholders welcomed the move, citing its long-term benefits. The report has been reviewed by independent analysts. Officials noted that the process will continue to be monitored closely over the coming weeks, with further updates expected to follow standard procedure. The matter has been documented and is available through official channels.",politicsNews,real
Local authorities confirmed a revision in interest rates regarding a natural disaster,"Sources within the department confirmed, local authorities confirmed a revision in interest rates concerning a natural disaster earlier today. Authorities emphasized that the implementation will be gradual. A follow-up briefing is expected to be held later this month. Officials noted that the process will continue to be monitored closely over the coming weeks, with further updates expected to follow standard procedure. The matter has been documented and is available through official channels.",politicsNews,real
The reserve bank signed an agreement with neighboring countries regarding the education system,"According to officials, the Reserve Bank signed an agreement with neighboring countries concerning the education system earlier today. Stakeholders welcomed the move, citing its long-term benefits. A follow-up briefing is expected to be held later this month. Officials noted that the process will continue to be monitored closely over the coming weeks, with further updates expected to follow standard procedure. The matter has been documented and is available through official channels.",politicsNews,real
The reserve bank published updated guidelines regarding the stock market,"According to officials, the Reserve Bank published updated guidelines concerning the stock market earlier today. The decision follows months of deliberation among experts. The figures were cross-checked against previous quarterly data. Officials noted that the process will continue to be monitored closely over the coming weeks, with further updates expected to follow standard procedure. The matter has been documented and is available through official channels.",politicsNews,real
The central bank released its quarterly report regarding the education system,"According to officials, the central bank released its quarterly report concerning the education system earlier today. The report has been reviewed by independent analysts. A follow-up briefing is expected to be held later this month. Officials noted that the process will continue to be monitored closely over the coming weeks, with further updates expected to follow standard procedure. The matter has been documented and is available through official channels.",politicsNews,real
Local authorities issued an official statement regarding the economy,"As reported by multiple news agencies, local authorities issued an official statement concerning the economy earlier today. The report has been reviewed by independent analysts. The decision follows months of deliberation among experts. Officials noted that the process will continue to be monitored closely over the coming weeks, with further updates expected to follow standard procedure. The matter has been documented and is available through official channels.",politicsNews,real
Researchers at a leading university released its quarterly report regarding a new technology,"Sources within the department confirmed, researchers at a leading university released its quarterly report concerning a new technology earlier today. Stakeholders welcomed the move, citing its long-term benefits. Officials stated that further details will be released next week. Officials noted that the process will continue to be monitored closely over the coming weeks, with further updates expected to follow standard procedure. The matter has been documented and is available through official channels.",politicsNews,real
The ministry of finance issued an official statement regarding the stock market,"As reported by multiple news agencies, the Ministry of Finance issued an official statement concerning the stock market earlier today. Stakeholders welcomed the move, citing its long-term benefits. The decision follows months of deliberation among experts. Officials noted that the process will continue to be monitored closely over the coming weeks, with further updates expected to follow standard procedure. The matter has been documented and is available through official channels.",politicsNews,real
The world health organization released findings from a peer-reviewed study regarding climate change,"In a statement released on tuesday, the World Health Organization released findings from a peer-reviewed study concerning climate change earlier today. Authorities emphasized that the implementation will be gradual. The report has been reviewed by independent analysts. Officials noted that the process will continue to be monitored closely over the coming weeks, with further updates expected to follow standard procedure. The matter has been documented and is available through official channels.",politicsNews,real
The city council held a press conference regarding a global pandemic,"According to officials, the city council held a press conference concerning a global pandemic earlier today. A follow-up briefing is expected to be held later this month. Officials stated that further details will be released next week. Officials noted that the process will continue to be monitored closely over the coming weeks, with further updates expected to follow standard procedure. The matter has been documented and is available through official channels.",politicsNews,real
The prime minister's office scheduled a meeting with stakeholders regarding the education system,"Citing official records, the Prime Minister's Office scheduled a meeting with stakeholders concerning the education system earlier today. The report has been reviewed by independent analysts. Stakeholders welcomed the move, citing its long-term benefits. Officials noted that the process will continue to be monitored closely over the coming weeks, with further updates expected to follow standard procedure. The matter has been documented and is available through official channels.",politicsNews,real
The united nations held a press conference regarding a viral health trend,"According to officials, the United Nations held a press conference concerning a viral health trend earlier today. The report has been reviewed by independent analysts. A follow-up briefing is expected to be held later this month. Officials noted that the process will continue to be monitored closely over the coming weeks, with further updates expected to follow standard procedure. The matter has been documented and is available through official channels.",politicsNews,real
Nasa signed an agreement with neighboring countries regarding the new vaccine,"The official spokesperson said, NASA signed an agreement with neighboring countries concerning the new vaccine earlier today. Officials stated that further details will be released next week. Authorities emphasized that the implementation will be gradual. Officials noted that the process will continue to be monitored closely over the coming weeks, with further updates expected to follow standard procedure. The matter has been documented and is available through official channels.",politicsNews,real
The reserve bank signed an agreement with neighboring countries regarding a political scandal,"Sources within the department confirmed, the Reserve Bank signed an agreement with neighboring countries concerning a political scandal earlier today. The report has been reviewed by independent analysts. A follow-up briefing is expected to be held later this month. Officials noted that the process will continue to be monitored closely over the coming weeks, with further updates expected to follow standard procedure. The matter has been documented and is available through official channels.",politicsNews,real
The state government published updated guidelines regarding the upcoming election,"Data verified by independent auditors shows, the state government published updated guidelines concerning the upcoming election earlier today. The figures were cross-checked against previous quarterly data. The announcement comes after a series of consultations with industry leaders. Officials noted that the process will continue to be monitored closely over the coming weeks, with further updates expected to follow standard procedure. The matter has been documented and is available through official channels.",politicsNews,real
The central bank presented the annual budget regarding climate change,"As reported by multiple news agencies, the central bank presented the annual budget concerning climate change earlier today. The decision follows months of deliberation among experts. A follow-up briefing is expected to be held later this month. Officials noted that the process will continue to be monitored closely over the coming weeks, with further updates expected to follow standard procedure. The matter has been documented and is available through official channels.",politicsNews,real
The european central bank concluded an investigation into the matter regarding a major sports event,"The report, published on the official website, stated, the European Central Bank concluded an investigation into the matter concerning a major sports event earlier today. Stakeholders welcomed the move, citing its long-term benefits. Authorities emphasized that the implementation will be gradual. Officials noted that the process will continue to be monitored closely over the coming weeks, with further updates expected to follow standard procedure. The matter has been documented and is available through official channels.",politicsNews,real
Local authorities confirmed a revision in interest rates regarding a major sports event,"The official spokesperson said, local authorities confirmed a revision in interest rates concerning a major sports event earlier today. Stakeholders welcomed the move, citing its long-term benefits. Officials stated that further details will be released next week. Officials noted that the process will continue to be monitored closely over the coming weeks, with further updates expected to follow standard procedure. The matter has been documented and is available through official channels.",politicsNews,real
The united nations concluded an investigation into the matter regarding climate change,"Citing official records, the United Nations concluded an investigation into the matter concerning climate change earlier today. The figures were cross-checked against previous quarterly data. Authorities emphasized that the implementation will be gradual. Officials noted that the process will continue to be monitored closely over the coming weeks, with further updates expected to follow standard procedure. The matter has been documented and is available through official channels.",politicsNews,real
The united nations published updated guidelines regarding the economy,"As reported by multiple news agencies, the United Nations published updated guidelines concerning the economy earlier today. The decision follows months of deliberation among experts. The announcement comes after a series of consultations with industry leaders. Officials noted that the process will continue to be monitored closely over the coming weeks, with further updates expected to follow standard procedure. The matter has been documented and is available through official channels.",politicsNews,real
The city council published updated guidelines regarding a global pandemic,"The official spokesperson said, the city council published updated guidelines concerning a global pandemic earlier today. The announcement comes after a series of consultations with industry leaders. The report has been reviewed by independent analysts. Officials noted that the process will continue to be monitored closely over the coming weeks, with further updates expected to follow standard procedure. The matter has been documented and is available through official channels.",politicsNews,real
The prime minister's office presented the annual budget regarding a tech company's new product,"Citing official records, the Prime Minister's Office presented the annual budget concerning a tech company's new product earlier today. Stakeholders welcomed the move, citing its long-term benefits. A follow-up briefing is expected to be held later this month. Officials noted that the process will continue to be monitored closely over the coming weeks, with further updates expected to follow standard procedure. The matter has been documented and is available through official channels.",politicsNews,real
The united nations published updated guidelines regarding a viral health trend,"In a statement released on tuesday, the United Nations published updated guidelines concerning a viral health trend earlier today. Stakeholders welcomed the move, citing its long-term benefits. The report has been reviewed by independent analysts. Officials noted that the process will continue to be monitored closely over the coming weeks, with further updates expected to follow standard procedure. The matter has been documented and is available through official channels.",politicsNews,real
Local authorities released findings from a peer-reviewed study regarding a major sports event,"According to officials, local authorities released findings from a peer-reviewed study concerning a major sports event earlier today. The figures were cross-checked against previous quarterly data. A follow-up briefing is expected to be held later this month. Officials noted that the process will continue to be monitored closely over the coming weeks, with further updates expected to follow standard procedure. The matter has been documented and is available through official channels.",politicsNews,real
The ministry of finance presented the annual budget regarding the education system,"According to officials, the Ministry of Finance presented the annual budget concerning the education system earlier today. The figures were cross-checked against previous quarterly data. Stakeholders welcomed the move, citing its long-term benefits. Officials noted that the process will continue to be monitored closely over the coming weeks, with further updates expected to follow standard procedure. The matter has been documented and is available through official channels.",politicsNews,real
The department of health issued an official statement regarding climate change,"Data verified by independent auditors shows, the Department of Health issued an official statement concerning climate change earlier today. A follow-up briefing is expected to be held later this month. The decision follows months of deliberation among experts. Officials noted that the process will continue to be monitored closely over the coming weeks, with further updates expected to follow standard procedure. The matter has been documented and is available through official channels.",politicsNews,real
The city council published updated guidelines regarding the education system,"Citing official records, the city council published updated guidelines concerning the education system earlier today. The decision follows months of deliberation among experts. Officials stated that further details will be released next week. Officials noted that the process will continue to be monitored closely over the coming weeks, with further updates expected to follow standard procedure. The matter has been documented and is available through official channels.",politicsNews,real
The prime minister's office released findings from a peer-reviewed study regarding the education system,"Data verified by independent auditors shows, the Prime Minister's Office released findings from a peer-reviewed study concerning the education system earlier today. Stakeholders welcomed the move, citing its long-term benefits. Officials stated that further details will be released next week. Officials noted that the process will continue to be monitored closely over the coming weeks, with further updates expected to follow standard procedure. The matter has been documented and is available through official channels.",politicsNews,real
The ministry of finance confirmed a revision in interest rates regarding a new technology,"The report, published on the official website, stated, the Ministry of Finance confirmed a revision in interest rates concerning a new technology earlier today. The decision follows months of deliberation among experts. Authorities emphasized that the implementation will be gradual. Officials noted that the process will continue to be monitored closely over the coming weeks, with further updates expected to follow standard procedure. The matter has been documented and is available through official channels.",politicsNews,real
The supreme court signed an agreement with neighboring countries regarding a natural disaster,"Sources within the department confirmed, the Supreme Court signed an agreement with neighboring countries concerning a natural disaster earlier today. A follow-up briefing is expected to be held later this month. Stakeholders welcomed the move, citing its long-term benefits. Officials noted that the process will continue to be monitored closely over the coming weeks, with further updates expected to follow standard procedure. The matter has been documented and is available through official channels.",politicsNews,real
Nasa issued an official statement regarding a popular celebrity,"In a statement released on tuesday, NASA issued an official statement concerning a popular celebrity earlier today. The decision follows months of deliberation among experts. Officials stated that further details will be released next week. Officials noted that the process will continue to be monitored closely over the coming weeks, with further updates expected to follow standard procedure. The matter has been documented and is available through official channels.",politicsNews,real
Local authorities presented the annual budget regarding a new technology,"Data verified by independent auditors shows, local authorities presented the annual budget concerning a new technology earlier today. Authorities emphasized that the implementation will be gradual. Officials stated that further details will be released next week. Officials noted that the process will continue to be monitored closely over the coming weeks, with further updates expected to follow standard procedure. The matter has been documented and is available through official channels.",politicsNews,real
The election commission released its quarterly report regarding climate change,"Sources within the department confirmed, the Election Commission released its quarterly report concerning climate change earlier today. The announcement comes after a series of consultations with industry leaders. Officials stated that further details will be released next week. Officials noted that the process will continue to be monitored closely over the coming weeks, with further updates expected to follow standard procedure. The matter has been documented and is available through official channels.",politicsNews,real
The election commission confirmed a revision in interest rates regarding a new technology,"As reported by multiple news agencies, the Election Commission confirmed a revision in interest rates concerning a new technology earlier today. Authorities emphasized that the implementation will be gradual. The figures were cross-checked against previous quarterly data. Officials noted that the process will continue to be monitored closely over the coming weeks, with further updates expected to follow standard procedure. The matter has been documented and is available through official channels.",politicsNews,real
The reserve bank released findings from a peer-reviewed study regarding a tech company's new product,"The official spokesperson said, the Reserve Bank released findings from a peer-reviewed study concerning a tech company's new product earlier today. Authorities emphasized that the implementation will be gradual. The figures were cross-checked against previous quarterly data. Officials noted that the process will continue to be monitored closely over the coming weeks, with further updates expected to follow standard procedure. The matter has been documented and is available through official channels.",politicsNews,real
The election commission concluded an investigation into the matter regarding a global pandemic,"As reported by multiple news agencies, the Election Commission concluded an investigation into the matter concerning a global pandemic earlier today. The announcement comes after a series of consultations with industry leaders. The report has been reviewed by independent analysts. Officials noted that the process will continue to be monitored closely over the coming weeks, with further updates expected to follow standard procedure. The matter has been documented and is available through official channels.",politicsNews,real
The city council announced a new policy regarding the stock market,"As reported by multiple news agencies, the city council announced a new policy concerning the stock market earlier today. The announcement comes after a series of consultations with industry leaders. A follow-up briefing is expected to be held later this month. Officials noted that the process will continue to be monitored closely over the coming weeks, with further updates expected to follow standard procedure. The matter has been documented and is available through official channels.",politicsNews,real
The world health organization scheduled a meeting with stakeholders regarding climate change,"As reported by multiple news agencies, the World Health Organization scheduled a meeting with stakeholders concerning climate change earlier today. Stakeholders welcomed the move, citing its long-term benefits. Officials stated that further details will be released next week. Officials noted that the process will continue to be monitored closely over the coming weeks, with further updates expected to follow standard procedure. The matter has been documented and is available through official channels.",politicsNews,real
The world health organization signed an agreement with neighboring countries regarding a natural disaster,"According to officials, the World Health Organization signed an agreement with neighboring countries concerning a natural disaster earlier today. Authorities emphasized that the implementation will be gradual. Authorities emphasized that the implementation will be gradual. Officials noted that the process will continue to be monitored closely over the coming weeks, with further updates expected to follow standard procedure. The matter has been documented and is available through official channels.",politicsNews,real
The ministry of finance announced a new policy regarding a global pandemic,"In a statement released on tuesday, the Ministry of Finance announced a new policy concerning a global pandemic earlier today. A follow-up briefing is expected to be held later this month. The report has been reviewed by independent analysts. Officials noted that the process will continue to be monitored closely over the coming weeks, with further updates expected to follow standard procedure. The matter has been documented and is available through official channels.",politicsNews,real
The department of health approved a new infrastructure project regarding a political scandal,"As reported by multiple news agencies, the Department of Health approved a new infrastructure project concerning a political scandal earlier today. A follow-up briefing is expected to be held later this month. Authorities emphasized that the implementation will be gradual. Officials noted that the process will continue to be monitored closely over the coming weeks, with further updates expected to follow standard procedure. The matter has been documented and is available through official channels.",politicsNews,real
The state government presented the annual budget regarding a popular celebrity,"Sources within the department confirmed, the state government presented the annual budget concerning a popular celebrity earlier today. The decision follows months of deliberation among experts. The figures were cross-checked against previous quarterly data. Officials noted that the process will continue to be monitored closely over the coming weeks, with further updates expected to follow standard procedure. The matter has been documented and is available through official channels.",politicsNews,real
The reserve bank concluded an investigation into the matter regarding a viral health trend,"The official spokesperson said, the Reserve Bank concluded an investigation into the matter concerning a viral health trend earlier today. Stakeholders welcomed the move, citing its long-term benefits. The announcement comes after a series of consultations with industry leaders. Officials noted that the process will continue to be monitored closely over the coming weeks, with further updates expected to follow standard procedure. The matter has been documented and is available through official channels.",politicsNews,real
Nasa confirmed a revision in interest rates regarding a new technology,"The official spokesperson said, NASA confirmed a revision in interest rates concerning a new technology earlier today. Authorities emphasized that the implementation will be gradual. The decision follows months of deliberation among experts. Officials noted that the process will continue to be monitored closely over the coming weeks, with further updates expected to follow standard procedure. The matter has been documented and is available through official channels.",politicsNews,real
The prime minister's office published updated guidelines regarding a popular celebrity,"According to officials, the Prime Minister's Office published updated guidelines concerning a popular celebrity earlier today. Authorities emphasized that the implementation will be gradual. Authorities emphasized that the implementation will be gradual. Officials noted that the process will continue to be monitored closely over the coming weeks, with further updates expected to follow standard procedure. The matter has been documented and is available through official channels.",politicsNews,real
The city council launched a public health initiative regarding climate change,"Data verified by independent auditors shows, the city council launched a public health initiative concerning climate change earlier today. The figures were cross-checked against previous quarterly data. The figures were cross-checked against previous quarterly data. Officials noted that the process will continue to be monitored closely over the coming weeks, with further updates expected to follow standard procedure. The matter has been documented and is available through official channels.",politicsNews,real
The department of health presented the annual budget regarding the new vaccine,"The report, published on the official website, stated, the Department of Health presented the annual budget concerning the new vaccine earlier today. The figures were cross-checked against previous quarterly data. Officials stated that further details will be released next week. Officials noted that the process will continue to be monitored closely over the coming weeks, with further updates expected to follow standard procedure. The matter has been documented and is available through official channels.",politicsNews,real
Local authorities concluded an investigation into the matter regarding the upcoming election,"As reported by multiple news agencies, local authorities concluded an investigation into the matter concerning the upcoming election earlier today. The report has been reviewed by independent analysts. The figures were cross-checked against previous quarterly data. Officials noted that the process will continue to be monitored closely over the coming weeks, with further updates expected to follow standard procedure. The matter has been documented and is available through official channels.",politicsNews,real
The department of health presented the annual budget regarding the upcoming election,"Citing official records, the Department of Health presented the annual budget concerning the upcoming election earlier today. The decision follows months of deliberation among experts. The decision follows months of deliberation among experts. Officials noted that the process will continue to be monitored closely over the coming weeks, with further updates expected to follow standard procedure. The matter has been documented and is available through official channels.",politicsNews,real
The state government issued an official statement regarding a major sports event,"Data verified by independent auditors shows, the state government issued an official statement concerning a major sports event earlier today. The report has been reviewed by independent analysts. A follow-up briefing is expected to be held later this month. Officials noted that the process will continue to be monitored closely over the coming weeks, with further updates expected to follow standard procedure. The matter has been documented and is available through official channels.",politicsNews,real
The department of health released its quarterly report regarding a viral health trend,"The report, published on the official website, stated, the Department of Health released its quarterly report concerning a viral health trend earlier today. A follow-up briefing is expected to be held later this month. The figures were cross-checked against previous quarterly data. Officials noted that the process will continue to be monitored closely over the coming weeks, with further updates expected to follow standard procedure. The matter has been documented and is available through official channels.",politicsNews,real
Nasa scheduled a meeting with stakeholders regarding a tech company's new product,"According to officials, NASA scheduled a meeting with stakeholders concerning a tech company's new product earlier today. The announcement comes after a series of consultations with industry leaders. The report has been reviewed by independent analysts. Officials noted that the process will continue to be monitored closely over the coming weeks, with further updates expected to follow standard procedure. The matter has been documented and is available through official channels.",politicsNews,real
The supreme court held a press conference regarding a popular celebrity,"According to officials, the Supreme Court held a press conference concerning a popular celebrity earlier today. Authorities emphasized that the implementation will be gradual. The figures were cross-checked against previous quarterly data. Officials noted that the process will continue to be monitored closely over the coming weeks, with further updates expected to follow standard procedure. The matter has been documented and is available through official channels.",politicsNews,real
Nasa signed an agreement with neighboring countries regarding a political scandal,"As reported by multiple news agencies, NASA signed an agreement with neighboring countries concerning a political scandal earlier today. Officials stated that further details will be released next week. The report has been reviewed by independent analysts. Officials noted that the process will continue to be monitored closely over the coming weeks, with further updates expected to follow standard procedure. The matter has been documented and is available through official channels.",politicsNews,real
The state government scheduled a meeting with stakeholders regarding the new vaccine,"The report, published on the official website, stated, the state government scheduled a meeting with stakeholders concerning the new vaccine earlier today. Authorities emphasized that the implementation will be gradual. The report has been reviewed by independent analysts. Officials noted that the process will continue to be monitored closely over the coming weeks, with further updates expected to follow standard procedure. The matter has been documented and is available through official channels.",politicsNews,real
The supreme court held a press conference regarding the upcoming election,"Sources within the department confirmed, the Supreme Court held a press conference concerning the upcoming election earlier today. The report has been reviewed by independent analysts. Stakeholders welcomed the move, citing its long-term benefits. Officials noted that the process will continue to be monitored closely over the coming weeks, with further updates expected to follow standard procedure. The matter has been documented and is available through official channels.",politicsNews,real
The ministry of finance held a press conference regarding a new technology,"According to officials, the Ministry of Finance held a press conference concerning a new technology earlier today. Authorities emphasized that the implementation will be gradual. The announcement comes after a series of consultations with industry leaders. Officials noted that the process will continue to be monitored closely over the coming weeks, with further updates expected to follow standard procedure. The matter has been documented and is available through official channels.",politicsNews,real
The world health organization scheduled a meeting with stakeholders regarding the economy,"Data verified by independent auditors shows, the World Health Organization scheduled a meeting with stakeholders concerning the economy earlier today. Officials stated that further details will be released next week. Stakeholders welcomed the move, citing its long-term benefits. Officials noted that the process will continue to be monitored closely over the coming weeks, with further updates expected to follow standard procedure. The matter has been documented and is available through official channels.",politicsNews,real
The world health organization signed an agreement with neighboring countries regarding the new vaccine,"As reported by multiple news agencies, the World Health Organization signed an agreement with neighboring countries concerning the new vaccine earlier today. The figures were cross-checked against previous quarterly data. Officials stated that further details will be released next week. Officials noted that the process will continue to be monitored closely over the coming weeks, with further updates expected to follow standard procedure. The matter has been documented and is available through official channels.",politicsNews,real
The united nations released its quarterly report regarding a political scandal,"According to officials, the United Nations released its quarterly report concerning a political scandal earlier today. The decision follows months of deliberation among experts. A follow-up briefing is expected to be held later this month. Officials noted that the process will continue to be monitored closely over the coming weeks, with further updates expected to follow standard procedure. The matter has been documented and is available through official channels.",politicsNews,real
The city council released its quarterly report regarding a global pandemic,"Sources within the department confirmed, the city council released its quarterly report concerning a global pandemic earlier today. Stakeholders welcomed the move, citing its long-term benefits. Stakeholders welcomed the move, citing its long-term benefits. Officials noted that the process will continue to be monitored closely over the coming weeks, with further updates expected to follow standard procedure. The matter has been documented and is available through official channels.",politicsNews,real
Researchers at a leading university scheduled a meeting with stakeholders regarding a viral health trend,"Data verified by independent auditors shows, researchers at a leading university scheduled a meeting with stakeholders concerning a viral health trend earlier today. Authorities emphasized that the implementation will be gradual. Authorities emphasized that the implementation will be gradual. Officials noted that the process will continue to be monitored closely over the coming weeks, with further updates expected to follow standard procedure. The matter has been documented and is available through official channels.",politicsNews,real
Researchers at a leading university concluded an investigation into the matter regarding the housing market,"According to officials, researchers at a leading university concluded an investigation into the matter concerning the housing market earlier today. Stakeholders welcomed the move, citing its long-term benefits. Stakeholders welcomed the move, citing its long-term benefits. Officials noted that the process will continue to be monitored closely over the coming weeks, with further updates expected to follow standard procedure. The matter has been documented and is available through official channels.",politicsNews,real
The central bank presented the annual budget regarding the stock market,"Citing official records, the central bank presented the annual budget concerning the stock market earlier today. The report has been reviewed by independent analysts. A follow-up briefing is expected to be held later this month. Officials noted that the process will continue to be monitored closely over the coming weeks, with further updates expected to follow standard procedure. The matter has been documented and is available through official channels.",politicsNews,real
The prime minister's office signed an agreement with neighboring countries regarding a major sports event,"The official spokesperson said, the Prime Minister's Office signed an agreement with neighboring countries concerning a major sports event earlier today. Officials stated that further details will be released next week. Authorities emphasized that the implementation will be gradual. Officials noted that the process will continue to be monitored closely over the coming weeks, with further updates expected to follow standard procedure. The matter has been documented and is available through official channels.",politicsNews,real
The city council published updated guidelines regarding the housing market,"Data verified by independent auditors shows, the city council published updated guidelines concerning the housing market earlier today. The decision follows months of deliberation among experts. Officials stated that further details will be released next week. Officials noted that the process will continue to be monitored closely over the coming weeks, with further updates expected to follow standard procedure. The matter has been documented and is available through official channels.",politicsNews,real
The european central bank scheduled a meeting with stakeholders regarding a natural disaster,"Data verified by independent auditors shows, the European Central Bank scheduled a meeting with stakeholders concerning a natural disaster earlier today. A follow-up briefing is expected to be held later this month. Stakeholders welcomed the move, citing its long-term benefits. Officials noted that the process will continue to be monitored closely over the coming weeks, with further updates expected to follow standard procedure. The matter has been documented and is available through official channels.",politicsNews,real
Researchers at a leading university released its quarterly report regarding a natural disaster,"Citing official records, researchers at a leading university released its quarterly report concerning a natural disaster earlier today. Authorities emphasized that the implementation will be gradual. The report has been reviewed by independent analysts. Officials noted that the process will continue to be monitored closely over the coming weeks, with further updates expected to follow standard procedure. The matter has been documented and is available through official channels.",politicsNews,real
The department of health presented the annual budget regarding the new vaccine,"Sources within the department confirmed, the Department of Health presented the annual budget concerning the new vaccine earlier today. The report has been reviewed by independent analysts. The figures were cross-checked against previous quarterly data. Officials noted that the process will continue to be monitored closely over the coming weeks, with further updates expected to follow standard procedure. The matter has been documented and is available through official channels.",politicsNews,real
The supreme court signed an agreement with neighboring countries regarding the upcoming election,"The report, published on the official website, stated, the Supreme Court signed an agreement with neighboring countries concerning the upcoming election earlier today. The figures were cross-checked against previous quarterly data. Officials stated that further details will be released next week. Officials noted that the process will continue to be monitored closely over the coming weeks, with further updates expected to follow standard procedure. The matter has been documented and is available through official channels.",politicsNews,real
The supreme court launched a public health initiative regarding a new technology,"In a statement released on tuesday, the Supreme Court launched a public health initiative concerning a new technology earlier today. The announcement comes after a series of consultations with industry leaders. The report has been reviewed by independent analysts. Officials noted that the process will continue to be monitored closely over the coming weeks, with further updates expected to follow standard procedure. The matter has been documented and is available through official channels.",politicsNews,real
The department of health signed an agreement with neighboring countries regarding the economy,"As reported by multiple news agencies, the Department of Health signed an agreement with neighboring countries concerning the economy earlier today. Officials stated that further details will be released next week. The decision follows months of deliberation among experts. Officials noted that the process will continue to be monitored closely over the coming weeks, with further updates expected to follow standard procedure. The matter has been documented and is available through official channels.",politicsNews,real
The world health organization approved a new infrastructure project regarding a political scandal,"Sources within the department confirmed, the World Health Organization approved a new infrastructure project concerning a political scandal earlier today. Officials stated that further details will be released next week. A follow-up briefing is expected to be held later this month. Officials noted that the process will continue to be monitored closely over the coming weeks, with further updates expected to follow standard procedure. The matter has been documented and is available through official channels.",politicsNews,real
Nasa approved a new infrastructure project regarding a political scandal,"The report, published on the official website, stated, NASA approved a new infrastructure project concerning a political scandal earlier today. The decision follows months of deliberation among experts. The decision follows months of deliberation among experts. Officials noted that the process will continue to be monitored closely over the coming weeks, with further updates expected to follow standard procedure. The matter has been documented and is available through official channels.",politicsNews,real
The department of health launched a public health initiative regarding the economy,"According to officials, the Department of Health launched a public health initiative concerning the economy earlier today. The report has been reviewed by independent analysts. The announcement comes after a series of consultations with industry leaders. Officials noted that the process will continue to be monitored closely over the coming weeks, with further updates expected to follow standard procedure. The matter has been documented and is available through official channels.",politicsNews,real
Local authorities confirmed a revision in interest rates regarding a political scandal,"Citing official records, local authorities confirmed a revision in interest rates concerning a political scandal earlier today. Officials stated that further details will be released next week. A follow-up briefing is expected to be held later this month. Officials noted that the process will continue to be monitored closely over the coming weeks, with further updates expected to follow standard procedure. The matter has been documented and is available through official channels.",politicsNews,real
The prime minister's office approved a new infrastructure project regarding a viral health trend,"Citing official records, the Prime Minister's Office approved a new infrastructure project concerning a viral health trend earlier today. The figures were cross-checked against previous quarterly data. Authorities emphasized that the implementation will be gradual. Officials noted that the process will continue to be monitored closely over the coming weeks, with further updates expected to follow standard procedure. The matter has been documented and is available through official channels.",politicsNews,real
The world health organization published updated guidelines regarding a political scandal,"The report, published on the official website, stated, the World Health Organization published updated guidelines concerning a political scandal earlier today. The decision follows months of deliberation among experts. Authorities emphasized that the implementation will be gradual. Officials noted that the process will continue to be monitored closely over the coming weeks, with further updates expected to follow standard procedure. The matter has been documented and is available through official channels.",politicsNews,real
The supreme court announced a new policy regarding the upcoming election,"The official spokesperson said, the Supreme Court announced a new policy concerning the upcoming election earlier today. Stakeholders welcomed the move, citing its long-term benefits. The announcement comes after a series of consultations with industry leaders. Officials noted that the process will continue to be monitored closely over the coming weeks, with further updates expected to follow standard procedure. The matter has been documented and is available through official channels.",politicsNews,real
The supreme court held a press conference regarding the housing market,"According to officials, the Supreme Court held a press conference concerning the housing market earlier today. Authorities emphasized that the implementation will be gradual. The decision follows months of deliberation among experts. Officials noted that the process will continue to be monitored closely over the coming weeks, with further updates expected to follow standard procedure. The matter has been documented and is available through official channels.",politicsNews,real
The reserve bank scheduled a meeting with stakeholders regarding a viral health trend,"Citing official records, the Reserve Bank scheduled a meeting with stakeholders concerning a viral health trend earlier today. The decision follows months of deliberation among experts. Authorities emphasized that the implementation will be gradual. Officials noted that the process will continue to be monitored closely over the coming weeks, with further updates expected to follow standard procedure. The matter has been documented and is available through official channels.",politicsNews,real
The ministry of finance scheduled a meeting with stakeholders regarding the stock market,"The official spokesperson said, the Ministry of Finance scheduled a meeting with stakeholders concerning the stock market earlier today. A follow-up briefing is expected to be held later this month. Authorities emphasized that the implementation will be gradual. Officials noted that the process will continue to be monitored closely over the coming weeks, with further updates expected to follow standard procedure. The matter has been documented and is available through official channels.",politicsNews,real
The department of health issued an official statement regarding a tech company's new product,"Sources within the department confirmed, the Department of Health issued an official statement concerning a tech company's new product earlier today. Stakeholders welcomed the move, citing its long-term benefits. The announcement comes after a series of consultations with industry leaders. Officials noted that the process will continue to be monitored closely over the coming weeks, with further updates expected to follow standard procedure. The matter has been documented and is available through official channels.",politicsNews,real
The european central bank scheduled a meeting with stakeholders regarding the education system,"Sources within the department confirmed, the European Central Bank scheduled a meeting with stakeholders concerning the education system earlier today. Officials stated that further details will be released next week. Authorities emphasized that the implementation will be gradual. Officials noted that the process will continue to be monitored closely over the coming weeks, with further updates expected to follow standard procedure. The matter has been documented and is available through official channels.",politicsNews,real
The city council released its quarterly report regarding the housing market,"Data verified by independent auditors shows, the city council released its quarterly report concerning the housing market earlier today. The announcement comes after a series of consultations with industry leaders. The figures were cross-checked against previous quarterly data. Officials noted that the process will continue to be monitored closely over the coming weeks, with further updates expected to follow standard procedure. The matter has been documented and is available through official channels.",politicsNews,real
The election commission concluded an investigation into the matter regarding a natural disaster,"Citing official records, the Election Commission concluded an investigation into the matter concerning a natural disaster earlier today. The report has been reviewed by independent analysts. The decision follows months of deliberation among experts. Officials noted that the process will continue to be monitored closely over the coming weeks, with further updates expected to follow standard procedure. The matter has been documented and is available through official channels.",politicsNews,real
The state government scheduled a meeting with stakeholders regarding a popular celebrity,"Citing official records, the state government scheduled a meeting with stakeholders concerning a popular celebrity earlier today. The figures were cross-checked against previous quarterly data. The decision follows months of deliberation among experts. Officials noted that the process will continue to be monitored closely over the coming weeks, with further updates expected to follow standard procedure. The matter has been documented and is available through official channels.",politicsNews,real
The world health organization scheduled a meeting with stakeholders regarding a tech company's new product,"Data verified by independent auditors shows, the World Health Organization scheduled a meeting with stakeholders concerning a tech company's new product earlier today. The figures were cross-checked against previous quarterly data. The figures were cross-checked against previous quarterly data. Officials noted that the process will continue to be monitored closely over the coming weeks, with further updates expected to follow standard procedure. The matter has been documented and is available through official channels.",politicsNews,real
Researchers at a leading university approved a new infrastructure project regarding a popular celebrity,"As reported by multiple news agencies, researchers at a leading university approved a new infrastructure project concerning a popular celebrity earlier today. Stakeholders welcomed the move, citing its long-term benefits. The figures were cross-checked against previous quarterly data. Officials noted that the process will continue to be monitored closely over the coming weeks, with further updates expected to follow standard procedure. The matter has been documented and is available through official channels.",politicsNews,real
The city council approved a new infrastructure project regarding a new technology,"Citing official records, the city council approved a new infrastructure project concerning a new technology earlier today. The figures were cross-checked against previous quarterly data. The figures were cross-checked against previous quarterly data. Officials noted that the process will continue to be monitored closely over the coming weeks, with further updates expected to follow standard procedure. The matter has been documented and is available through official channels.",politicsNews,real
The reserve bank approved a new infrastructure project regarding a natural disaster,"Data verified by independent auditors shows, the Reserve Bank approved a new infrastructure project concerning a natural disaster earlier today. The report has been reviewed by independent analysts. The decision follows months of deliberation among experts. Officials noted that the process will continue to be monitored closely over the coming weeks, with further updates expected to follow standard procedure. The matter has been documented and is available through official channels.",politicsNews,real
The european central bank approved a new infrastructure project regarding a global pandemic,"Sources within the department confirmed, the European Central Bank approved a new infrastructure project concerning a global pandemic earlier today. The figures were cross-checked against previous quarterly data. Authorities emphasized that the implementation will be gradual. Officials noted that the process will continue to be monitored closely over the coming weeks, with further updates expected to follow standard procedure. The matter has been documented and is available through official channels.",politicsNews,real
The ministry of finance concluded an investigation into the matter regarding the housing market,"Sources within the department confirmed, the Ministry of Finance concluded an investigation into the matter concerning the housing market earlier today. The announcement comes after a series of consultations with industry leaders. A follow-up briefing is expected to be held later this month. Officials noted that the process will continue to be monitored closely over the coming weeks, with further updates expected to follow standard procedure. The matter has been documented and is available through official channels.",politicsNews,real
Researchers at a leading university concluded an investigation into the matter regarding a political scandal,"In a statement released on tuesday, researchers at a leading university concluded an investigation into the matter concerning a political scandal earlier today. Stakeholders welcomed the move, citing its long-term benefits. The figures were cross-checked against previous quarterly data. Officials noted that the process will continue to be monitored closely over the coming weeks, with further updates expected to follow standard procedure. The matter has been documented and is available through official channels.",politicsNews,real
The department of health confirmed a revision in interest rates regarding a tech company's new product,"Data verified by independent auditors shows, the Department of Health confirmed a revision in interest rates concerning a tech company's new product earlier today. The decision follows months of deliberation among experts. A follow-up briefing is expected to be held later this month. Officials noted that the process will continue to be monitored closely over the coming weeks, with further updates expected to follow standard procedure. The matter has been documented and is available through official channels.",politicsNews,real
The state government signed an agreement with neighboring countries regarding a global pandemic,"Data verified by independent auditors shows, the state government signed an agreement with neighboring countries concerning a global pandemic earlier today. The report has been reviewed by independent analysts. Authorities emphasized that the implementation will be gradual. Officials noted that the process will continue to be monitored closely over the coming weeks, with further updates expected to follow standard procedure. The matter has been documented and is available through official channels.",politicsNews,real
The state government concluded an investigation into the matter regarding a tech company's new product,"According to officials, the state government concluded an investigation into the matter concerning a tech company's new product earlier today. The decision follows months of deliberation among experts. Stakeholders welcomed the move, citing its long-term benefits. Officials noted that the process will continue to be monitored closely over the coming weeks, with further updates expected to follow standard procedure. The matter has been documented and is available through official channels.",politicsNews,real
Nasa signed an agreement with neighboring countries regarding a major sports event,"Citing official records, NASA signed an agreement with neighboring countries concerning a major sports event earlier today. The decision follows months of deliberation among experts. The figures were cross-checked against previous quarterly data. Officials noted that the process will continue to be monitored closely over the coming weeks, with further updates expected to follow standard procedure. The matter has been documented and is available through official channels.",politicsNews,real
The united nations held a press conference regarding a natural disaster,"Citing official records, the United Nations held a press conference concerning a natural disaster earlier today. Authorities emphasized that the implementation will be gradual. The figures were cross-checked against previous quarterly data. Officials noted that the process will continue to be monitored closely over the coming weeks, with further updates expected to follow standard procedure. The matter has been documented and is available through official channels.",politicsNews,real
The department of health scheduled a meeting with stakeholders regarding a global pandemic,"In a statement released on tuesday, the Department of Health scheduled a meeting with stakeholders concerning a global pandemic earlier today. Authorities emphasized that the implementation will be gradual. The figures were cross-checked against previous quarterly data. Officials noted that the process will continue to be monitored closely over the coming weeks, with further updates expected to follow standard procedure. The matter has been documented and is available through official channels.",politicsNews,real
The prime minister's office concluded an investigation into the matter regarding a new technology,"The report, published on the official website, stated, the Prime Minister's Office concluded an investigation into the matter concerning a new technology earlier today. The decision follows months of deliberation among experts. The decision follows months of deliberation among experts. Officials noted that the process will continue to be monitored closely over the coming weeks, with further updates expected to follow standard procedure. The matter has been documented and is available through official channels.",politicsNews,real
The reserve bank confirmed a revision in interest rates regarding a natural disaster,"The official spokesperson said, the Reserve Bank confirmed a revision in interest rates concerning a natural disaster earlier today. The announcement comes after a series of consultations with industry leaders. Authorities emphasized that the implementation will be gradual. Officials noted that the process will continue to be monitored closely over the coming weeks, with further updates expected to follow standard procedure. The matter has been documented and is available through official channels.",politicsNews,real
Researchers at a leading university concluded an investigation into the matter regarding a political scandal,"In a statement released on tuesday, researchers at a leading university concluded an investigation into the matter concerning a political scandal earlier today. Authorities emphasized that the implementation will be gradual. A follow-up briefing is expected to be held later this month. Officials noted that the process will continue to be monitored closely over the coming weeks, with further updates expected to follow standard procedure. The matter has been documented and is available through official channels.",politicsNews,real
The city council approved a new infrastructure project regarding the new vaccine,"The official spokesperson said, the city council approved a new infrastructure project concerning the new vaccine earlier today. The figures were cross-checked against previous quarterly data. Authorities emphasized that the implementation will be gradual. Officials noted that the process will continue to be monitored closely over the coming weeks, with further updates expected to follow standard procedure. The matter has been documented and is available through official channels.",politicsNews,real
The reserve bank presented the annual budget regarding a global pandemic,"The official spokesperson said, the Reserve Bank presented the annual budget concerning a global pandemic earlier today. Officials stated that further details will be released next week. A follow-up briefing is expected to be held later this month. Officials noted that the process will continue to be monitored closely over the coming weeks, with further updates expected to follow standard procedure. The matter has been documented and is available through official channels.",politicsNews,real
The european central bank approved a new infrastructure project regarding the new vaccine,"As reported by multiple news agencies, the European Central Bank approved a new infrastructure project concerning the new vaccine earlier today. Authorities emphasized that the implementation will be gradual. The report has been reviewed by independent analysts. Officials noted that the process will continue to be monitored closely over the coming weeks, with further updates expected to follow standard procedure. The matter has been documented and is available through official channels.",politicsNews,real
Researchers at a leading university issued an official statement regarding the new vaccine,"Citing official records, researchers at a leading university issued an official statement concerning the new vaccine earlier today. Stakeholders welcomed the move, citing its long-term benefits. Stakeholders welcomed the move, citing its long-term benefits. Officials noted that the process will continue to be monitored closely over the coming weeks, with further updates expected to follow standard procedure. The matter has been documented and is available through official channels.",politicsNews,real
The world health organization confirmed a revision in interest rates regarding a viral health trend,"The official spokesperson said, the World Health Organization confirmed a revision in interest rates concerning a viral health trend earlier today. Stakeholders welcomed the move, citing its long-term benefits. The announcement comes after a series of consultations with industry leaders. Officials noted that the process will continue to be monitored closely over the coming weeks, with further updates expected to follow standard procedure. The matter has been documented and is available through official channels.",politicsNews,real
The city council held a press conference regarding a popular celebrity,"According to officials, the city council held a press conference concerning a popular celebrity earlier today. The announcement comes after a series of consultations with industry leaders. Stakeholders welcomed the move, citing its long-term benefits. Officials noted that the process will continue to be monitored closely over the coming weeks, with further updates expected to follow standard procedure. The matter has been documented and is available through official channels.",politicsNews,real
The reserve bank launched a public health initiative regarding a tech company's new product,"As reported by multiple news agencies, the Reserve Bank launched a public health initiative concerning a tech company's new product earlier today. Authorities emphasized that the implementation will be gradual. The figures were cross-checked against previous quarterly data. Officials noted that the process will continue to be monitored closely over the coming weeks, with further updates expected to follow standard procedure. The matter has been documented and is available through official channels.",politicsNews,real
The ministry of finance released its quarterly report regarding the economy,"According to officials, the Ministry of Finance released its quarterly report concerning the economy earlier today. Authorities emphasized that the implementation will be gradual. Stakeholders welcomed the move, citing its long-term benefits. Officials noted that the process will continue to be monitored closely over the coming weeks, with further updates expected to follow standard procedure. The matter has been documented and is available through official channels.",politicsNews,real
The election commission confirmed a revision in interest rates regarding climate change,"The report, published on the official website, stated, the Election Commission confirmed a revision in interest rates concerning climate change earlier today. The decision follows months of deliberation among experts. The report has been reviewed by independent analysts. Officials noted that the process will continue to be monitored closely over the coming weeks, with further updates expected to follow standard procedure. The matter has been documented and is available through official channels.",politicsNews,real
The world health organization released its quarterly report regarding the education system,"The report, published on the official website, stated, the World Health Organization released its quarterly report concerning the education system earlier today. The figures were cross-checked against previous quarterly data. The report has been reviewed by independent analysts. Officials noted that the process will continue to be monitored closely over the coming weeks, with further updates expected to follow standard procedure. The matter has been documented and is available through official channels.",politicsNews,real
Researchers at a leading university approved a new infrastructure project regarding a global pandemic,"The report, published on the official website, stated, researchers at a leading university approved a new infrastructure project concerning a global pandemic earlier today. The figures were cross-checked against previous quarterly data. The announcement comes after a series of consultations with industry leaders. Officials noted that the process will continue to be monitored closely over the coming weeks, with further updates expected to follow standard procedure. The matter has been documented and is available through official channels.",politicsNews,real
The central bank held a press conference regarding the education system,"The report, published on the official website, stated, the central bank held a press conference concerning the education system earlier today. A follow-up briefing is expected to be held later this month. The report has been reviewed by independent analysts. Officials noted that the process will continue to be monitored closely over the coming weeks, with further updates expected to follow standard procedure. The matter has been documented and is available through official channels.",politicsNews,real
The reserve bank signed an agreement with neighboring countries regarding the economy,"As reported by multiple news agencies, the Reserve Bank signed an agreement with neighboring countries concerning the economy earlier today. A follow-up briefing is expected to be held later this month. The announcement comes after a series of consultations with industry leaders. Officials noted that the process will continue to be monitored closely over the coming weeks, with further updates expected to follow standard procedure. The matter has been documented and is available through official channels.",politicsNews,real
The reserve bank launched a public health initiative regarding the education system,"The report, published on the official website, stated, the Reserve Bank launched a public health initiative concerning the education system earlier today. A follow-up briefing is expected to be held later this month. A follow-up briefing is expected to be held later this month. Officials noted that the process will continue to be monitored closely over the coming weeks, with further updates expected to follow standard procedure. The matter has been documented and is available through official channels.",politicsNews,real
The united nations approved a new infrastructure project regarding a tech company's new product,"As reported by multiple news agencies, the United Nations approved a new infrastructure project concerning a tech company's new product earlier today. The report has been reviewed by independent analysts. The announcement comes after a series of consultations with industry leaders. Officials noted that the process will continue to be monitored closely over the coming weeks, with further updates expected to follow standard procedure. The matter has been documented and is available through official channels.",politicsNews,real
The prime minister's office released its quarterly report regarding a political scandal,"The official spokesperson said, the Prime Minister's Office released its quarterly report concerning a political scandal earlier today. A follow-up briefing is expected to be held later this month. Officials stated that further details will be released next week. Officials noted that the process will continue to be monitored closely over the coming weeks, with further updates expected to follow standard procedure. The matter has been documented and is available through official channels.",politicsNews,real
The supreme court concluded an investigation into the matter regarding a tech company's new product,"Sources within the department confirmed, the Supreme Court concluded an investigation into the matter concerning a tech company's new product earlier today. Authorities emphasized that the implementation will be gradual. The report has been reviewed by independent analysts. Officials noted that the process will continue to be monitored closely over the coming weeks, with further updates expected to follow standard procedure. The matter has been documented and is available through official channels.",politicsNews,real
The state government approved a new infrastructure project regarding the stock market,"According to officials, the state government approved a new infrastructure project concerning the stock market earlier today. The decision follows months of deliberation among experts. A follow-up briefing is expected to be held later this month. Officials noted that the process will continue to be monitored closely over the coming weeks, with further updates expected to follow standard procedure. The matter has been documented and is available through official channels.",politicsNews,real
The supreme court released findings from a peer-reviewed study regarding the education system,"According to officials, the Supreme Court released findings from a peer-reviewed study concerning the education system earlier today. Officials stated that further details will be released next week. The figures were cross-checked against previous quarterly data. Officials noted that the process will continue to be monitored closely over the coming weeks, with further updates expected to follow standard procedure. The matter has been documented and is available through official channels.",politicsNews,real
The ministry of finance announced a new policy regarding climate change,"The official spokesperson said, the Ministry of Finance announced a new policy concerning climate change earlier today. The figures were cross-checked against previous quarterly data. The figures were cross-checked against previous quarterly data. Officials noted that the process will continue to be monitored closely over the coming weeks, with further updates expected to follow standard procedure. The matter has been documented and is available through official channels.",politicsNews,real
The city council confirmed a revision in interest rates regarding a global pandemic,"Data verified by independent auditors shows, the city council confirmed a revision in interest rates concerning a global pandemic earlier today. The report has been reviewed by independent analysts. Authorities emphasized that the implementation will be gradual. Officials noted that the process will continue to be monitored closely over the coming weeks, with further updates expected to follow standard procedure. The matter has been documented and is available through official channels.",politicsNews,real
The department of health confirmed a revision in interest rates regarding a popular celebrity,"Citing official records, the Department of Health confirmed a revision in interest rates concerning a popular celebrity earlier today. The figures were cross-checked against previous quarterly data. Officials stated that further details will be released next week. Officials noted that the process will continue to be monitored closely over the coming weeks, with further updates expected to follow standard procedure. The matter has been documented and is available through official channels.",politicsNews,real
The state government confirmed a revision in interest rates regarding the economy,"Sources within the department confirmed, the state government confirmed a revision in interest rates concerning the economy earlier today. Authorities emphasized that the implementation will be gradual. A follow-up briefing is expected to be held later this month. Officials noted that the process will continue to be monitored closely over the coming weeks, with further updates expected to follow standard procedure. The matter has been documented and is available through official channels.",politicsNews,real
The election commission launched a public health initiative regarding the new vaccine,"In a statement released on tuesday, the Election Commission launched a public health initiative concerning the new vaccine earlier today. A follow-up briefing is expected to be held later this month. The announcement comes after a series of consultations with industry leaders. Officials noted that the process will continue to be monitored closely over the coming weeks, with further updates expected to follow standard procedure. The matter has been documented and is available through official channels.",politicsNews,real
The election commission concluded an investigation into the matter regarding the housing market,"According to officials, the Election Commission concluded an investigation into the matter concerning the housing market earlier today. Officials stated that further details will be released next week. The decision follows months of deliberation among experts. Officials noted that the process will continue to be monitored closely over the coming weeks, with further updates expected to follow standard procedure. The matter has been documented and is available through official channels.",politicsNews,real
The state government scheduled a meeting with stakeholders regarding the stock market,"Data verified by independent auditors shows, the state government scheduled a meeting with stakeholders concerning the stock market earlier today. The announcement comes after a series of consultations with industry leaders. Officials stated that further details will be released next week. Officials noted that the process will continue to be monitored closely over the coming weeks, with further updates expected to follow standard procedure. The matter has been documented and is available through official channels.",politicsNews,real
The city council held a press conference regarding the economy,"In a statement released on tuesday, the city council held a press conference concerning the economy earlier today. Officials stated that further details will be released next week. The figures were cross-checked against previous quarterly data. Officials noted that the process will continue to be monitored closely over the coming weeks, with further updates expected to follow standard procedure. The matter has been documented and is available through official channels.",politicsNews,real
The european central bank released findings from a peer-reviewed study regarding the stock market,"Data verified by independent auditors shows, the European Central Bank released findings from a peer-reviewed study concerning the stock market earlier today. The report has been reviewed by independent analysts. Stakeholders welcomed the move, citing its long-term benefits. Officials noted that the process will continue to be monitored closely over the coming weeks, with further updates expected to follow standard procedure. The matter has been documented and is available through official channels.",politicsNews,real
Nasa announced a new policy regarding a major sports event,"According to officials, NASA announced a new policy concerning a major sports event earlier today. Officials stated that further details will be released next week. The decision follows months of deliberation among experts. Officials noted that the process will continue to be monitored closely over the coming weeks, with further updates expected to follow standard procedure. The matter has been documented and is available through official channels.",politicsNews,real
The election commission concluded an investigation into the matter regarding the education system,"The report, published on the official website, stated, the Election Commission concluded an investigation into the matter concerning the education system earlier today. The figures were cross-checked against previous quarterly data. The announcement comes after a series of consultations with industry leaders. Officials noted that the process will continue to be monitored closely over the coming weeks, with further updates expected to follow standard procedure. The matter has been documented and is available through official channels.",politicsNews,real
Researchers at a leading university announced a new policy regarding a tech company's new product,"The official spokesperson said, researchers at a leading university announced a new policy concerning a tech company's new product earlier today. The decision follows months of deliberation among experts. Stakeholders welcomed the move, citing its long-term benefits. Officials noted that the process will continue to be monitored closely over the coming weeks, with further updates expected to follow standard procedure. The matter has been documented and is available through official channels.",politicsNews,real
Researchers at a leading university issued an official statement regarding the new vaccine,"The official spokesperson said, researchers at a leading university issued an official statement concerning the new vaccine earlier today. The announcement comes after a series of consultations with industry leaders. A follow-up briefing is expected to be held later this month. Officials noted that the process will continue to be monitored closely over the coming weeks, with further updates expected to follow standard procedure. The matter has been documented and is available through official channels.",politicsNews,real
The central bank held a press conference regarding a new technology,"Citing official records, the central bank held a press conference concerning a new technology earlier today. A follow-up briefing is expected to be held later this month. The decision follows months of deliberation among experts. Officials noted that the process will continue to be monitored closely over the coming weeks, with further updates expected to follow standard procedure. The matter has been documented and is available through official channels.",politicsNews,real
The reserve bank published updated guidelines regarding the new vaccine,"According to officials, the Reserve Bank published updated guidelines concerning the new vaccine earlier today. The figures were cross-checked against previous quarterly data. The figures were cross-checked against previous quarterly data. Officials noted that the process will continue to be monitored closely over the coming weeks, with further updates expected to follow standard procedure. The matter has been documented and is available through official channels.",politicsNews,real
The department of health presented the annual budget regarding the upcoming election,"Citing official records, the Department of Health presented the annual budget concerning the upcoming election earlier today. The decision follows months of deliberation among experts. The decision follows months of deliberation among experts. Officials noted that the process will continue to be monitored closely over the coming weeks, with further updates expected to follow standard procedure. The matter has been documented and is available through official channels.",politicsNews,real
The central bank issued an official statement regarding a global pandemic,"In a statement released on tuesday, the central bank issued an official statement concerning a global pandemic earlier today. A follow-up briefing is expected to be held later this month. Officials stated that further details will be released next week. Officials noted that the process will continue to be monitored closely over the coming weeks, with further updates expected to follow standard procedure. The matter has been documented and is available through official channels.",politicsNews,real
The world health organization approved a new infrastructure project regarding a new technology,"The official spokesperson said, the World Health Organization approved a new infrastructure project concerning a new technology earlier today. Authorities emphasized that the implementation will be gradual. A follow-up briefing is expected to be held later this month. Officials noted that the process will continue to be monitored closely over the coming weeks, with further updates expected to follow standard procedure. The matter has been documented and is available through official channels.",politicsNews,real
The world health organization approved a new infrastructure project regarding a major sports event,"In a statement released on tuesday, the World Health Organization approved a new infrastructure project concerning a major sports event earlier today. Authorities emphasized that the implementation will be gradual. A follow-up briefing is expected to be held later this month. Officials noted that the process will continue to be monitored closely over the coming weeks, with further updates expected to follow standard procedure. The matter has been documented and is available through official channels.",politicsNews,real
The world health organization held a press conference regarding climate change,"The official spokesperson said, the World Health Organization held a press conference concerning climate change earlier today. A follow-up briefing is expected to be held later this month. Officials stated that further details will be released next week. Officials noted that the process will continue to be monitored closely over the coming weeks, with further updates expected to follow standard procedure. The matter has been documented and is available through official channels.",politicsNews,real
Nasa announced a new policy regarding the stock market,"According to officials, NASA announced a new policy concerning the stock market earlier today. The announcement comes after a series of consultations with industry leaders. Authorities emphasized that the implementation will be gradual. Officials noted that the process will continue to be monitored closely over the coming weeks, with further updates expected to follow standard procedure. The matter has been documented and is available through official channels.",politicsNews,real
The supreme court confirmed a revision in interest rates regarding a viral health trend,"Sources within the department confirmed, the Supreme Court confirmed a revision in interest rates concerning a viral health trend earlier today. Stakeholders welcomed the move, citing its long-term benefits. Officials stated that further details will be released next week. Officials noted that the process will continue to be monitored closely over the coming weeks, with further updates expected to follow standard procedure. The matter has been documented and is available through official channels.",politicsNews,real
The city council announced a new policy regarding a global pandemic,"Data verified by independent auditors shows, the city council announced a new policy concerning a global pandemic earlier today. The report has been reviewed by independent analysts. Officials stated that further details will be released next week. Officials noted that the process will continue to be monitored closely over the coming weeks, with further updates expected to follow standard procedure. The matter has been documented and is available through official channels.",politicsNews,real
The ministry of finance released findings from a peer-reviewed study regarding a tech company's new product,"Sources within the department confirmed, the Ministry of Finance released findings from a peer-reviewed study concerning a tech company's new product earlier today. The decision follows months of deliberation among experts. Officials stated that further details will be released next week. Officials noted that the process will continue to be monitored closely over the coming weeks, with further updates expected to follow standard procedure. The matter has been documented and is available through official channels.",politicsNews,real
The world health organization scheduled a meeting with stakeholders regarding the education system,"Data verified by independent auditors shows, the World Health Organization scheduled a meeting with stakeholders concerning the education system earlier today. A follow-up briefing is expected to be held later this month. A follow-up briefing is expected to be held later this month. Officials noted that the process will continue to be monitored closely over the coming weeks, with further updates expected to follow standard procedure. The matter has been documented and is available through official channels.",politicsNews,real
Researchers at a leading university held a press conference regarding a tech company's new product,"Sources within the department confirmed, researchers at a leading university held a press conference concerning a tech company's new product earlier today. Stakeholders welcomed the move, citing its long-term benefits. A follow-up briefing is expected to be held later this month. Officials noted that the process will continue to be monitored closely over the coming weeks, with further updates expected to follow standard procedure. The matter has been documented and is available through official channels.",politicsNews,real
The election commission presented the annual budget regarding the new vaccine,"As reported by multiple news agencies, the Election Commission presented the annual budget concerning the new vaccine earlier today. The announcement comes after a series of consultations with industry leaders. Authorities emphasized that the implementation will be gradual. Officials noted that the process will continue to be monitored closely over the coming weeks, with further updates expected to follow standard procedure. The matter has been documented and is available through official channels.",politicsNews,real
The city council released findings from a peer-reviewed study regarding a political scandal,"In a statement released on tuesday, the city council released findings from a peer-reviewed study concerning a political scandal earlier today. Stakeholders welcomed the move, citing its long-term benefits. The report has been reviewed by independent analysts. Officials noted that the process will continue to be monitored closely over the coming weeks, with further updates expected to follow standard procedure. The matter has been documented and is available through official channels.",politicsNews,real
Researchers at a leading university presented the annual budget regarding the economy,"The report, published on the official website, stated, researchers at a leading university presented the annual budget concerning the economy earlier today. A follow-up briefing is expected to be held later this month. The report has been reviewed by independent analysts. Officials noted that the process will continue to be monitored closely over the coming weeks, with further updates expected to follow standard procedure. The matter has been documented and is available through official channels.",politicsNews,real
The prime minister's office released findings from a peer-reviewed study regarding a major sports event,"As reported by multiple news agencies, the Prime Minister's Office released findings from a peer-reviewed study concerning a major sports event earlier today. The decision follows months of deliberation among experts. The figures were cross-checked against previous quarterly data. Officials noted that the process will continue to be monitored closely over the coming weeks, with further updates expected to follow standard procedure. The matter has been documented and is available through official channels.",politicsNews,real
The prime minister's office confirmed a revision in interest rates regarding the education system,"Data verified by independent auditors shows, the Prime Minister's Office confirmed a revision in interest rates concerning the education system earlier today. Authorities emphasized that the implementation will be gradual. Authorities emphasized that the implementation will be gradual. Officials noted that the process will continue to be monitored closely over the coming weeks, with further updates expected to follow standard procedure. The matter has been documented and is available through official channels.",politicsNews,real
The state government signed an agreement with neighboring countries regarding the education system,"Citing official records, the state government signed an agreement with neighboring countries concerning the education system earlier today. Authorities emphasized that the implementation will be gradual. The figures were cross-checked against previous quarterly data. Officials noted that the process will continue to be monitored closely over the coming weeks, with further updates expected to follow standard procedure. The matter has been documented and is available through official channels.",politicsNews,real
The prime minister's office scheduled a meeting with stakeholders regarding the housing market,"As reported by multiple news agencies, the Prime Minister's Office scheduled a meeting with stakeholders concerning the housing market earlier today. The announcement comes after a series of consultations with industry leaders. Stakeholders welcomed the move, citing its long-term benefits. Officials noted that the process will continue to be monitored closely over the coming weeks, with further updates expected to follow standard procedure. The matter has been documented and is available through official channels.",politicsNews,real
The reserve bank announced a new policy regarding the upcoming election,"Data verified by independent auditors shows, the Reserve Bank announced a new policy concerning the upcoming election earlier today. The announcement comes after a series of consultations with industry leaders. The figures were cross-checked against previous quarterly data. Officials noted that the process will continue to be monitored closely over the coming weeks, with further updates expected to follow standard procedure. The matter has been documented and is available through official channels.",politicsNews,real
The state government presented the annual budget regarding the new vaccine,"The report, published on the official website, stated, the state government presented the annual budget concerning the new vaccine earlier today. The decision follows months of deliberation among experts. Officials stated that further details will be released next week. Officials noted that the process will continue to be monitored closely over the coming weeks, with further updates expected to follow standard procedure. The matter has been documented and is available through official channels.",politicsNews,real
The city council scheduled a meeting with stakeholders regarding the stock market,"The official spokesperson said, the city council scheduled a meeting with stakeholders concerning the stock market earlier today. The announcement comes after a series of consultations with industry leaders. The announcement comes after a series of consultations with industry leaders. Officials noted that the process will continue to be monitored closely over the coming weeks, with further updates expected to follow standard procedure. The matter has been documented and is available through official channels.",politicsNews,real
The ministry of finance published updated guidelines regarding a tech company's new product,"The official spokesperson said, the Ministry of Finance published updated guidelines concerning a tech company's new product earlier today. Authorities emphasized that the implementation will be gradual. A follow-up briefing is expected to be held later this month. Officials noted that the process will continue to be monitored closely over the coming weeks, with further updates expected to follow standard procedure. The matter has been documented and is available through official channels.",politicsNews,real
The ministry of finance announced a new policy regarding a global pandemic,"In a statement released on tuesday, the Ministry of Finance announced a new policy concerning a global pandemic earlier today. The report has been reviewed by independent analysts. A follow-up briefing is expected to be held later this month. Officials noted that the process will continue to be monitored closely over the coming weeks, with further updates expected to follow standard procedure. The matter has been documented and is available through official channels.",politicsNews,real
Researchers at a leading university approved a new infrastructure project regarding a natural disaster,"Citing official records, researchers at a leading university approved a new infrastructure project concerning a natural disaster earlier today. The figures were cross-checked against previous quarterly data. A follow-up briefing is expected to be held later this month. Officials noted that the process will continue to be monitored closely over the coming weeks, with further updates expected to follow standard procedure. The matter has been documented and is available through official channels.",politicsNews,real
Nasa held a press conference regarding the education system,"Citing official records, NASA held a press conference concerning the education system earlier today. A follow-up briefing is expected to be held later this month. The report has been reviewed by independent analysts. Officials noted that the process will continue to be monitored closely over the coming weeks, with further updates expected to follow standard procedure. The matter has been documented and is available through official channels.",politicsNews,real
The department of health announced a new policy regarding the housing market,"As reported by multiple news agencies, the Department of Health announced a new policy concerning the housing market earlier today. Authorities emphasized that the implementation will be gradual. Officials stated that further details will be released next week. Officials noted that the process will continue to be monitored closely over the coming weeks, with further updates expected to follow standard procedure. The matter has been documented and is available through official channels.",politicsNews,real
The reserve bank presented the annual budget regarding the new vaccine,"As reported by multiple news agencies, the Reserve Bank presented the annual budget concerning the new vaccine earlier today. Authorities emphasized that the implementation will be gradual. The announcement comes after a series of consultations with industry leaders. Officials noted that the process will continue to be monitored closely over the coming weeks, with further updates expected to follow standard procedure. The matter has been documented and is available through official channels.",politicsNews,real
The world health organization released findings from a peer-reviewed study regarding the economy,"In a statement released on tuesday, the World Health Organization released findings from a peer-reviewed study concerning the economy earlier today. The announcement comes after a series of consultations with industry leaders. The announcement comes after a series of consultations with industry leaders. Officials noted that the process will continue to be monitored closely over the coming weeks, with further updates expected to follow standard procedure. The matter has been documented and is available through official channels.",politicsNews,real
The ministry of finance announced a new policy regarding a new technology,"In a statement released on tuesday, the Ministry of Finance announced a new policy concerning a new technology earlier today. The announcement comes after a series of consultations with industry leaders. A follow-up briefing is expected to be held later this month. Officials noted that the process will continue to be monitored closely over the coming weeks, with further updates expected to follow standard procedure. The matter has been documented and is available through official channels.",politicsNews,real
Nasa issued an official statement regarding a political scandal,"Citing official records, NASA issued an official statement concerning a political scandal earlier today. A follow-up briefing is expected to be held later this month. A follow-up briefing is expected to be held later this month. Officials noted that the process will continue to be monitored closely over the coming weeks, with further updates expected to follow standard procedure. The matter has been documented and is available through official channels.",politicsNews,real
The united nations confirmed a revision in interest rates regarding the housing market,"The report, published on the official website, stated, the United Nations confirmed a revision in interest rates concerning the housing market earlier today. The decision follows months of deliberation among experts. A follow-up briefing is expected to be held later this month. Officials noted that the process will continue to be monitored closely over the coming weeks, with further updates expected to follow standard procedure. The matter has been documented and is available through official channels.",politicsNews,real
The european central bank issued an official statement regarding the housing market,"Data verified by independent auditors shows, the European Central Bank issued an official statement concerning the housing market earlier today. Officials stated that further details will be released next week. Officials stated that further details will be released next week. Officials noted that the process will continue to be monitored closely over the coming weeks, with further updates expected to follow standard procedure. The matter has been documented and is available through official channels.",politicsNews,real
Nasa announced a new policy regarding a natural disaster,"Sources within the department confirmed, NASA announced a new policy concerning a natural disaster earlier today. The report has been reviewed by independent analysts. The decision follows months of deliberation among experts. Officials noted that the process will continue to be monitored closely over the coming weeks, with further updates expected to follow standard procedure. The matter has been documented and is available through official channels.",politicsNews,real
The city council presented the annual budget regarding a major sports event,"The report, published on the official website, stated, the city council presented the annual budget concerning a major sports event earlier today. The decision follows months of deliberation among experts. A follow-up briefing is expected to be held later this month. Officials noted that the process will continue to be monitored closely over the coming weeks, with further updates expected to follow standard procedure. The matter has been documented and is available through official channels.",politicsNews,real
Researchers at a leading university presented the annual budget regarding a major sports event,"The report, published on the official website, stated, researchers at a leading university presented the annual budget concerning a major sports event earlier today. The announcement comes after a series of consultations with industry leaders. Officials stated that further details will be released next week. Officials noted that the process will continue to be monitored closely over the coming weeks, with further updates expected to follow standard procedure. The matter has been documented and is available through official channels.",politicsNews,real
The election commission released findings from a peer-reviewed study regarding climate change,"Sources within the department confirmed, the Election Commission released findings from a peer-reviewed study concerning climate change earlier today. The announcement comes after a series of consultations with industry leaders. The figures were cross-checked against previous quarterly data. Officials noted that the process will continue to be monitored closely over the coming weeks, with further updates expected to follow standard procedure. The matter has been documented and is available through official channels.",politicsNews,real
The reserve bank scheduled a meeting with stakeholders regarding a popular celebrity,"According to officials, the Reserve Bank scheduled a meeting with stakeholders concerning a popular celebrity earlier today. The figures were cross-checked against previous quarterly data. Officials stated that further details will be released next week. Officials noted that the process will continue to be monitored closely over the coming weeks, with further updates expected to follow standard procedure. The matter has been documented and is available through official channels.",politicsNews,real
The prime minister's office released its quarterly report regarding the upcoming election,"According to officials, the Prime Minister's Office released its quarterly report concerning the upcoming election earlier today. Stakeholders welcomed the move, citing its long-term benefits. Stakeholders welcomed the move, citing its long-term benefits. Officials noted that the process will continue to be monitored closely over the coming weeks, with further updates expected to follow standard procedure. The matter has been documented and is available through official channels.",politicsNews,real
The supreme court launched a public health initiative regarding the new vaccine,"In a statement released on tuesday, the Supreme Court launched a public health initiative concerning the new vaccine earlier today. A follow-up briefing is expected to be held later this month. The decision follows months of deliberation among experts. Officials noted that the process will continue to be monitored closely over the coming weeks, with further updates expected to follow standard procedure. The matter has been documented and is available through official channels.",politicsNews,real
Nasa concluded an investigation into the matter regarding the upcoming election,"Sources within the department confirmed, NASA concluded an investigation into the matter concerning the upcoming election earlier today. The report has been reviewed by independent analysts. The announcement comes after a series of consultations with industry leaders. Officials noted that the process will continue to be monitored closely over the coming weeks, with further updates expected to follow standard procedure. The matter has been documented and is available through official channels.",politicsNews,real
The supreme court presented the annual budget regarding a political scandal,"As reported by multiple news agencies, the Supreme Court presented the annual budget concerning a political scandal earlier today. Stakeholders welcomed the move, citing its long-term benefits. The figures were cross-checked against previous quarterly data. Officials noted that the process will continue to be monitored closely over the coming weeks, with further updates expected to follow standard procedure. The matter has been documented and is available through official channels.",politicsNews,real
The state government held a press conference regarding the economy,"According to officials, the state government held a press conference concerning the economy earlier today. A follow-up briefing is expected to be held later this month. The announcement comes after a series of consultations with industry leaders. Officials noted that the process will continue to be monitored closely over the coming weeks, with further updates expected to follow standard procedure. The matter has been documented and is available through official channels.",politicsNews,real
The reserve bank held a press conference regarding a popular celebrity,"Sources within the department confirmed, the Reserve Bank held a press conference concerning a popular celebrity earlier today. Officials stated that further details will be released next week. The figures were cross-checked against previous quarterly data. Officials noted that the process will continue to be monitored closely over the coming weeks, with further updates expected to follow standard procedure. The matter has been documented and is available through official channels.",politicsNews,real
The united nations concluded an investigation into the matter regarding a global pandemic,"The report, published on the official website, stated, the United Nations concluded an investigation into the matter concerning a global pandemic earlier today. Authorities emphasized that the implementation will be gradual. The announcement comes after a series of consultations with industry leaders. Officials noted that the process will continue to be monitored closely over the coming weeks, with further updates expected to follow standard procedure. The matter has been documented and is available through official channels.",politicsNews,real
The supreme court signed an agreement with neighboring countries regarding a viral health trend,"Citing official records, the Supreme Court signed an agreement with neighboring countries concerning a viral health trend earlier today. Authorities emphasized that the implementation will be gradual. The decision follows months of deliberation among experts. Officials noted that the process will continue to be monitored closely over the coming weeks, with further updates expected to follow standard procedure. The matter has been documented and is available through official channels.",politicsNews,real
The central bank announced a new policy regarding a major sports event,"As reported by multiple news agencies, the central bank announced a new policy concerning a major sports event earlier today. A follow-up briefing is expected to be held later this month. The figures were cross-checked against previous quarterly data. Officials noted that the process will continue to be monitored closely over the coming weeks, with further updates expected to follow standard procedure. The matter has been documented and is available through official channels.",politicsNews,real
The state government released its quarterly report regarding a tech company's new product,"The report, published on the official website, stated, the state government released its quarterly report concerning a tech company's new product earlier today. The figures were cross-checked against previous quarterly data. Authorities emphasized that the implementation will be gradual. Officials noted that the process will continue to be monitored closely over the coming weeks, with further updates expected to follow standard procedure. The matter has been documented and is available through official channels.",politicsNews,real
The central bank signed an agreement with neighboring countries regarding the economy,"Citing official records, the central bank signed an agreement with neighboring countries concerning the economy earlier today. Stakeholders welcomed the move, citing its long-term benefits. The decision follows months of deliberation among experts. Officials noted that the process will continue to be monitored closely over the coming weeks, with further updates expected to follow standard procedure. The matter has been documented and is available through official channels.",politicsNews,real
The city council scheduled a meeting with stakeholders regarding the upcoming election,"The official spokesperson said, the city council scheduled a meeting with stakeholders concerning the upcoming election earlier today. A follow-up briefing is expected to be held later this month. Authorities emphasized that the implementation will be gradual. Officials noted that the process will continue to be monitored closely over the coming weeks, with further updates expected to follow standard procedure. The matter has been documented and is available through official channels.",politicsNews,real
The united nations issued an official statement regarding the new vaccine,"In a statement released on tuesday, the United Nations issued an official statement concerning the new vaccine earlier today. The announcement comes after a series of consultations with industry leaders. A follow-up briefing is expected to be held later this month. Officials noted that the process will continue to be monitored closely over the coming weeks, with further updates expected to follow standard procedure. The matter has been documented and is available through official channels.",politicsNews,real
The european central bank held a press conference regarding climate change,"Sources within the department confirmed, the European Central Bank held a press conference concerning climate change earlier today. The announcement comes after a series of consultations with industry leaders. Stakeholders welcomed the move, citing its long-term benefits. Officials noted that the process will continue to be monitored closely over the coming weeks, with further updates expected to follow standard procedure. The matter has been documented and is available through official channels.",politicsNews,real
The state government presented the annual budget regarding the economy,"Citing official records, the state government presented the annual budget concerning the economy earlier today. The figures were cross-checked against previous quarterly data. The decision follows months of deliberation among experts. Officials noted that the process will continue to be monitored closely over the coming weeks, with further updates expected to follow standard procedure. The matter has been documented and is available through official channels.",politicsNews,real
The department of health published updated guidelines regarding a global pandemic,"According to officials, the Department of Health published updated guidelines concerning a global pandemic earlier today. Stakeholders welcomed the move, citing its long-term benefits. The decision follows months of deliberation among experts. Officials noted that the process will continue to be monitored closely over the coming weeks, with further updates expected to follow standard procedure. The matter has been documented and is available through official channels.",politicsNews,real
The united nations published updated guidelines regarding a global pandemic,"Sources within the department confirmed, the United Nations published updated guidelines concerning a global pandemic earlier today. The decision follows months of deliberation among experts. Stakeholders welcomed the move, citing its long-term benefits. Officials noted that the process will continue to be monitored closely over the coming weeks, with further updates expected to follow standard procedure. The matter has been documented and is available through official channels.",politicsNews,real
The world health organization published updated guidelines regarding the new vaccine,"Data verified by independent auditors shows, the World Health Organization published updated guidelines concerning the new vaccine earlier today. Officials stated that further details will be released next week. The decision follows months of deliberation among experts. Officials noted that the process will continue to be monitored closely over the coming weeks, with further updates expected to follow standard procedure. The matter has been documented and is available through official channels.",politicsNews,real
The united nations released its quarterly report regarding the upcoming election,"Citing official records, the United Nations released its quarterly report concerning the upcoming election earlier today. Authorities emphasized that the implementation will be gradual. The decision follows months of deliberation among experts. Officials noted that the process will continue to be monitored closely over the coming weeks, with further updates expected to follow standard procedure. The matter has been documented and is available through official channels.",politicsNews,real
The state government launched a public health initiative regarding the new vaccine,"Sources within the department confirmed, the state government launched a public health initiative concerning the new vaccine earlier today. The decision follows months of deliberation among experts. The decision follows months of deliberation among experts. Officials noted that the process will continue to be monitored closely over the coming weeks, with further updates expected to follow standard procedure. The matter has been documented and is available through official channels.",politicsNews,real
The central bank released findings from a peer-reviewed study regarding the economy,"Citing official records, the central bank released findings from a peer-reviewed study concerning the economy earlier today. The announcement comes after a series of consultations with industry leaders. The figures were cross-checked against previous quarterly data. Officials noted that the process will continue to be monitored closely over the coming weeks, with further updates expected to follow standard procedure. The matter has been documented and is available through official channels.",politicsNews,real
Researchers at a leading university confirmed a revision in interest rates regarding the new vaccine,"In a statement released on tuesday, researchers at a leading university confirmed a revision in interest rates concerning the new vaccine earlier today. The figures were cross-checked against previous quarterly data. Stakeholders welcomed the move, citing its long-term benefits. Officials noted that the process will continue to be monitored closely over the coming weeks, with further updates expected to follow standard procedure. The matter has been documented and is available through official channels.",politicsNews,real
The city council confirmed a revision in interest rates regarding the stock market,"Sources within the department confirmed, the city council confirmed a revision in interest rates concerning the stock market earlier today. The decision follows months of deliberation among experts. A follow-up briefing is expected to be held later this month. Officials noted that the process will continue to be monitored closely over the coming weeks, with further updates expected to follow standard procedure. The matter has been documented and is available through official channels.",politicsNews,real
The european central bank scheduled a meeting with stakeholders regarding a viral health trend,"Sources within the department confirmed, the European Central Bank scheduled a meeting with stakeholders concerning a viral health trend earlier today. Stakeholders welcomed the move, citing its long-term benefits. The report has been reviewed by independent analysts. Officials noted that the process will continue to be monitored closely over the coming weeks, with further updates expected to follow standard procedure. The matter has been documented and is available through official channels.",politicsNews,real
Local authorities concluded an investigation into the matter regarding climate change,"Citing official records, local authorities concluded an investigation into the matter concerning climate change earlier today. Stakeholders welcomed the move, citing its long-term benefits. The report has been reviewed by independent analysts. Officials noted that the process will continue to be monitored closely over the coming weeks, with further updates expected to follow standard procedure. The matter has been documented and is available through official channels.",politicsNews,real
Nasa issued an official statement regarding a popular celebrity,"The report, published on the official website, stated, NASA issued an official statement concerning a popular celebrity earlier today. The report has been reviewed by independent analysts. The report has been reviewed by independent analysts. Officials noted that the process will continue to be monitored closely over the coming weeks, with further updates expected to follow standard procedure. The matter has been documented and is available through official channels.",politicsNews,real
Nasa concluded an investigation into the matter regarding the economy,"As reported by multiple news agencies, NASA concluded an investigation into the matter concerning the economy earlier today. Stakeholders welcomed the move, citing its long-term benefits. The decision follows months of deliberation among experts. Officials noted that the process will continue to be monitored closely over the coming weeks, with further updates expected to follow standard procedure. The matter has been documented and is available through official channels.",politicsNews,real
The supreme court signed an agreement with neighboring countries regarding the education system,"Citing official records, the Supreme Court signed an agreement with neighboring countries concerning the education system earlier today. A follow-up briefing is expected to be held later this month. Authorities emphasized that the implementation will be gradual. Officials noted that the process will continue to be monitored closely over the coming weeks, with further updates expected to follow standard procedure. The matter has been documented and is available through official channels.",politicsNews,real
The supreme court held a press conference regarding a new technology,"Sources within the department confirmed, the Supreme Court held a press conference concerning a new technology earlier today. The decision follows months of deliberation among experts. A follow-up briefing is expected to be held later this month. Officials noted that the process will continue to be monitored closely over the coming weeks, with further updates expected to follow standard procedure. The matter has been documented and is available through official channels.",politicsNews,real
The european central bank signed an agreement with neighboring countries regarding a new technology,"The official spokesperson said, the European Central Bank signed an agreement with neighboring countries concerning a new technology earlier today. Authorities emphasized that the implementation will be gradual. The figures were cross-checked against previous quarterly data. Officials noted that the process will continue to be monitored closely over the coming weeks, with further updates expected to follow standard procedure. The matter has been documented and is available through official channels.",politicsNews,real
The reserve bank released its quarterly report regarding the economy,"The report, published on the official website, stated, the Reserve Bank released its quarterly report concerning the economy earlier today. Officials stated that further details will be released next week. The report has been reviewed by independent analysts. Officials noted that the process will continue to be monitored closely over the coming weeks, with further updates expected to follow standard procedure. The matter has been documented and is available through official channels.",politicsNews,real
The reserve bank signed an agreement with neighboring countries regarding a popular celebrity,"The official spokesperson said, the Reserve Bank signed an agreement with neighboring countries concerning a popular celebrity earlier today. The report has been reviewed by independent analysts. Stakeholders welcomed the move, citing its long-term benefits. Officials noted that the process will continue to be monitored closely over the coming weeks, with further updates expected to follow standard procedure. The matter has been documented and is available through official channels.",politicsNews,real
The united nations announced a new policy regarding a tech company's new product,"As reported by multiple news agencies, the United Nations announced a new policy concerning a tech company's new product earlier today. The announcement comes after a series of consultations with industry leaders. Officials stated that further details will be released next week. Officials noted that the process will continue to be monitored closely over the coming weeks, with further updates expected to follow standard procedure. The matter has been documented and is available through official channels.",politicsNews,real
The central bank signed an agreement with neighboring countries regarding a new technology,"Data verified by independent auditors shows, the central bank signed an agreement with neighboring countries concerning a new technology earlier today. Stakeholders welcomed the move, citing its long-term benefits. Authorities emphasized that the implementation will be gradual. Officials noted that the process will continue to be monitored closely over the coming weeks, with further updates expected to follow standard procedure. The matter has been documented and is available through official channels.",politicsNews,real
The ministry of finance held a press conference regarding a political scandal,"As reported by multiple news agencies, the Ministry of Finance held a press conference concerning a political scandal earlier today. Stakeholders welcomed the move, citing its long-term benefits. Stakeholders welcomed the move, citing its long-term benefits. Officials noted that the process will continue to be monitored closely over the coming weeks, with further updates expected to follow standard procedure. The matter has been documented and is available through official channels.",politicsNews,real
The central bank announced a new policy regarding a tech company's new product,"The official spokesperson said, the central bank announced a new policy concerning a tech company's new product earlier today. The announcement comes after a series of consultations with industry leaders. The report has been reviewed by independent analysts. Officials noted that the process will continue to be monitored closely over the coming weeks, with further updates expected to follow standard procedure. The matter has been documented and is available through official channels.",politicsNews,real
Researchers at a leading university presented the annual budget regarding the upcoming election,"Citing official records, researchers at a leading university presented the annual budget concerning the upcoming election earlier today. Officials stated that further details will be released next week. A follow-up briefing is expected to be held later this month. Officials noted that the process will continue to be monitored closely over the coming weeks, with further updates expected to follow standard procedure. The matter has been documented and is available through official channels.",politicsNews,real
The department of health presented the annual budget regarding climate change,"Citing official records, the Department of Health presented the annual budget concerning climate change earlier today. Authorities emphasized that the implementation will be gradual. Authorities emphasized that the implementation will be gradual. Officials noted that the process will continue to be monitored closely over the coming weeks, with further updates expected to follow standard procedure. The matter has been documented and is available through official channels.",politicsNews,real
The election commission concluded an investigation into the matter regarding a natural disaster,"In a statement released on tuesday, the Election Commission concluded an investigation into the matter concerning a natural disaster earlier today. The decision follows months of deliberation among experts. Stakeholders welcomed the move, citing its long-term benefits. Officials noted that the process will continue to be monitored closely over the coming weeks, with further updates expected to follow standard procedure. The matter has been documented and is available through official channels.",politicsNews,real
The united nations approved a new infrastructure project regarding a global pandemic,"In a statement released on tuesday, the United Nations approved a new infrastructure project concerning a global pandemic earlier today. The figures were cross-checked against previous quarterly data. The report has been reviewed by independent analysts. Officials noted that the process will continue to be monitored closely over the coming weeks, with further updates expected to follow standard procedure. The matter has been documented and is available through official channels.",politicsNews,real
The department of health presented the annual budget regarding the upcoming election,"The report, published on the official website, stated, the Department of Health presented the annual budget concerning the upcoming election earlier today. The decision follows months of deliberation among experts. A follow-up briefing is expected to be held later this month. Officials noted that the process will continue to be monitored closely over the coming weeks, with further updates expected to follow standard procedure. The matter has been documented and is available through official channels.",politicsNews,real
The prime minister's office confirmed a revision in interest rates regarding a political scandal,"The report, published on the official website, stated, the Prime Minister's Office confirmed a revision in interest rates concerning a political scandal earlier today. A follow-up briefing is expected to be held later this month. Authorities emphasized that the implementation will be gradual. Officials noted that the process will continue to be monitored closely over the coming weeks, with further updates expected to follow standard procedure. The matter has been documented and is available through official channels.",politicsNews,real
The election commission issued an official statement regarding the stock market,"Sources within the department confirmed, the Election Commission issued an official statement concerning the stock market earlier today. Officials stated that further details will be released next week. The announcement comes after a series of consultations with industry leaders. Officials noted that the process will continue to be monitored closely over the coming weeks, with further updates expected to follow standard procedure. The matter has been documented and is available through official channels.",politicsNews,real
The ministry of finance released its quarterly report regarding the stock market,"Sources within the department confirmed, the Ministry of Finance released its quarterly report concerning the stock market earlier today. The decision follows months of deliberation among experts. Stakeholders welcomed the move, citing its long-term benefits. Officials noted that the process will continue to be monitored closely over the coming weeks, with further updates expected to follow standard procedure. The matter has been documented and is available through official channels.",politicsNews,real
The united nations scheduled a meeting with stakeholders regarding a tech company's new product,"As reported by multiple news agencies, the United Nations scheduled a meeting with stakeholders concerning a tech company's new product earlier today. The announcement comes after a series of consultations with industry leaders. The decision follows months of deliberation among experts. Officials noted that the process will continue to be monitored closely over the coming weeks, with further updates expected to follow standard procedure. The matter has been documented and is available through official channels.",politicsNews,real
The prime minister's office concluded an investigation into the matter regarding a new technology,"According to officials, the Prime Minister's Office concluded an investigation into the matter concerning a new technology earlier today. The report has been reviewed by independent analysts. The figures were cross-checked against previous quarterly data. Officials noted that the process will continue to be monitored closely over the coming weeks, with further updates expected to follow standard procedure. The matter has been documented and is available through official channels.",politicsNews,real
Local authorities launched a public health initiative regarding a political scandal,"The report, published on the official website, stated, local authorities launched a public health initiative concerning a political scandal earlier today. Officials stated that further details will be released next week. Authorities emphasized that the implementation will be gradual. Officials noted that the process will continue to be monitored closely over the coming weeks, with further updates expected to follow standard procedure. The matter has been documented and is available through official channels.",politicsNews,real
Researchers at a leading university presented the annual budget regarding the stock market,"According to officials, researchers at a leading university presented the annual budget concerning the stock market earlier today. The report has been reviewed by independent analysts. The report has been reviewed by independent analysts. Officials noted that the process will continue to be monitored closely over the coming weeks, with further updates expected to follow standard procedure. The matter has been documented and is available through official channels.",politicsNews,real
The united nations confirmed a revision in interest rates regarding a natural disaster,"In a statement released on tuesday, the United Nations confirmed a revision in interest rates concerning a natural disaster earlier today. The figures were cross-checked against previous quarterly data. The announcement comes after a series of consultations with industry leaders. Officials noted that the process will continue to be monitored closely over the coming weeks, with further updates expected to follow standard procedure. The matter has been documented and is available through official channels.",politicsNews,real
The world health organization published updated guidelines regarding a major sports event,"In a statement released on tuesday, the World Health Organization published updated guidelines concerning a major sports event earlier today. Stakeholders welcomed the move, citing its long-term benefits. The figures were cross-checked against previous quarterly data. Officials noted that the process will continue to be monitored closely over the coming weeks, with further updates expected to follow standard procedure. The matter has been documented and is available through official channels.",politicsNews,real
The supreme court concluded an investigation into the matter regarding a natural disaster,"Citing official records, the Supreme Court concluded an investigation into the matter concerning a natural disaster earlier today. The announcement comes after a series of consultations with industry leaders. Officials stated that further details will be released next week. Officials noted that the process will continue to be monitored closely over the coming weeks, with further updates expected to follow standard procedure. The matter has been documented and is available through official channels.",politicsNews,real
The world health organization signed an agreement with neighboring countries regarding a global pandemic,"Sources within the department confirmed, the World Health Organization signed an agreement with neighboring countries concerning a global pandemic earlier today. The figures were cross-checked against previous quarterly data. The announcement comes after a series of consultations with industry leaders. Officials noted that the process will continue to be monitored closely over the coming weeks, with further updates expected to follow standard procedure. The matter has been documented and is available through official channels.",politicsNews,real
The reserve bank published updated guidelines regarding climate change,"According to officials, the Reserve Bank published updated guidelines concerning climate change earlier today. Authorities emphasized that the implementation will be gradual. The figures were cross-checked against previous quarterly data. Officials noted that the process will continue to be monitored closely over the coming weeks, with further updates expected to follow standard procedure. The matter has been documented and is available through official channels.",politicsNews,real
Local authorities released its quarterly report regarding a global pandemic,"In a statement released on tuesday, local authorities released its quarterly report concerning a global pandemic earlier today. Stakeholders welcomed the move, citing its long-term benefits. The report has been reviewed by independent analysts. Officials noted that the process will continue to be monitored closely over the coming weeks, with further updates expected to follow standard procedure. The matter has been documented and is available through official channels.",politicsNews,real
The european central bank concluded an investigation into the matter regarding a viral health trend,"Data verified by independent auditors shows, the European Central Bank concluded an investigation into the matter concerning a viral health trend earlier today. Stakeholders welcomed the move, citing its long-term benefits. A follow-up briefing is expected to be held later this month. Officials noted that the process will continue to be monitored closely over the coming weeks, with further updates expected to follow standard procedure. The matter has been documented and is available through official channels.",politicsNews,real
Researchers at a leading university confirmed a revision in interest rates regarding the housing market,"The official spokesperson said, researchers at a leading university confirmed a revision in interest rates concerning the housing market earlier today. Authorities emphasized that the implementation will be gradual. A follow-up briefing is expected to be held later this month. Officials noted that the process will continue to be monitored closely over the coming weeks, with further updates expected to follow standard procedure. The matter has been documented and is available through official channels.",politicsNews,real
The state government launched a public health initiative regarding the education system,"The report, published on the official website, stated, the state government launched a public health initiative concerning the education system earlier today. The announcement comes after a series of consultations with industry leaders. The figures were cross-checked against previous quarterly data. Officials noted that the process will continue to be monitored closely over the coming weeks, with further updates expected to follow standard procedure. The matter has been documented and is available through official channels.",politicsNews,real
The department of health confirmed a revision in interest rates regarding the education system,"As reported by multiple news agencies, the Department of Health confirmed a revision in interest rates concerning the education system earlier today. Officials stated that further details will be released next week. The figures were cross-checked against previous quarterly data. Officials noted that the process will continue to be monitored closely over the coming weeks, with further updates expected to follow standard procedure. The matter has been documented and is available through official channels.",politicsNews,real
The central bank issued an official statement regarding a natural disaster,"Data verified by independent auditors shows, the central bank issued an official statement concerning a natural disaster earlier today. Officials stated that further details will be released next week. Stakeholders welcomed the move, citing its long-term benefits. Officials noted that the process will continue to be monitored closely over the coming weeks, with further updates expected to follow standard procedure. The matter has been documented and is available through official channels.",politicsNews,real
Nasa released findings from a peer-reviewed study regarding a major sports event,"The report, published on the official website, stated, NASA released findings from a peer-reviewed study concerning a major sports event earlier today. A follow-up briefing is expected to be held later this month. The report has been reviewed by independent analysts. Officials noted that the process will continue to be monitored closely over the coming weeks, with further updates expected to follow standard procedure. The matter has been documented and is available through official channels.",politicsNews,real
The state government scheduled a meeting with stakeholders regarding a major sports event,"Citing official records, the state government scheduled a meeting with stakeholders concerning a major sports event earlier today. Authorities emphasized that the implementation will be gradual. The figures were cross-checked against previous quarterly data. Officials noted that the process will continue to be monitored closely over the coming weeks, with further updates expected to follow standard procedure. The matter has been documented and is available through official channels.",politicsNews,real
Local authorities held a press conference regarding a natural disaster,"The report, published on the official website, stated, local authorities held a press conference concerning a natural disaster earlier today. A follow-up briefing is expected to be held later this month. A follow-up briefing is expected to be held later this month. Officials noted that the process will continue to be monitored closely over the coming weeks, with further updates expected to follow standard procedure. The matter has been documented and is available through official channels.",politicsNews,real
The world health organization launched a public health initiative regarding a tech company's new product,"Data verified by independent auditors shows, the World Health Organization launched a public health initiative concerning a tech company's new product earlier today. The report has been reviewed by independent analysts. The report has been reviewed by independent analysts. Officials noted that the process will continue to be monitored closely over the coming weeks, with further updates expected to follow standard procedure. The matter has been documented and is available through official channels.",politicsNews,real
Nasa scheduled a meeting with stakeholders regarding climate change,"In a statement released on tuesday, NASA scheduled a meeting with stakeholders concerning climate change earlier today. Officials stated that further details will be released next week. The decision follows months of deliberation among experts. Officials noted that the process will continue to be monitored closely over the coming weeks, with further updates expected to follow standard procedure. The matter has been documented and is available through official channels.",politicsNews,real
The united nations scheduled a meeting with stakeholders regarding a global pandemic,"According to officials, the United Nations scheduled a meeting with stakeholders concerning a global pandemic earlier today. Stakeholders welcomed the move, citing its long-term benefits. A follow-up briefing is expected to be held later this month. Officials noted that the process will continue to be monitored closely over the coming weeks, with further updates expected to follow standard procedure. The matter has been documented and is available through official channels.",politicsNews,real
The reserve bank concluded an investigation into the matter regarding the economy,"According to officials, the Reserve Bank concluded an investigation into the matter concerning the economy earlier today. The figures were cross-checked against previous quarterly data. Stakeholders welcomed the move, citing its long-term benefits. Officials noted that the process will continue to be monitored closely over the coming weeks, with further updates expected to follow standard procedure. The matter has been documented and is available through official channels.",politicsNews,real
The prime minister's office announced a new policy regarding the stock market,"According to officials, the Prime Minister's Office announced a new policy concerning the stock market earlier today. Stakeholders welcomed the move, citing its long-term benefits. Officials stated that further details will be released next week. Officials noted that the process will continue to be monitored closely over the coming weeks, with further updates expected to follow standard procedure. The matter has been documented and is available through official channels.",politicsNews,real
The prime minister's office presented the annual budget regarding a tech company's new product,"Sources within the department confirmed, the Prime Minister's Office presented the annual budget concerning a tech company's new product earlier today. Authorities emphasized that the implementation will be gradual. Authorities emphasized that the implementation will be gradual. Officials noted that the process will continue to be monitored closely over the coming weeks, with further updates expected to follow standard procedure. The matter has been documented and is available through official channels.",politicsNews,real
The prime minister's office released its quarterly report regarding the upcoming election,"The official spokesperson said, the Prime Minister's Office released its quarterly report concerning the upcoming election earlier today. Officials stated that further details will be released next week. Authorities emphasized that the implementation will be gradual. Officials noted that the process will continue to be monitored closely over the coming weeks, with further updates expected to follow standard procedure. The matter has been documented and is available through official channels.",politicsNews,real
The prime minister's office signed an agreement with neighboring countries regarding the upcoming election,"Citing official records, the Prime Minister's Office signed an agreement with neighboring countries concerning the upcoming election earlier today. Officials stated that further details will be released next week. The announcement comes after a series of consultations with industry leaders. Officials noted that the process will continue to be monitored closely over the coming weeks, with further updates expected to follow standard procedure. The matter has been documented and is available through official channels.",politicsNews,real
The prime minister's office approved a new infrastructure project regarding the new vaccine,"Citing official records, the Prime Minister's Office approved a new infrastructure project concerning the new vaccine earlier today. The report has been reviewed by independent analysts. The announcement comes after a series of consultations with industry leaders. Officials noted that the process will continue to be monitored closely over the coming weeks, with further updates expected to follow standard procedure. The matter has been documented and is available through official channels.",politicsNews,real
The supreme court held a press conference regarding a tech company's new product,"The report, published on the official website, stated, the Supreme Court held a press conference concerning a tech company's new product earlier today. A follow-up briefing is expected to be held later this month. Officials stated that further details will be released next week. Officials noted that the process will continue to be monitored closely over the coming weeks, with further updates expected to follow standard procedure. The matter has been documented and is available through official channels.",politicsNews,real
The united nations announced a new policy regarding a popular celebrity,"Sources within the department confirmed, the United Nations announced a new policy concerning a popular celebrity earlier today. Stakeholders welcomed the move, citing its long-term benefits. The figures were cross-checked against previous quarterly data. Officials noted that the process will continue to be monitored closely over the coming weeks, with further updates expected to follow standard procedure. The matter has been documented and is available through official channels.",politicsNews,real
The department of health approved a new infrastructure project regarding climate change,"The official spokesperson said, the Department of Health approved a new infrastructure project concerning climate change earlier today. The figures were cross-checked against previous quarterly data. Stakeholders welcomed the move, citing its long-term benefits. Officials noted that the process will continue to be monitored closely over the coming weeks, with further updates expected to follow standard procedure. The matter has been documented and is available through official channels.",politicsNews,real
The world health organization approved a new infrastructure project regarding a natural disaster,"The report, published on the official website, stated, the World Health Organization approved a new infrastructure project concerning a natural disaster earlier today. The decision follows months of deliberation among experts. The figures were cross-checked against previous quarterly data. Officials noted that the process will continue to be monitored closely over the coming weeks, with further updates expected to follow standard procedure. The matter has been documented and is available through official channels.",politicsNews,real
The united nations signed an agreement with neighboring countries regarding a global pandemic,"According to officials, the United Nations signed an agreement with neighboring countries concerning a global pandemic earlier today. Stakeholders welcomed the move, citing its long-term benefits. Stakeholders welcomed the move, citing its long-term benefits. Officials noted that the process will continue to be monitored closely over the coming weeks, with further updates expected to follow standard procedure. The matter has been documented and is available through official channels.",politicsNews,real
The ministry of finance launched a public health initiative regarding the upcoming election,"Sources within the department confirmed, the Ministry of Finance launched a public health initiative concerning the upcoming election earlier today. The decision follows months of deliberation among experts. The report has been reviewed by independent analysts. Officials noted that the process will continue to be monitored closely over the coming weeks, with further updates expected to follow standard procedure. The matter has been documented and is available through official channels.",politicsNews,real
Nasa released its quarterly report regarding the education system,"In a statement released on tuesday, NASA released its quarterly report concerning the education system earlier today. A follow-up briefing is expected to be held later this month. The announcement comes after a series of consultations with industry leaders. Officials noted that the process will continue to be monitored closely over the coming weeks, with further updates expected to follow standard procedure. The matter has been documented and is available through official channels.",politicsNews,real
The european central bank signed an agreement with neighboring countries regarding a popular celebrity,"Data verified by independent auditors shows, the European Central Bank signed an agreement with neighboring countries concerning a popular celebrity earlier today. A follow-up briefing is expected to be held later this month. Stakeholders welcomed the move, citing its long-term benefits. Officials noted that the process will continue to be monitored closely over the coming weeks, with further updates expected to follow standard procedure. The matter has been documented and is available through official channels.",politicsNews,real
The world health organization launched a public health initiative regarding a major sports event,"Citing official records, the World Health Organization launched a public health initiative concerning a major sports event earlier today. The figures were cross-checked against previous quarterly data. The report has been reviewed by independent analysts. Officials noted that the process will continue to be monitored closely over the coming weeks, with further updates expected to follow standard procedure. The matter has been documented and is available through official channels.",politicsNews,real
Researchers at a leading university released its quarterly report regarding a viral health trend,"Data verified by independent auditors shows, researchers at a leading university released its quarterly report concerning a viral health trend earlier today. The report has been reviewed by independent analysts. The report has been reviewed by independent analysts. Officials noted that the process will continue to be monitored closely over the coming weeks, with further updates expected to follow standard procedure. The matter has been documented and is available through official channels.",politicsNews,real
The prime minister's office presented the annual budget regarding the new vaccine,"Citing official records, the Prime Minister's Office presented the annual budget concerning the new vaccine earlier today. Authorities emphasized that the implementation will be gradual. The report has been reviewed by independent analysts. Officials noted that the process will continue to be monitored closely over the coming weeks, with further updates expected to follow standard procedure. The matter has been documented and is available through official channels.",politicsNews,real
The reserve bank presented the annual budget regarding a new technology,"The report, published on the official website, stated, the Reserve Bank presented the annual budget concerning a new technology earlier today. The figures were cross-checked against previous quarterly data. The figures were cross-checked against previous quarterly data. Officials noted that the process will continue to be monitored closely over the coming weeks, with further updates expected to follow standard procedure. The matter has been documented and is available through official channels.",politicsNews,real
The state government concluded an investigation into the matter regarding a major sports event,"Sources within the department confirmed, the state government concluded an investigation into the matter concerning a major sports event earlier today. The decision follows months of deliberation among experts. Officials stated that further details will be released next week. Officials noted that the process will continue to be monitored closely over the coming weeks, with further updates expected to follow standard procedure. The matter has been documented and is available through official channels.",politicsNews,real
The city council released findings from a peer-reviewed study regarding the housing market,"The report, published on the official website, stated, the city council released findings from a peer-reviewed study concerning the housing market earlier today. A follow-up briefing is expected to be held later this month. Authorities emphasized that the implementation will be gradual. Officials noted that the process will continue to be monitored closely over the coming weeks, with further updates expected to follow standard procedure. The matter has been documented and is available through official channels.",politicsNews,real
The united nations launched a public health initiative regarding a global pandemic,"According to officials, the United Nations launched a public health initiative concerning a global pandemic earlier today. Authorities emphasized that the implementation will be gradual. The decision follows months of deliberation among experts. Officials noted that the process will continue to be monitored closely over the coming weeks, with further updates expected to follow standard procedure. The matter has been documented and is available through official channels.",politicsNews,real
The election commission signed an agreement with neighboring countries regarding the economy,"As reported by multiple news agencies, the Election Commission signed an agreement with neighboring countries concerning the economy earlier today. Officials stated that further details will be released next week. Officials stated that further details will be released next week. Officials noted that the process will continue to be monitored closely over the coming weeks, with further updates expected to follow standard procedure. The matter has been documented and is available through official channels.",politicsNews,real
The central bank confirmed a revision in interest rates regarding a tech company's new product,"As reported by multiple news agencies, the central bank confirmed a revision in interest rates concerning a tech company's new product earlier today. The figures were cross-checked against previous quarterly data. The announcement comes after a series of consultations with industry leaders. Officials noted that the process will continue to be monitored closely over the coming weeks, with further updates expected to follow standard procedure. The matter has been documented and is available through official channels.",politicsNews,real
The city council scheduled a meeting with stakeholders regarding the new vaccine,"Sources within the department confirmed, the city council scheduled a meeting with stakeholders concerning the new vaccine earlier today. Authorities emphasized that the implementation will be gradual. The report has been reviewed by independent analysts. Officials noted that the process will continue to be monitored closely over the coming weeks, with further updates expected to follow standard procedure. The matter has been documented and is available through official channels.",politicsNews,real
The reserve bank held a press conference regarding the economy,"Citing official records, the Reserve Bank held a press conference concerning the economy earlier today. Officials stated that further details will be released next week. Officials stated that further details will be released next week. Officials noted that the process will continue to be monitored closely over the coming weeks, with further updates expected to follow standard procedure. The matter has been documented and is available through official channels.",politicsNews,real
Local authorities confirmed a revision in interest rates regarding climate change,"As reported by multiple news agencies, local authorities confirmed a revision in interest rates concerning climate change earlier today. Authorities emphasized that the implementation will be gradual. The report has been reviewed by independent analysts. Officials noted that the process will continue to be monitored closely over the coming weeks, with further updates expected to follow standard procedure. The matter has been documented and is available through official channels.",politicsNews,real
The department of health concluded an investigation into the matter regarding climate change,"The official spokesperson said, the Department of Health concluded an investigation into the matter concerning climate change earlier today. Stakeholders welcomed the move, citing its long-term benefits. The decision follows months of deliberation among experts. Officials noted that the process will continue to be monitored closely over the coming weeks, with further updates expected to follow standard procedure. The matter has been documented and is available through official channels.",politicsNews,real
The state government concluded an investigation into the matter regarding a tech company's new product,"Sources within the department confirmed, the state government concluded an investigation into the matter concerning a tech company's new product earlier today. The report has been reviewed by independent analysts. Officials stated that further details will be released next week. Officials noted that the process will continue to be monitored closely over the coming weeks, with further updates expected to follow standard procedure. The matter has been documented and is available through official channels.",politicsNews,real
The supreme court announced a new policy regarding a new technology,"The official spokesperson said, the Supreme Court announced a new policy concerning a new technology earlier today. A follow-up briefing is expected to be held later this month. Officials stated that further details will be released next week. Officials noted that the process will continue to be monitored closely over the coming weeks, with further updates expected to follow standard procedure. The matter has been documented and is available through official channels.",politicsNews,real
The ministry of finance signed an agreement with neighboring countries regarding a major sports event,"According to officials, the Ministry of Finance signed an agreement with neighboring countries concerning a major sports event earlier today. The announcement comes after a series of consultations with industry leaders. A follow-up briefing is expected to be held later this month. Officials noted that the process will continue to be monitored closely over the coming weeks, with further updates expected to follow standard procedure. The matter has been documented and is available through official channels.",politicsNews,real
The supreme court signed an agreement with neighboring countries regarding a natural disaster,"The report, published on the official website, stated, the Supreme Court signed an agreement with neighboring countries concerning a natural disaster earlier today. The figures were cross-checked against previous quarterly data. The figures were cross-checked against previous quarterly data. Officials noted that the process will continue to be monitored closely over the coming weeks, with further updates expected to follow standard procedure. The matter has been documented and is available through official channels.",politicsNews,real
The reserve bank launched a public health initiative regarding the education system,"In a statement released on tuesday, the Reserve Bank launched a public health initiative concerning the education system earlier today. The report has been reviewed by independent analysts. The decision follows months of deliberation among experts. Officials noted that the process will continue to be monitored closely over the coming weeks, with further updates expected to follow standard procedure. The matter has been documented and is available through official channels.",politicsNews,real
The department of health concluded an investigation into the matter regarding the housing market,"Citing official records, the Department of Health concluded an investigation into the matter concerning the housing market earlier today. The figures were cross-checked against previous quarterly data. Stakeholders welcomed the move, citing its long-term benefits. Officials noted that the process will continue to be monitored closely over the coming weeks, with further updates expected to follow standard procedure. The matter has been documented and is available through official channels.",politicsNews,real
The city council scheduled a meeting with stakeholders regarding a natural disaster,"The report, published on the official website, stated, the city council scheduled a meeting with stakeholders concerning a natural disaster earlier today. A follow-up briefing is expected to be held later this month. Stakeholders welcomed the move, citing its long-term benefits. Officials noted that the process will continue to be monitored closely over the coming weeks, with further updates expected to follow standard procedure. The matter has been documented and is available through official channels.",politicsNews,real
The prime minister's office launched a public health initiative regarding the education system,"Sources within the department confirmed, the Prime Minister's Office launched a public health initiative concerning the education system earlier today. The figures were cross-checked against previous quarterly data. The announcement comes after a series of consultations with industry leaders. Officials noted that the process will continue to be monitored closely over the coming weeks, with further updates expected to follow standard procedure. The matter has been documented and is available through official channels.",politicsNews,real
The department of health released findings from a peer-reviewed study regarding a popular celebrity,"Sources within the department confirmed, the Department of Health released findings from a peer-reviewed study concerning a popular celebrity earlier today. A follow-up briefing is expected to be held later this month. The report has been reviewed by independent analysts. Officials noted that the process will continue to be monitored closely over the coming weeks, with further updates expected to follow standard procedure. The matter has been documented and is available through official channels.",politicsNews,real
The united nations held a press conference regarding the new vaccine,"Sources within the department confirmed, the United Nations held a press conference concerning the new vaccine earlier today. The figures were cross-checked against previous quarterly data. The decision follows months of deliberation among experts. Officials noted that the process will continue to be monitored closely over the coming weeks, with further updates expected to follow standard procedure. The matter has been documented and is available through official channels.",politicsNews,real
Local authorities approved a new infrastructure project regarding a global pandemic,"Citing official records, local authorities approved a new infrastructure project concerning a global pandemic earlier today. Officials stated that further details will be released next week. The report has been reviewed by independent analysts. Officials noted that the process will continue to be monitored closely over the coming weeks, with further updates expected to follow standard procedure. The matter has been documented and is available through official channels.",politicsNews,real
The central bank concluded an investigation into the matter regarding a natural disaster,"Sources within the department confirmed, the central bank concluded an investigation into the matter concerning a natural disaster earlier today. Authorities emphasized that the implementation will be gradual. The figures were cross-checked against previous quarterly data. Officials noted that the process will continue to be monitored closely over the coming weeks, with further updates expected to follow standard procedure. The matter has been documented and is available through official channels.",politicsNews,real
The united nations approved a new infrastructure project regarding a popular celebrity,"Sources within the department confirmed, the United Nations approved a new infrastructure project concerning a popular celebrity earlier today. Officials stated that further details will be released next week. Officials stated that further details will be released next week. Officials noted that the process will continue to be monitored closely over the coming weeks, with further updates expected to follow standard procedure. The matter has been documented and is available through official channels.",politicsNews,real
The world health organization published updated guidelines regarding a viral health trend,"In a statement released on tuesday, the World Health Organization published updated guidelines concerning a viral health trend earlier today. The decision follows months of deliberation among experts. The announcement comes after a series of consultations with industry leaders. Officials noted that the process will continue to be monitored closely over the coming weeks, with further updates expected to follow standard procedure. The matter has been documented and is available through official channels.",politicsNews,real
The supreme court released findings from a peer-reviewed study regarding a political scandal,"The report, published on the official website, stated, the Supreme Court released findings from a peer-reviewed study concerning a political scandal earlier today. The report has been reviewed by independent analysts. Stakeholders welcomed the move, citing its long-term benefits. Officials noted that the process will continue to be monitored closely over the coming weeks, with further updates expected to follow standard procedure. The matter has been documented and is available through official channels.",politicsNews,real
The world health organization approved a new infrastructure project regarding a new technology,"The official spokesperson said, the World Health Organization approved a new infrastructure project concerning a new technology earlier today. A follow-up briefing is expected to be held later this month. The report has been reviewed by independent analysts. Officials noted that the process will continue to be monitored closely over the coming weeks, with further updates expected to follow standard procedure. The matter has been documented and is available through official channels.",politicsNews,real
The election commission presented the annual budget regarding a popular celebrity,"Sources within the department confirmed, the Election Commission presented the annual budget concerning a popular celebrity earlier today. A follow-up briefing is expected to be held later this month. Stakeholders welcomed the move, citing its long-term benefits. Officials noted that the process will continue to be monitored closely over the coming weeks, with further updates expected to follow standard procedure. The matter has been documented and is available through official channels.",politicsNews,real
Researchers at a leading university scheduled a meeting with stakeholders regarding a tech company's new product,"The official spokesperson said, researchers at a leading university scheduled a meeting with stakeholders concerning a tech company's new product earlier today. Stakeholders welcomed the move, citing its long-term benefits. The decision follows months of deliberation among experts. Officials noted that the process will continue to be monitored closely over the coming weeks, with further updates expected to follow standard procedure. The matter has been documented and is available through official channels.",politicsNews,real
Researchers at a leading university issued an official statement regarding the economy,"As reported by multiple news agencies, researchers at a leading university issued an official statement concerning the economy earlier today. The figures were cross-checked against previous quarterly data. Authorities emphasized that the implementation will be gradual. Officials noted that the process will continue to be monitored closely over the coming weeks, with further updates expected to follow standard procedure. The matter has been documented and is available through official channels.",politicsNews,real
The ministry of finance presented the annual budget regarding a popular celebrity,"Data verified by independent auditors shows, the Ministry of Finance presented the annual budget concerning a popular celebrity earlier today. Stakeholders welcomed the move, citing its long-term benefits. The figures were cross-checked against previous quarterly data. Officials noted that the process will continue to be monitored closely over the coming weeks, with further updates expected to follow standard procedure. The matter has been documented and is available through official channels.",politicsNews,real
The department of health issued an official statement regarding a viral health trend,"As reported by multiple news agencies, the Department of Health issued an official statement concerning a viral health trend earlier today. The report has been reviewed by independent analysts. A follow-up briefing is expected to be held later this month. Officials noted that the process will continue to be monitored closely over the coming weeks, with further updates expected to follow standard procedure. The matter has been documented and is available through official channels.",politicsNews,real
The united nations released findings from a peer-reviewed study regarding the education system,"The official spokesperson said, the United Nations released findings from a peer-reviewed study concerning the education system earlier today. The decision follows months of deliberation among experts. Authorities emphasized that the implementation will be gradual. Officials noted that the process will continue to be monitored closely over the coming weeks, with further updates expected to follow standard procedure. The matter has been documented and is available through official channels.",politicsNews,real
The prime minister's office issued an official statement regarding a global pandemic,"As reported by multiple news agencies, the Prime Minister's Office issued an official statement concerning a global pandemic earlier today. The decision follows months of deliberation among experts. Officials stated that further details will be released next week. Officials noted that the process will continue to be monitored closely over the coming weeks, with further updates expected to follow standard procedure. The matter has been documented and is available through official channels.",politicsNews,real
The european central bank confirmed a revision in interest rates regarding a natural disaster,"As reported by multiple news agencies, the European Central Bank confirmed a revision in interest rates concerning a natural disaster earlier today. The figures were cross-checked against previous quarterly data. Stakeholders welcomed the move, citing its long-term benefits. Officials noted that the process will continue to be monitored closely over the coming weeks, with further updates expected to follow standard procedure. The matter has been documented and is available through official channels.",politicsNews,real
Local authorities concluded an investigation into the matter regarding a natural disaster,"As reported by multiple news agencies, local authorities concluded an investigation into the matter concerning a natural disaster earlier today. The figures were cross-checked against previous quarterly data. Officials stated that further details will be released next week. Officials noted that the process will continue to be monitored closely over the coming weeks, with further updates expected to follow standard procedure. The matter has been documented and is available through official channels.",politicsNews,real
The reserve bank released its quarterly report regarding the new vaccine,"Sources within the department confirmed, the Reserve Bank released its quarterly report concerning the new vaccine earlier today. Officials stated that further details will be released next week. A follow-up briefing is expected to be held later this month. Officials noted that the process will continue to be monitored closely over the coming weeks, with further updates expected to follow standard procedure. The matter has been documented and is available through official channels.",politicsNews,real
Local authorities scheduled a meeting with stakeholders regarding a political scandal,"Sources within the department confirmed, local authorities scheduled a meeting with stakeholders concerning a political scandal earlier today. The report has been reviewed by independent analysts. The figures were cross-checked against previous quarterly data. Officials noted that the process will continue to be monitored closely over the coming weeks, with further updates expected to follow standard procedure. The matter has been documented and is available through official channels.",politicsNews,real
The supreme court released its quarterly report regarding a major sports event,"As reported by multiple news agencies, the Supreme Court released its quarterly report concerning a major sports event earlier today. The decision follows months of deliberation among experts. The figures were cross-checked against previous quarterly data. Officials noted that the process will continue to be monitored closely over the coming weeks, with further updates expected to follow standard procedure. The matter has been documented and is available through official channels.",politicsNews,real
The state government released its quarterly report regarding a tech company's new product,"As reported by multiple news agencies, the state government released its quarterly report concerning a tech company's new product earlier today. The report has been reviewed by independent analysts. The decision follows months of deliberation among experts. Officials noted that the process will continue to be monitored closely over the coming weeks, with further updates expected to follow standard procedure. The matter has been documented and is available through official channels.",politicsNews,real
The european central bank signed an agreement with neighboring countries regarding the new vaccine,"As reported by multiple news agencies, the European Central Bank signed an agreement with neighboring countries concerning the new vaccine earlier today. The announcement comes after a series of consultations with industry leaders. The decision follows months of deliberation among experts. Officials noted that the process will continue to be monitored closely over the coming weeks, with further updates expected to follow standard procedure. The matter has been documented and is available through official channels.",politicsNews,real
The state government announced a new policy regarding a popular celebrity,"The official spokesperson said, the state government announced a new policy concerning a popular celebrity earlier today. The decision follows months of deliberation among experts. The announcement comes after a series of consultations with industry leaders. Officials noted that the process will continue to be monitored closely over the coming weeks, with further updates expected to follow standard procedure. The matter has been documented and is available through official channels.",politicsNews,real
Nasa published updated guidelines regarding the education system,"The official spokesperson said, NASA published updated guidelines concerning the education system earlier today. Officials stated that further details will be released next week. The decision follows months of deliberation among experts. Officials noted that the process will continue to be monitored closely over the coming weeks, with further updates expected to follow standard procedure. The matter has been documented and is available through official channels.",politicsNews,real
The world health organization concluded an investigation into the matter regarding a viral health trend,"The official spokesperson said, the World Health Organization concluded an investigation into the matter concerning a viral health trend earlier today. Authorities emphasized that the implementation will be gradual. The announcement comes after a series of consultations with industry leaders. Officials noted that the process will continue to be monitored closely over the coming weeks, with further updates expected to follow standard procedure. The matter has been documented and is available through official channels.",politicsNews,real
The prime minister's office issued an official statement regarding a major sports event,"As reported by multiple news agencies, the Prime Minister's Office issued an official statement concerning a major sports event earlier today. A follow-up briefing is expected to be held later this month. Officials stated that further details will be released next week. Officials noted that the process will continue to be monitored closely over the coming weeks, with further updates expected to follow standard procedure. The matter has been documented and is available through official channels.",politicsNews,real
The ministry of finance issued an official statement regarding a natural disaster,"Data verified by independent auditors shows, the Ministry of Finance issued an official statement concerning a natural disaster earlier today. Stakeholders welcomed the move, citing its long-term benefits. Authorities emphasized that the implementation will be gradual. Officials noted that the process will continue to be monitored closely over the coming weeks, with further updates expected to follow standard procedure. The matter has been documented and is available through official channels.",politicsNews,real
The city council confirmed a revision in interest rates regarding the economy,"In a statement released on tuesday, the city council confirmed a revision in interest rates concerning the economy earlier today. Stakeholders welcomed the move, citing its long-term benefits. Officials stated that further details will be released next week. Officials noted that the process will continue to be monitored closely over the coming weeks, with further updates expected to follow standard procedure. The matter has been documented and is available through official channels.",politicsNews,real
The supreme court issued an official statement regarding the stock market,"Sources within the department confirmed, the Supreme Court issued an official statement concerning the stock market earlier today. Authorities emphasized that the implementation will be gradual. The announcement comes after a series of consultations with industry leaders. Officials noted that the process will continue to be monitored closely over the coming weeks, with further updates expected to follow standard procedure. The matter has been documented and is available through official channels.",politicsNews,real
The united nations confirmed a revision in interest rates regarding a political scandal,"Sources within the department confirmed, the United Nations confirmed a revision in interest rates concerning a political scandal earlier today. Officials stated that further details will be released next week. The report has been reviewed by independent analysts. Officials noted that the process will continue to be monitored closely over the coming weeks, with further updates expected to follow standard procedure. The matter has been documented and is available through official channels.",politicsNews,real
Nasa published updated guidelines regarding the housing market,"Data verified by independent auditors shows, NASA published updated guidelines concerning the housing market earlier today. The announcement comes after a series of consultations with industry leaders. Officials stated that further details will be released next week. Officials noted that the process will continue to be monitored closely over the coming weeks, with further updates expected to follow standard procedure. The matter has been documented and is available through official channels.",politicsNews,real
The supreme court released findings from a peer-reviewed study regarding a new technology,"In a statement released on tuesday, the Supreme Court released findings from a peer-reviewed study concerning a new technology earlier today. The report has been reviewed by independent analysts. The announcement comes after a series of consultations with industry leaders. Officials noted that the process will continue to be monitored closely over the coming weeks, with further updates expected to follow standard procedure. The matter has been documented and is available through official channels.",politicsNews,real
The prime minister's office concluded an investigation into the matter regarding the economy,"Data verified by independent auditors shows, the Prime Minister's Office concluded an investigation into the matter concerning the economy earlier today. Authorities emphasized that the implementation will be gradual. Stakeholders welcomed the move, citing its long-term benefits. Officials noted that the process will continue to be monitored closely over the coming weeks, with further updates expected to follow standard procedure. The matter has been documented and is available through official channels.",politicsNews,real
The department of health published updated guidelines regarding the housing market,"Citing official records, the Department of Health published updated guidelines concerning the housing market earlier today. The announcement comes after a series of consultations with industry leaders. The announcement comes after a series of consultations with industry leaders. Officials noted that the process will continue to be monitored closely over the coming weeks, with further updates expected to follow standard procedure. The matter has been documented and is available through official channels.",politicsNews,real
The prime minister's office released findings from a peer-reviewed study regarding a tech company's new product,"The report, published on the official website, stated, the Prime Minister's Office released findings from a peer-reviewed study concerning a tech company's new product earlier today. Officials stated that further details will be released next week. Officials stated that further details will be released next week. Officials noted that the process will continue to be monitored closely over the coming weeks, with further updates expected to follow standard procedure. The matter has been documented and is available through official channels.",politicsNews,real
The ministry of finance scheduled a meeting with stakeholders regarding the housing market,"Data verified by independent auditors shows, the Ministry of Finance scheduled a meeting with stakeholders concerning the housing market earlier today. A follow-up briefing is expected to be held later this month. The decision follows months of deliberation among experts. Officials noted that the process will continue to be monitored closely over the coming weeks, with further updates expected to follow standard procedure. The matter has been documented and is available through official channels.",politicsNews,real
The prime minister's office announced a new policy regarding a global pandemic,"The official spokesperson said, the Prime Minister's Office announced a new policy concerning a global pandemic earlier today. The decision follows months of deliberation among experts. The figures were cross-checked against previous quarterly data. Officials noted that the process will continue to be monitored closely over the coming weeks, with further updates expected to follow standard procedure. The matter has been documented and is available through official channels.",politicsNews,real
The world health organization issued an official statement regarding climate change,"The official spokesperson said, the World Health Organization issued an official statement concerning climate change earlier today. Officials stated that further details will be released next week. Authorities emphasized that the implementation will be gradual. Officials noted that the process will continue to be monitored closely over the coming weeks, with further updates expected to follow standard procedure. The matter has been documented and is available through official channels.",politicsNews,real
The prime minister's office held a press conference regarding the new vaccine,"The report, published on the official website, stated, the Prime Minister's Office held a press conference concerning the new vaccine earlier today. Authorities emphasized that the implementation will be gradual. Stakeholders welcomed the move, citing its long-term benefits. Officials noted that the process will continue to be monitored closely over the coming weeks, with further updates expected to follow standard procedure. The matter has been documented and is available through official channels.",politicsNews,real
The election commission signed an agreement with neighboring countries regarding the education system,"According to officials, the Election Commission signed an agreement with neighboring countries concerning the education system earlier today. The figures were cross-checked against previous quarterly data. Stakeholders welcomed the move, citing its long-term benefits. Officials noted that the process will continue to be monitored closely over the coming weeks, with further updates expected to follow standard procedure. The matter has been documented and is available through official channels.",politicsNews,real
The reserve bank published updated guidelines regarding a viral health trend,"According to officials, the Reserve Bank published updated guidelines concerning a viral health trend earlier today. A follow-up briefing is expected to be held later this month. Authorities emphasized that the implementation will be gradual. Officials noted that the process will continue to be monitored closely over the coming weeks, with further updates expected to follow standard procedure. The matter has been documented and is available through official channels.",politicsNews,real
The prime minister's office published updated guidelines regarding the new vaccine,"According to officials, the Prime Minister's Office published updated guidelines concerning the new vaccine earlier today. The figures were cross-checked against previous quarterly data. A follow-up briefing is expected to be held later this month. Officials noted that the process will continue to be monitored closely over the coming weeks, with further updates expected to follow standard procedure. The matter has been documented and is available through official channels.",politicsNews,real
The reserve bank held a press conference regarding the upcoming election,"Data verified by independent auditors shows, the Reserve Bank held a press conference concerning the upcoming election earlier today. A follow-up briefing is expected to be held later this month. The figures were cross-checked against previous quarterly data. Officials noted that the process will continue to be monitored closely over the coming weeks, with further updates expected to follow standard procedure. The matter has been documented and is available through official channels.",politicsNews,real
The ministry of finance launched a public health initiative regarding climate change,"Citing official records, the Ministry of Finance launched a public health initiative concerning climate change earlier today. The report has been reviewed by independent analysts. Authorities emphasized that the implementation will be gradual. Officials noted that the process will continue to be monitored closely over the coming weeks, with further updates expected to follow standard procedure. The matter has been documented and is available through official channels.",politicsNews,real
The united nations approved a new infrastructure project regarding climate change,"According to officials, the United Nations approved a new infrastructure project concerning climate change earlier today. The figures were cross-checked against previous quarterly data. The figures were cross-checked against previous quarterly data. Officials noted that the process will continue to be monitored closely over the coming weeks, with further updates expected to follow standard procedure. The matter has been documented and is available through official channels.",politicsNews,real
The state government approved a new infrastructure project regarding a major sports event,"Sources within the department confirmed, the state government approved a new infrastructure project concerning a major sports event earlier today. A follow-up briefing is expected to be held later this month. A follow-up briefing is expected to be held later this month. Officials noted that the process will continue to be monitored closely over the coming weeks, with further updates expected to follow standard procedure. The matter has been documented and is available through official channels.",politicsNews,real
The world health organization released its quarterly report regarding a political scandal,"Sources within the department confirmed, the World Health Organization released its quarterly report concerning a political scandal earlier today. The decision follows months of deliberation among experts. The report has been reviewed by independent analysts. Officials noted that the process will continue to be monitored closely over the coming weeks, with further updates expected to follow standard procedure. The matter has been documented and is available through official channels.",politicsNews,real
The state government published updated guidelines regarding a viral health trend,"In a statement released on tuesday, the state government published updated guidelines concerning a viral health trend earlier today. The decision follows months of deliberation among experts. The figures were cross-checked against previous quarterly data. Officials noted that the process will continue to be monitored closely over the coming weeks, with further updates expected to follow standard procedure. The matter has been documented and is available through official channels.",politicsNews,real
The united nations concluded an investigation into the matter regarding the education system,"As reported by multiple news agencies, the United Nations concluded an investigation into the matter concerning the education system earlier today. The report has been reviewed by independent analysts. Stakeholders welcomed the move, citing its long-term benefits. Officials noted that the process will continue to be monitored closely over the coming weeks, with further updates expected to follow standard procedure. The matter has been documented and is available through official channels.",politicsNews,real
The united nations launched a public health initiative regarding the education system,"Sources within the department confirmed, the United Nations launched a public health initiative concerning the education system earlier today. The report has been reviewed by independent analysts. Stakeholders welcomed the move, citing its long-term benefits. Officials noted that the process will continue to be monitored closely over the coming weeks, with further updates expected to follow standard procedure. The matter has been documented and is available through official channels.",politicsNews,real
The prime minister's office announced a new policy regarding the upcoming election,"Data verified by independent auditors shows, the Prime Minister's Office announced a new policy concerning the upcoming election earlier today. The report has been reviewed by independent analysts. The figures were cross-checked against previous quarterly data. Officials noted that the process will continue to be monitored closely over the coming weeks, with further updates expected to follow standard procedure. The matter has been documented and is available through official channels.",politicsNews,real
The prime minister's office presented the annual budget regarding the education system,"Data verified by independent auditors shows, the Prime Minister's Office presented the annual budget concerning the education system earlier today. Stakeholders welcomed the move, citing its long-term benefits. Stakeholders welcomed the move, citing its long-term benefits. Officials noted that the process will continue to be monitored closely over the coming weeks, with further updates expected to follow standard procedure. The matter has been documented and is available through official channels.",politicsNews,real
The election commission released its quarterly report regarding the stock market,"Data verified by independent auditors shows, the Election Commission released its quarterly report concerning the stock market earlier today. The announcement comes after a series of consultations with industry leaders. Authorities emphasized that the implementation will be gradual. Officials noted that the process will continue to be monitored closely over the coming weeks, with further updates expected to follow standard procedure. The matter has been documented and is available through official channels.",politicsNews,real
The reserve bank announced a new policy regarding a natural disaster,"According to officials, the Reserve Bank announced a new policy concerning a natural disaster earlier today. Authorities emphasized that the implementation will be gradual. Stakeholders welcomed the move, citing its long-term benefits. Officials noted that the process will continue to be monitored closely over the coming weeks, with further updates expected to follow standard procedure. The matter has been documented and is available through official channels.",politicsNews,real
The world health organization approved a new infrastructure project regarding the stock market,"Citing official records, the World Health Organization approved a new infrastructure project concerning the stock market earlier today. Authorities emphasized that the implementation will be gradual. The announcement comes after a series of consultations with industry leaders. Officials noted that the process will continue to be monitored closely over the coming weeks, with further updates expected to follow standard procedure. The matter has been documented and is available through official channels.",politicsNews,real
The supreme court scheduled a meeting with stakeholders regarding the education system,"The report, published on the official website, stated, the Supreme Court scheduled a meeting with stakeholders concerning the education system earlier today. Authorities emphasized that the implementation will be gradual. Stakeholders welcomed the move, citing its long-term benefits. Officials noted that the process will continue to be monitored closely over the coming weeks, with further updates expected to follow standard procedure. The matter has been documented and is available through official channels.",politicsNews,real
The central bank released its quarterly report regarding a natural disaster,"As reported by multiple news agencies, the central bank released its quarterly report concerning a natural disaster earlier today. Officials stated that further details will be released next week. The decision follows months of deliberation among experts. Officials noted that the process will continue to be monitored closely over the coming weeks, with further updates expected to follow standard procedure. The matter has been documented and is available through official channels.",politicsNews,real
The ministry of finance presented the annual budget regarding a popular celebrity,"The report, published on the official website, stated, the Ministry of Finance presented the annual budget concerning a popular celebrity earlier today. A follow-up briefing is expected to be held later this month. Stakeholders welcomed the move, citing its long-term benefits. Officials noted that the process will continue to be monitored closely over the coming weeks, with further updates expected to follow standard procedure. The matter has been documented and is available through official channels.",politicsNews,real
The prime minister's office presented the annual budget regarding a global pandemic,"Data verified by independent auditors shows, the Prime Minister's Office presented the annual budget concerning a global pandemic earlier today. Authorities emphasized that the implementation will be gradual. Authorities emphasized that the implementation will be gradual. Officials noted that the process will continue to be monitored closely over the coming weeks, with further updates expected to follow standard procedure. The matter has been documented and is available through official channels.",politicsNews,real
The department of health confirmed a revision in interest rates regarding climate change,"According to officials, the Department of Health confirmed a revision in interest rates concerning climate change earlier today. The announcement comes after a series of consultations with industry leaders. The report has been reviewed by independent analysts. Officials noted that the process will continue to be monitored closely over the coming weeks, with further updates expected to follow standard procedure. The matter has been documented and is available through official channels.",politicsNews,real
The department of health issued an official statement regarding climate change,"Sources within the department confirmed, the Department of Health issued an official statement concerning climate change earlier today. A follow-up briefing is expected to be held later this month. The figures were cross-checked against previous quarterly data. Officials noted that the process will continue to be monitored closely over the coming weeks, with further updates expected to follow standard procedure. The matter has been documented and is available through official channels.",politicsNews,real
The world health organization announced a new policy regarding a viral health trend,"As reported by multiple news agencies, the World Health Organization announced a new policy concerning a viral health trend earlier today. Stakeholders welcomed the move, citing its long-term benefits. The decision follows months of deliberation among experts. Officials noted that the process will continue to be monitored closely over the coming weeks, with further updates expected to follow standard procedure. The matter has been documented and is available through official channels.",politicsNews,real
Researchers at a leading university signed an agreement with neighboring countries regarding the education system,"Data verified by independent auditors shows, researchers at a leading university signed an agreement with neighboring countries concerning the education system earlier today. The announcement comes after a series of consultations with industry leaders. Officials stated that further details will be released next week. Officials noted that the process will continue to be monitored closely over the coming weeks, with further updates expected to follow standard procedure. The matter has been documented and is available through official channels.",politicsNews,real
The reserve bank issued an official statement regarding a global pandemic,"As reported by multiple news agencies, the Reserve Bank issued an official statement concerning a global pandemic earlier today. The announcement comes after a series of consultations with industry leaders. The report has been reviewed by independent analysts. Officials noted that the process will continue to be monitored closely over the coming weeks, with further updates expected to follow standard procedure. The matter has been documented and is available through official channels.",politicsNews,real
The reserve bank issued an official statement regarding a natural disaster,"The report, published on the official website, stated, the Reserve Bank issued an official statement concerning a natural disaster earlier today. Authorities emphasized that the implementation will be gradual. Authorities emphasized that the implementation will be gradual. Officials noted that the process will continue to be monitored closely over the coming weeks, with further updates expected to follow standard procedure. The matter has been documented and is available through official channels.",politicsNews,real
The central bank concluded an investigation into the matter regarding the stock market,"Data verified by independent auditors shows, the central bank concluded an investigation into the matter concerning the stock market earlier today. The decision follows months of deliberation among experts. The decision follows months of deliberation among experts. Officials noted that the process will continue to be monitored closely over the coming weeks, with further updates expected to follow standard procedure. The matter has been documented and is available through official channels.",politicsNews,real
Nasa issued an official statement regarding the education system,"Sources within the department confirmed, NASA issued an official statement concerning the education system earlier today. The figures were cross-checked against previous quarterly data. The announcement comes after a series of consultations with industry leaders. Officials noted that the process will continue to be monitored closely over the coming weeks, with further updates expected to follow standard procedure. The matter has been documented and is available through official channels.",politicsNews,real
The supreme court approved a new infrastructure project regarding a viral health trend,"The official spokesperson said, the Supreme Court approved a new infrastructure project concerning a viral health trend earlier today. The figures were cross-checked against previous quarterly data. The report has been reviewed by independent analysts. Officials noted that the process will continue to be monitored closely over the coming weeks, with further updates expected to follow standard procedure. The matter has been documented and is available through official channels.",politicsNews,real
The ministry of finance launched a public health initiative regarding a new technology,"As reported by multiple news agencies, the Ministry of Finance launched a public health initiative concerning a new technology earlier today. The report has been reviewed by independent analysts. The report has been reviewed by independent analysts. Officials noted that the process will continue to be monitored closely over the coming weeks, with further updates expected to follow standard procedure. The matter has been documented and is available through official channels.",politicsNews,real
The reserve bank approved a new infrastructure project regarding a global pandemic,"As reported by multiple news agencies, the Reserve Bank approved a new infrastructure project concerning a global pandemic earlier today. The report has been reviewed by independent analysts. The figures were cross-checked against previous quarterly data. Officials noted that the process will continue to be monitored closely over the coming weeks, with further updates expected to follow standard procedure. The matter has been documented and is available through official channels.",politicsNews,real
The prime minister's office signed an agreement with neighboring countries regarding a global pandemic,"Citing official records, the Prime Minister's Office signed an agreement with neighboring countries concerning a global pandemic earlier today. The figures were cross-checked against previous quarterly data. Officials stated that further details will be released next week. Officials noted that the process will continue to be monitored closely over the coming weeks, with further updates expected to follow standard procedure. The matter has been documented and is available through official channels.",politicsNews,real
The prime minister's office confirmed a revision in interest rates regarding the new vaccine,"According to officials, the Prime Minister's Office confirmed a revision in interest rates concerning the new vaccine earlier today. The decision follows months of deliberation among experts. The decision follows months of deliberation among experts. Officials noted that the process will continue to be monitored closely over the coming weeks, with further updates expected to follow standard procedure. The matter has been documented and is available through official channels.",politicsNews,real
The city council announced a new policy regarding the housing market,"Sources within the department confirmed, the city council announced a new policy concerning the housing market earlier today. Authorities emphasized that the implementation will be gradual. Officials stated that further details will be released next week. Officials noted that the process will continue to be monitored closely over the coming weeks, with further updates expected to follow standard procedure. The matter has been documented and is available through official channels.",politicsNews,real
The election commission published updated guidelines regarding climate change,"Citing official records, the Election Commission published updated guidelines concerning climate change earlier today. Stakeholders welcomed the move, citing its long-term benefits. The decision follows months of deliberation among experts. Officials noted that the process will continue to be monitored closely over the coming weeks, with further updates expected to follow standard procedure. The matter has been documented and is available through official channels.",politicsNews,real
Researchers at a leading university announced a new policy regarding the housing market,"Sources within the department confirmed, researchers at a leading university announced a new policy concerning the housing market earlier today. The announcement comes after a series of consultations with industry leaders. Officials stated that further details will be released next week. Officials noted that the process will continue to be monitored closely over the coming weeks, with further updates expected to follow standard procedure. The matter has been documented and is available through official channels.",politicsNews,real
The united nations confirmed a revision in interest rates regarding climate change,"In a statement released on tuesday, the United Nations confirmed a revision in interest rates concerning climate change earlier today. Authorities emphasized that the implementation will be gradual. The announcement comes after a series of consultations with industry leaders. Officials noted that the process will continue to be monitored closely over the coming weeks, with further updates expected to follow standard procedure. The matter has been documented and is available through official channels.",politicsNews,real
The world health organization released its quarterly report regarding the new vaccine,"The official spokesperson said, the World Health Organization released its quarterly report concerning the new vaccine earlier today. The announcement comes after a series of consultations with industry leaders. Authorities emphasized that the implementation will be gradual. Officials noted that the process will continue to be monitored closely over the coming weeks, with further updates expected to follow standard procedure. The matter has been documented and is available through official channels.",politicsNews,real
The central bank announced a new policy regarding climate change,"As reported by multiple news agencies, the central bank announced a new policy concerning climate change earlier today. The figures were cross-checked against previous quarterly data. Authorities emphasized that the implementation will be gradual. Officials noted that the process will continue to be monitored closely over the coming weeks, with further updates expected to follow standard procedure. The matter has been documented and is available through official channels.",politicsNews,real
The supreme court released its quarterly report regarding a global pandemic,"Data verified by independent auditors shows, the Supreme Court released its quarterly report concerning a global pandemic earlier today. A follow-up briefing is expected to be held later this month. Authorities emphasized that the implementation will be gradual. Officials noted that the process will continue to be monitored closely over the coming weeks, with further updates expected to follow standard procedure. The matter has been documented and is available through official channels.",politicsNews,real
The city council issued an official statement regarding the stock market,"As reported by multiple news agencies, the city council issued an official statement concerning the stock market earlier today. The report has been reviewed by independent analysts. The figures were cross-checked against previous quarterly data. Officials noted that the process will continue to be monitored closely over the coming weeks, with further updates expected to follow standard procedure. The matter has been documented and is available through official channels.",politicsNews,real
The european central bank confirmed a revision in interest rates regarding climate change,"Data verified by independent auditors shows, the European Central Bank confirmed a revision in interest rates concerning climate change earlier today. Officials stated that further details will be released next week. Authorities emphasized that the implementation will be gradual. Officials noted that the process will continue to be monitored closely over the coming weeks, with further updates expected to follow standard procedure. The matter has been documented and is available through official channels.",politicsNews,real
The prime minister's office launched a public health initiative regarding a viral health trend,"In a statement released on tuesday, the Prime Minister's Office launched a public health initiative concerning a viral health trend earlier today. Authorities emphasized that the implementation will be gradual. The report has been reviewed by independent analysts. Officials noted that the process will continue to be monitored closely over the coming weeks, with further updates expected to follow standard procedure. The matter has been documented and is available through official channels.",politicsNews,real
Nasa presented the annual budget regarding the housing market,"Citing official records, NASA presented the annual budget concerning the housing market earlier today. Stakeholders welcomed the move, citing its long-term benefits. The figures were cross-checked against previous quarterly data. Officials noted that the process will continue to be monitored closely over the coming weeks, with further updates expected to follow standard procedure. The matter has been documented and is available through official channels.",politicsNews,real
The united nations published updated guidelines regarding the upcoming election,"According to officials, the United Nations published updated guidelines concerning the upcoming election earlier today. The decision follows months of deliberation among experts. Authorities emphasized that the implementation will be gradual. Officials noted that the process will continue to be monitored closely over the coming weeks, with further updates expected to follow standard procedure. The matter has been documented and is available through official channels.",politicsNews,real
The central bank published updated guidelines regarding a tech company's new product,"The report, published on the official website, stated, the central bank published updated guidelines concerning a tech company's new product earlier today. The report has been reviewed by independent analysts. The announcement comes after a series of consultations with industry leaders. Officials noted that the process will continue to be monitored closely over the coming weeks, with further updates expected to follow standard procedure. The matter has been documented and is available through official channels.",politicsNews,real
The reserve bank scheduled a meeting with stakeholders regarding the new vaccine,"As reported by multiple news agencies, the Reserve Bank scheduled a meeting with stakeholders concerning the new vaccine earlier today. The report has been reviewed by independent analysts. The figures were cross-checked against previous quarterly data. Officials noted that the process will continue to be monitored closely over the coming weeks, with further updates expected to follow standard procedure. The matter has been documented and is available through official channels.",politicsNews,real
The state government concluded an investigation into the matter regarding a new technology,"Sources within the department confirmed, the state government concluded an investigation into the matter concerning a new technology earlier today. The report has been reviewed by independent analysts. The decision follows months of deliberation among experts. Officials noted that the process will continue to be monitored closely over the coming weeks, with further updates expected to follow standard procedure. The matter has been documented and is available through official channels.",politicsNews,real
The reserve bank concluded an investigation into the matter regarding climate change,"In a statement released on tuesday, the Reserve Bank concluded an investigation into the matter concerning climate change earlier today. The report has been reviewed by independent analysts. A follow-up briefing is expected to be held later this month. Officials noted that the process will continue to be monitored closely over the coming weeks, with further updates expected to follow standard procedure. The matter has been documented and is available through official channels.",politicsNews,real
The department of health released findings from a peer-reviewed study regarding a popular celebrity,"According to officials, the Department of Health released findings from a peer-reviewed study concerning a popular celebrity earlier today. Officials stated that further details will be released next week. The report has been reviewed by independent analysts. Officials noted that the process will continue to be monitored closely over the coming weeks, with further updates expected to follow standard procedure. The matter has been documented and is available through official channels.",politicsNews,real
The reserve bank confirmed a revision in interest rates regarding a natural disaster,"In a statement released on tuesday, the Reserve Bank confirmed a revision in interest rates concerning a natural disaster earlier today. A follow-up briefing is expected to be held later this month. The announcement comes after a series of consultations with industry leaders. Officials noted that the process will continue to be monitored closely over the coming weeks, with further updates expected to follow standard procedure. The matter has been documented and is available through official channels.",politicsNews,real
The central bank held a press conference regarding the new vaccine,"Data verified by independent auditors shows, the central bank held a press conference concerning the new vaccine earlier today. The figures were cross-checked against previous quarterly data. The report has been reviewed by independent analysts. Officials noted that the process will continue to be monitored closely over the coming weeks, with further updates expected to follow standard procedure. The matter has been documented and is available through official channels.",politicsNews,real
The prime minister's office held a press conference regarding a tech company's new product,"Sources within the department confirmed, the Prime Minister's Office held a press conference concerning a tech company's new product earlier today. A follow-up briefing is expected to be held later this month. A follow-up briefing is expected to be held later this month. Officials noted that the process will continue to be monitored closely over the coming weeks, with further updates expected to follow standard procedure. The matter has been documented and is available through official channels.",politicsNews,real
The reserve bank released findings from a peer-reviewed study regarding a natural disaster,"The report, published on the official website, stated, the Reserve Bank released findings from a peer-reviewed study concerning a natural disaster earlier today. The figures were cross-checked against previous quarterly data. Stakeholders welcomed the move, citing its long-term benefits. Officials noted that the process will continue to be monitored closely over the coming weeks, with further updates expected to follow standard procedure. The matter has been documented and is available through official channels.",politicsNews,real
The reserve bank signed an agreement with neighboring countries regarding climate change,"Data verified by independent auditors shows, the Reserve Bank signed an agreement with neighboring countries concerning climate change earlier today. Officials stated that further details will be released next week. Officials stated that further details will be released next week. Officials noted that the process will continue to be monitored closely over the coming weeks, with further updates expected to follow standard procedure. The matter has been documented and is available through official channels.",politicsNews,real
Nasa signed an agreement with neighboring countries regarding the upcoming election,"According to officials, NASA signed an agreement with neighboring countries concerning the upcoming election earlier today. The announcement comes after a series of consultations with industry leaders. Officials stated that further details will be released next week. Officials noted that the process will continue to be monitored closely over the coming weeks, with further updates expected to follow standard procedure. The matter has been documented and is available through official channels.",politicsNews,real
The reserve bank published updated guidelines regarding a popular celebrity,"Sources within the department confirmed, the Reserve Bank published updated guidelines concerning a popular celebrity earlier today. The decision follows months of deliberation among experts. Authorities emphasized that the implementation will be gradual. Officials noted that the process will continue to be monitored closely over the coming weeks, with further updates expected to follow standard procedure. The matter has been documented and is available through official channels.",politicsNews,real
The city council confirmed a revision in interest rates regarding climate change,"The report, published on the official website, stated, the city council confirmed a revision in interest rates concerning climate change earlier today. Officials stated that further details will be released next week. Authorities emphasized that the implementation will be gradual. Officials noted that the process will continue to be monitored closely over the coming weeks, with further updates expected to follow standard procedure. The matter has been documented and is available through official channels.",politicsNews,real
The european central bank released findings from a peer-reviewed study regarding a new technology,"In a statement released on tuesday, the European Central Bank released findings from a peer-reviewed study concerning a new technology earlier today. The decision follows months of deliberation among experts. The announcement comes after a series of consultations with industry leaders. Officials noted that the process will continue to be monitored closely over the coming weeks, with further updates expected to follow standard procedure. The matter has been documented and is available through official channels.",politicsNews,real
The central bank signed an agreement with neighboring countries regarding a political scandal,"As reported by multiple news agencies, the central bank signed an agreement with neighboring countries concerning a political scandal earlier today. The report has been reviewed by independent analysts. Authorities emphasized that the implementation will be gradual. Officials noted that the process will continue to be monitored closely over the coming weeks, with further updates expected to follow standard procedure. The matter has been documented and is available through official channels.",politicsNews,real
The reserve bank scheduled a meeting with stakeholders regarding the upcoming election,"In a statement released on tuesday, the Reserve Bank scheduled a meeting with stakeholders concerning the upcoming election earlier today. Stakeholders welcomed the move, citing its long-term benefits. Officials stated that further details will be released next week. Officials noted that the process will continue to be monitored closely over the coming weeks, with further updates expected to follow standard procedure. The matter has been documented and is available through official channels.",politicsNews,real
The city council approved a new infrastructure project regarding a new technology,"Sources within the department confirmed, the city council approved a new infrastructure project concerning a new technology earlier today. Officials stated that further details will be released next week. A follow-up briefing is expected to be held later this month. Officials noted that the process will continue to be monitored closely over the coming weeks, with further updates expected to follow standard procedure. The matter has been documented and is available through official channels.",politicsNews,real
The european central bank published updated guidelines regarding the new vaccine,"The report, published on the official website, stated, the European Central Bank published updated guidelines concerning the new vaccine earlier today. Officials stated that further details will be released next week. The report has been reviewed by independent analysts. Officials noted that the process will continue to be monitored closely over the coming weeks, with further updates expected to follow standard procedure. The matter has been documented and is available through official channels.",politicsNews,real
The state government held a press conference regarding a viral health trend,"Sources within the department confirmed, the state government held a press conference concerning a viral health trend earlier today. A follow-up briefing is expected to be held later this month. The decision follows months of deliberation among experts. Officials noted that the process will continue to be monitored closely over the coming weeks, with further updates expected to follow standard procedure. The matter has been documented and is available through official channels.",politicsNews,real
The supreme court presented the annual budget regarding the stock market,"The report, published on the official website, stated, the Supreme Court presented the annual budget concerning the stock market earlier today. Officials stated that further details will be released next week. The figures were cross-checked against previous quarterly data. Officials noted that the process will continue to be monitored closely over the coming weeks, with further updates expected to follow standard procedure. The matter has been documented and is available through official channels.",politicsNews,real
Local authorities released findings from a peer-reviewed study regarding the education system,"The official spokesperson said, local authorities released findings from a peer-reviewed study concerning the education system earlier today. The decision follows months of deliberation among experts. The report has been reviewed by independent analysts. Officials noted that the process will continue to be monitored closely over the coming weeks, with further updates expected to follow standard procedure. The matter has been documented and is available through official channels.",politicsNews,real
The united nations confirmed a revision in interest rates regarding a natural disaster,"Citing official records, the United Nations confirmed a revision in interest rates concerning a natural disaster earlier today. Officials stated that further details will be released next week. Authorities emphasized that the implementation will be gradual. Officials noted that the process will continue to be monitored closely over the coming weeks, with further updates expected to follow standard procedure. The matter has been documented and is available through official channels.",politicsNews,real
Local authorities released its quarterly report regarding a political scandal,"In a statement released on tuesday, local authorities released its quarterly report concerning a political scandal earlier today. The figures were cross-checked against previous quarterly data. Stakeholders welcomed the move, citing its long-term benefits. Officials noted that the process will continue to be monitored closely over the coming weeks, with further updates expected to follow standard procedure. The matter has been documented and is available through official channels.",politicsNews,real
The united nations scheduled a meeting with stakeholders regarding the new vaccine,"Citing official records, the United Nations scheduled a meeting with stakeholders concerning the new vaccine earlier today. The announcement comes after a series of consultations with industry leaders. A follow-up briefing is expected to be held later this month. Officials noted that the process will continue to be monitored closely over the coming weeks, with further updates expected to follow standard procedure. The matter has been documented and is available through official channels.",politicsNews,real
The supreme court concluded an investigation into the matter regarding a viral health trend,"According to officials, the Supreme Court concluded an investigation into the matter concerning a viral health trend earlier today. The figures were cross-checked against previous quarterly data. The decision follows months of deliberation among experts. Officials noted that the process will continue to be monitored closely over the coming weeks, with further updates expected to follow standard procedure. The matter has been documented and is available through official channels.",politicsNews,real
The united nations announced a new policy regarding a popular celebrity,"In a statement released on tuesday, the United Nations announced a new policy concerning a popular celebrity earlier today. The announcement comes after a series of consultations with industry leaders. The report has been reviewed by independent analysts. Officials noted that the process will continue to be monitored closely over the coming weeks, with further updates expected to follow standard procedure. The matter has been documented and is available through official channels.",politicsNews,real
The election commission scheduled a meeting with stakeholders regarding a tech company's new product,"Citing official records, the Election Commission scheduled a meeting with stakeholders concerning a tech company's new product earlier today. The figures were cross-checked against previous quarterly data. Stakeholders welcomed the move, citing its long-term benefits. Officials noted that the process will continue to be monitored closely over the coming weeks, with further updates expected to follow standard procedure. The matter has been documented and is available through official channels.",politicsNews,real
The central bank confirmed a revision in interest rates regarding a political scandal,"The report, published on the official website, stated, the central bank confirmed a revision in interest rates concerning a political scandal earlier today. The announcement comes after a series of consultations with industry leaders. The report has been reviewed by independent analysts. Officials noted that the process will continue to be monitored closely over the coming weeks, with further updates expected to follow standard procedure. The matter has been documented and is available through official channels.",politicsNews,real
Local authorities confirmed a revision in interest rates regarding a global pandemic,"The report, published on the official website, stated, local authorities confirmed a revision in interest rates concerning a global pandemic earlier today. The figures were cross-checked against previous quarterly data. The decision follows months of deliberation among experts. Officials noted that the process will continue to be monitored closely over the coming weeks, with further updates expected to follow standard procedure. The matter has been documented and is available through official channels.",politicsNews,real
The state government scheduled a meeting with stakeholders regarding the economy,"The report, published on the official website, stated, the state government scheduled a meeting with stakeholders concerning the economy earlier today. The report has been reviewed by independent analysts. A follow-up briefing is expected to be held later this month. Officials noted that the process will continue to be monitored closely over the coming weeks, with further updates expected to follow standard procedure. The matter has been documented and is available through official channels.",politicsNews,real
Nasa scheduled a meeting with stakeholders regarding a new technology,"According to officials, NASA scheduled a meeting with stakeholders concerning a new technology earlier today. The report has been reviewed by independent analysts. A follow-up briefing is expected to be held later this month. Officials noted that the process will continue to be monitored closely over the coming weeks, with further updates expected to follow standard procedure. The matter has been documented and is available through official channels.",politicsNews,real
The prime minister's office scheduled a meeting with stakeholders regarding a viral health trend,"As reported by multiple news agencies, the Prime Minister's Office scheduled a meeting with stakeholders concerning a viral health trend earlier today. The figures were cross-checked against previous quarterly data. Stakeholders welcomed the move, citing its long-term benefits. Officials noted that the process will continue to be monitored closely over the coming weeks, with further updates expected to follow standard procedure. The matter has been documented and is available through official channels.",politicsNews,real
Researchers at a leading university published updated guidelines regarding a popular celebrity,"According to officials, researchers at a leading university published updated guidelines concerning a popular celebrity earlier today. The announcement comes after a series of consultations with industry leaders. Officials stated that further details will be released next week. Officials noted that the process will continue to be monitored closely over the coming weeks, with further updates expected to follow standard procedure. The matter has been documented and is available through official channels.",politicsNews,real
The supreme court presented the annual budget regarding the housing market,"In a statement released on tuesday, the Supreme Court presented the annual budget concerning the housing market earlier today. Authorities emphasized that the implementation will be gradual. Officials stated that further details will be released next week. Officials noted that the process will continue to be monitored closely over the coming weeks, with further updates expected to follow standard procedure. The matter has been documented and is available through official channels.",politicsNews,real
Nasa confirmed a revision in interest rates regarding a popular celebrity,"In a statement released on tuesday, NASA confirmed a revision in interest rates concerning a popular celebrity earlier today. The figures were cross-checked against previous quarterly data. The announcement comes after a series of consultations with industry leaders. Officials noted that the process will continue to be monitored closely over the coming weeks, with further updates expected to follow standard procedure. The matter has been documented and is available through official channels.",politicsNews,real
The state government announced a new policy regarding the new vaccine,"In a statement released on tuesday, the state government announced a new policy concerning the new vaccine earlier today. A follow-up briefing is expected to be held later this month. Officials stated that further details will be released next week. Officials noted that the process will continue to be monitored closely over the coming weeks, with further updates expected to follow standard procedure. The matter has been documented and is available through official channels.",politicsNews,real
The united nations signed an agreement with neighboring countries regarding the housing market,"Citing official records, the United Nations signed an agreement with neighboring countries concerning the housing market earlier today. The figures were cross-checked against previous quarterly data. Officials stated that further details will be released next week. Officials noted that the process will continue to be monitored closely over the coming weeks, with further updates expected to follow standard procedure. The matter has been documented and is available through official channels.",politicsNews,real
The central bank issued an official statement regarding the economy,"In a statement released on tuesday, the central bank issued an official statement concerning the economy earlier today. Authorities emphasized that the implementation will be gradual. Stakeholders welcomed the move, citing its long-term benefits. Officials noted that the process will continue to be monitored closely over the coming weeks, with further updates expected to follow standard procedure. The matter has been documented and is available through official channels.",politicsNews,real
Researchers at a leading university released findings from a peer-reviewed study regarding a natural disaster,"In a statement released on tuesday, researchers at a leading university released findings from a peer-reviewed study concerning a natural disaster earlier today. Stakeholders welcomed the move, citing its long-term benefits. The decision follows months of deliberation among experts. Officials noted that the process will continue to be monitored closely over the coming weeks, with further updates expected to follow standard procedure. The matter has been documented and is available through official channels.",politicsNews,real
Researchers at a leading university presented the annual budget regarding the stock market,"The report, published on the official website, stated, researchers at a leading university presented the annual budget concerning the stock market earlier today. The report has been reviewed by independent analysts. The figures were cross-checked against previous quarterly data. Officials noted that the process will continue to be monitored closely over the coming weeks, with further updates expected to follow standard procedure. The matter has been documented and is available through official channels.",politicsNews,real
The city council concluded an investigation into the matter regarding climate change,"In a statement released on tuesday, the city council concluded an investigation into the matter concerning climate change earlier today. The figures were cross-checked against previous quarterly data. The report has been reviewed by independent analysts. Officials noted that the process will continue to be monitored closely over the coming weeks, with further updates expected to follow standard procedure. The matter has been documented and is available through official channels.",politicsNews,real
Local authorities released findings from a peer-reviewed study regarding the housing market,"As reported by multiple news agencies, local authorities released findings from a peer-reviewed study concerning the housing market earlier today. Officials stated that further details will be released next week. The figures were cross-checked against previous quarterly data. Officials noted that the process will continue to be monitored closely over the coming weeks, with further updates expected to follow standard procedure. The matter has been documented and is available through official channels.",politicsNews,real
The united nations released its quarterly report regarding the economy,"Sources within the department confirmed, the United Nations released its quarterly report concerning the economy earlier today. The figures were cross-checked against previous quarterly data. The decision follows months of deliberation among experts. Officials noted that the process will continue to be monitored closely over the coming weeks, with further updates expected to follow standard procedure. The matter has been documented and is available through official channels.",politicsNews,real
The reserve bank scheduled a meeting with stakeholders regarding a new technology,"As reported by multiple news agencies, the Reserve Bank scheduled a meeting with stakeholders concerning a new technology earlier today. Authorities emphasized that the implementation will be gradual. The report has been reviewed by independent analysts. Officials noted that the process will continue to be monitored closely over the coming weeks, with further updates expected to follow standard procedure. The matter has been documented and is available through official channels.",politicsNews,real
Local authorities released findings from a peer-reviewed study regarding a political scandal,"In a statement released on tuesday, local authorities released findings from a peer-reviewed study concerning a political scandal earlier today. The announcement comes after a series of consultations with industry leaders. The decision follows months of deliberation among experts. Officials noted that the process will continue to be monitored closely over the coming weeks, with further updates expected to follow standard procedure. The matter has been documented and is available through official channels.",politicsNews,real
The ministry of finance launched a public health initiative regarding the new vaccine,"Sources within the department confirmed, the Ministry of Finance launched a public health initiative concerning the new vaccine earlier today. The report has been reviewed by independent analysts. The announcement comes after a series of consultations with industry leaders. Officials noted that the process will continue to be monitored closely over the coming weeks, with further updates expected to follow standard procedure. The matter has been documented and is available through official channels.",politicsNews,real
The central bank signed an agreement with neighboring countries regarding the new vaccine,"In a statement released on tuesday, the central bank signed an agreement with neighboring countries concerning the new vaccine earlier today. A follow-up briefing is expected to be held later this month. The decision follows months of deliberation among experts. Officials noted that the process will continue to be monitored closely over the coming weeks, with further updates expected to follow standard procedure. The matter has been documented and is available through official channels.",politicsNews,real
The state government confirmed a revision in interest rates regarding a global pandemic,"In a statement released on tuesday, the state government confirmed a revision in interest rates concerning a global pandemic earlier today. Authorities emphasized that the implementation will be gradual. A follow-up briefing is expected to be held later this month. Officials noted that the process will continue to be monitored closely over the coming weeks, with further updates expected to follow standard procedure. The matter has been documented and is available through official channels.",politicsNews,real
The state government concluded an investigation into the matter regarding the new vaccine,"According to officials, the state government concluded an investigation into the matter concerning the new vaccine earlier today. Authorities emphasized that the implementation will be gradual. Authorities emphasized that the implementation will be gradual. Officials noted that the process will continue to be monitored closely over the coming weeks, with further updates expected to follow standard procedure. The matter has been documented and is available through official channels.",politicsNews,real
The united nations concluded an investigation into the matter regarding the housing market,"According to officials, the United Nations concluded an investigation into the matter concerning the housing market earlier today. The decision follows months of deliberation among experts. The report has been reviewed by independent analysts. Officials noted that the process will continue to be monitored closely over the coming weeks, with further updates expected to follow standard procedure. The matter has been documented and is available through official channels.",politicsNews,real
The supreme court held a press conference regarding the new vaccine,"The official spokesperson said, the Supreme Court held a press conference concerning the new vaccine earlier today. The report has been reviewed by independent analysts. The announcement comes after a series of consultations with industry leaders. Officials noted that the process will continue to be monitored closely over the coming weeks, with further updates expected to follow standard procedure. The matter has been documented and is available through official channels.",politicsNews,real
The department of health scheduled a meeting with stakeholders regarding a major sports event,"Citing official records, the Department of Health scheduled a meeting with stakeholders concerning a major sports event earlier today. The figures were cross-checked against previous quarterly data. Stakeholders welcomed the move, citing its long-term benefits. Officials noted that the process will continue to be monitored closely over the coming weeks, with further updates expected to follow standard procedure. The matter has been documented and is available through official channels.",politicsNews,real
The ministry of finance concluded an investigation into the matter regarding climate change,"Data verified by independent auditors shows, the Ministry of Finance concluded an investigation into the matter concerning climate change earlier today. Stakeholders welcomed the move, citing its long-term benefits. A follow-up briefing is expected to be held later this month. Officials noted that the process will continue to be monitored closely over the coming weeks, with further updates expected to follow standard procedure. The matter has been documented and is available through official channels.",politicsNews,real
The european central bank released its quarterly report regarding a major sports event,"In a statement released on tuesday, the European Central Bank released its quarterly report concerning a major sports event earlier today. Stakeholders welcomed the move, citing its long-term benefits. Authorities emphasized that the implementation will be gradual. Officials noted that the process will continue to be monitored closely over the coming weeks, with further updates expected to follow standard procedure. The matter has been documented and is available through official channels.",politicsNews,real
Nasa approved a new infrastructure project regarding a popular celebrity,"In a statement released on tuesday, NASA approved a new infrastructure project concerning a popular celebrity earlier today. Authorities emphasized that the implementation will be gradual. The figures were cross-checked against previous quarterly data. Officials noted that the process will continue to be monitored closely over the coming weeks, with further updates expected to follow standard procedure. The matter has been documented and is available through official channels.",politicsNews,real
The city council held a press conference regarding the upcoming election,"The report, published on the official website, stated, the city council held a press conference concerning the upcoming election earlier today. Officials stated that further details will be released next week. Stakeholders welcomed the move, citing its long-term benefits. Officials noted that the process will continue to be monitored closely over the coming weeks, with further updates expected to follow standard procedure. The matter has been documented and is available through official channels.",politicsNews,real
The reserve bank published updated guidelines regarding the education system,"According to officials, the Reserve Bank published updated guidelines concerning the education system earlier today. Authorities emphasized that the implementation will be gradual. Stakeholders welcomed the move, citing its long-term benefits. Officials noted that the process will continue to be monitored closely over the coming weeks, with further updates expected to follow standard procedure. The matter has been documented and is available through official channels.",politicsNews,real
The prime minister's office approved a new infrastructure project regarding the housing market,"The official spokesperson said, the Prime Minister's Office approved a new infrastructure project concerning the housing market earlier today. Stakeholders welcomed the move, citing its long-term benefits. Officials stated that further details will be released next week. Officials noted that the process will continue to be monitored closely over the coming weeks, with further updates expected to follow standard procedure. The matter has been documented and is available through official channels.",politicsNews,real
The supreme court published updated guidelines regarding the upcoming election,"The official spokesperson said, the Supreme Court published updated guidelines concerning the upcoming election earlier today. The decision follows months of deliberation among experts. A follow-up briefing is expected to be held later this month. Officials noted that the process will continue to be monitored closely over the coming weeks, with further updates expected to follow standard procedure. The matter has been documented and is available through official channels.",politicsNews,real
The department of health held a press conference regarding a viral health trend,"The report, published on the official website, stated, the Department of Health held a press conference concerning a viral health trend earlier today. The figures were cross-checked against previous quarterly data. Stakeholders welcomed the move, citing its long-term benefits. Officials noted that the process will continue to be monitored closely over the coming weeks, with further updates expected to follow standard procedure. The matter has been documented and is available through official channels.",politicsNews,real
The election commission held a press conference regarding the economy,"In a statement released on tuesday, the Election Commission held a press conference concerning the economy earlier today. The decision follows months of deliberation among experts. Authorities emphasized that the implementation will be gradual. Officials noted that the process will continue to be monitored closely over the coming weeks, with further updates expected to follow standard procedure. The matter has been documented and is available through official channels.",politicsNews,real
Local authorities approved a new infrastructure project regarding the stock market,"Data verified by independent auditors shows, local authorities approved a new infrastructure project concerning the stock market earlier today. Authorities emphasized that the implementation will be gradual. The figures were cross-checked against previous quarterly data. Officials noted that the process will continue to be monitored closely over the coming weeks, with further updates expected to follow standard procedure. The matter has been documented and is available through official channels.",politicsNews,real
The election commission scheduled a meeting with stakeholders regarding a new technology,"Citing official records, the Election Commission scheduled a meeting with stakeholders concerning a new technology earlier today. Officials stated that further details will be released next week. Authorities emphasized that the implementation will be gradual. Officials noted that the process will continue to be monitored closely over the coming weeks, with further updates expected to follow standard procedure. The matter has been documented and is available through official channels.",politicsNews,real
The world health organization released its quarterly report regarding a tech company's new product,"The report, published on the official website, stated, the World Health Organization released its quarterly report concerning a tech company's new product earlier today. The figures were cross-checked against previous quarterly data. Stakeholders welcomed the move, citing its long-term benefits. Officials noted that the process will continue to be monitored closely over the coming weeks, with further updates expected to follow standard procedure. The matter has been documented and is available through official channels.",politicsNews,real
The central bank scheduled a meeting with stakeholders regarding a popular celebrity,"According to officials, the central bank scheduled a meeting with stakeholders concerning a popular celebrity earlier today. The decision follows months of deliberation among experts. Officials stated that further details will be released next week. Officials noted that the process will continue to be monitored closely over the coming weeks, with further updates expected to follow standard procedure. The matter has been documented and is available through official channels.",politicsNews,real
The election commission scheduled a meeting with stakeholders regarding a global pandemic,"As reported by multiple news agencies, the Election Commission scheduled a meeting with stakeholders concerning a global pandemic earlier today. The report has been reviewed by independent analysts. A follow-up briefing is expected to be held later this month. Officials noted that the process will continue to be monitored closely over the coming weeks, with further updates expected to follow standard procedure. The matter has been documented and is available through official channels.",politicsNews,real
The state government launched a public health initiative regarding the housing market,"Sources within the department confirmed, the state government launched a public health initiative concerning the housing market earlier today. Stakeholders welcomed the move, citing its long-term benefits. A follow-up briefing is expected to be held later this month. Officials noted that the process will continue to be monitored closely over the coming weeks, with further updates expected to follow standard procedure. The matter has been documented and is available through official channels.",politicsNews,real
The ministry of finance approved a new infrastructure project regarding the education system,"Data verified by independent auditors shows, the Ministry of Finance approved a new infrastructure project concerning the education system earlier today. Officials stated that further details will be released next week. Authorities emphasized that the implementation will be gradual. Officials noted that the process will continue to be monitored closely over the coming weeks, with further updates expected to follow standard procedure. The matter has been documented and is available through official channels.",politicsNews,real
The department of health announced a new policy regarding the economy,"The official spokesperson said, the Department of Health announced a new policy concerning the economy earlier today. Stakeholders welcomed the move, citing its long-term benefits. A follow-up briefing is expected to be held later this month. Officials noted that the process will continue to be monitored closely over the coming weeks, with further updates expected to follow standard procedure. The matter has been documented and is available through official channels.",politicsNews,real
Researchers at a leading university concluded an investigation into the matter regarding a political scandal,"The report, published on the official website, stated, researchers at a leading university concluded an investigation into the matter concerning a political scandal earlier today. The announcement comes after a series of consultations with industry leaders. A follow-up briefing is expected to be held later this month. Officials noted that the process will continue to be monitored closely over the coming weeks, with further updates expected to follow standard procedure. The matter has been documented and is available through official channels.",politicsNews,real
The central bank published updated guidelines regarding a new technology,"In a statement released on tuesday, the central bank published updated guidelines concerning a new technology earlier today. Stakeholders welcomed the move, citing its long-term benefits. The figures were cross-checked against previous quarterly data. Officials noted that the process will continue to be monitored closely over the coming weeks, with further updates expected to follow standard procedure. The matter has been documented and is available through official channels.",politicsNews,real
Researchers at a leading university concluded an investigation into the matter regarding climate change,"Sources within the department confirmed, researchers at a leading university concluded an investigation into the matter concerning climate change earlier today. A follow-up briefing is expected to be held later this month. Officials stated that further details will be released next week. Officials noted that the process will continue to be monitored closely over the coming weeks, with further updates expected to follow standard procedure. The matter has been documented and is available through official channels.",politicsNews,real
The election commission announced a new policy regarding a natural disaster,"Citing official records, the Election Commission announced a new policy concerning a natural disaster earlier today. A follow-up briefing is expected to be held later this month. Authorities emphasized that the implementation will be gradual. Officials noted that the process will continue to be monitored closely over the coming weeks, with further updates expected to follow standard procedure. The matter has been documented and is available through official channels.",politicsNews,real
The world health organization confirmed a revision in interest rates regarding the housing market,"In a statement released on tuesday, the World Health Organization confirmed a revision in interest rates concerning the housing market earlier today. Authorities emphasized that the implementation will be gradual. The decision follows months of deliberation among experts. Officials noted that the process will continue to be monitored closely over the coming weeks, with further updates expected to follow standard procedure. The matter has been documented and is available through official channels.",politicsNews,real
Local authorities confirmed a revision in interest rates regarding a popular celebrity,"The official spokesperson said, local authorities confirmed a revision in interest rates concerning a popular celebrity earlier today. Stakeholders welcomed the move, citing its long-term benefits. The figures were cross-checked against previous quarterly data. Officials noted that the process will continue to be monitored closely over the coming weeks, with further updates expected to follow standard procedure. The matter has been documented and is available through official channels.",politicsNews,real
The ministry of finance issued an official statement regarding a natural disaster,"According to officials, the Ministry of Finance issued an official statement concerning a natural disaster earlier today. Stakeholders welcomed the move, citing its long-term benefits. Officials stated that further details will be released next week. Officials noted that the process will continue to be monitored closely over the coming weeks, with further updates expected to follow standard procedure. The matter has been documented and is available through official channels.",politicsNews,real
The united nations released its quarterly report regarding a popular celebrity,"Sources within the department confirmed, the United Nations released its quarterly report concerning a popular celebrity earlier today. Stakeholders welcomed the move, citing its long-term benefits. The figures were cross-checked against previous quarterly data. Officials noted that the process will continue to be monitored closely over the coming weeks, with further updates expected to follow standard procedure. The matter has been documented and is available through official channels.",politicsNews,real
The united nations held a press conference regarding the stock market,"The official spokesperson said, the United Nations held a press conference concerning the stock market earlier today. The announcement comes after a series of consultations with industry leaders. The announcement comes after a series of consultations with industry leaders. Officials noted that the process will continue to be monitored closely over the coming weeks, with further updates expected to follow standard procedure. The matter has been documented and is available through official channels.",politicsNews,real
Researchers at a leading university scheduled a meeting with stakeholders regarding climate change,"The official spokesperson said, researchers at a leading university scheduled a meeting with stakeholders concerning climate change earlier today. Authorities emphasized that the implementation will be gradual. Officials stated that further details will be released next week. Officials noted that the process will continue to be monitored closely over the coming weeks, with further updates expected to follow standard procedure. The matter has been documented and is available through official channels.",politicsNews,real
The reserve bank issued an official statement regarding a major sports event,"Citing official records, the Reserve Bank issued an official statement concerning a major sports event earlier today. Authorities emphasized that the implementation will be gradual. The decision follows months of deliberation among experts. Officials noted that the process will continue to be monitored closely over the coming weeks, with further updates expected to follow standard procedure. The matter has been documented and is available through official channels.",politicsNews,real
The department of health concluded an investigation into the matter regarding a new technology,"According to officials, the Department of Health concluded an investigation into the matter concerning a new technology earlier today. Stakeholders welcomed the move, citing its long-term benefits. A follow-up briefing is expected to be held later this month. Officials noted that the process will continue to be monitored closely over the coming weeks, with further updates expected to follow standard procedure. The matter has been documented and is available through official channels.",politicsNews,real
Nasa presented the annual budget regarding a political scandal,"As reported by multiple news agencies, NASA presented the annual budget concerning a political scandal earlier today. The report has been reviewed by independent analysts. Officials stated that further details will be released next week. Officials noted that the process will continue to be monitored closely over the coming weeks, with further updates expected to follow standard procedure. The matter has been documented and is available through official channels.",politicsNews,real
Nasa approved a new infrastructure project regarding a popular celebrity,"Citing official records, NASA approved a new infrastructure project concerning a popular celebrity earlier today. Authorities emphasized that the implementation will be gradual. A follow-up briefing is expected to be held later this month. Officials noted that the process will continue to be monitored closely over the coming weeks, with further updates expected to follow standard procedure. The matter has been documented and is available through official channels.",politicsNews,real
The ministry of finance approved a new infrastructure project regarding climate change,"According to officials, the Ministry of Finance approved a new infrastructure project concerning climate change earlier today. The figures were cross-checked against previous quarterly data. Stakeholders welcomed the move, citing its long-term benefits. Officials noted that the process will continue to be monitored closely over the coming weeks, with further updates expected to follow standard procedure. The matter has been documented and is available through official channels.",politicsNews,real
The european central bank scheduled a meeting with stakeholders regarding the stock market,"In a statement released on tuesday, the European Central Bank scheduled a meeting with stakeholders concerning the stock market earlier today. Stakeholders welcomed the move, citing its long-term benefits. Officials stated that further details will be released next week. Officials noted that the process will continue to be monitored closely over the coming weeks, with further updates expected to follow standard procedure. The matter has been documented and is available through official channels.",politicsNews,real
The election commission issued an official statement regarding a global pandemic,"The report, published on the official website, stated, the Election Commission issued an official statement concerning a global pandemic earlier today. Authorities emphasized that the implementation will be gradual. The figures were cross-checked against previous quarterly data. Officials noted that the process will continue to be monitored closely over the coming weeks, with further updates expected to follow standard procedure. The matter has been documented and is available through official channels.",politicsNews,real
The european central bank presented the annual budget regarding a tech company's new product,"The report, published on the official website, stated, the European Central Bank presented the annual budget concerning a tech company's new product earlier today. Officials stated that further details will be released next week. The figures were cross-checked against previous quarterly data. Officials noted that the process will continue to be monitored closely over the coming weeks, with further updates expected to follow standard procedure. The matter has been documented and is available through official channels.",politicsNews,real
The department of health issued an official statement regarding a new technology,"As reported by multiple news agencies, the Department of Health issued an official statement concerning a new technology earlier today. The report has been reviewed by independent analysts. The announcement comes after a series of consultations with industry leaders. Officials noted that the process will continue to be monitored closely over the coming weeks, with further updates expected to follow standard procedure. The matter has been documented and is available through official channels.",politicsNews,real
The ministry of finance released findings from a peer-reviewed study regarding the economy,"Data verified by independent auditors shows, the Ministry of Finance released findings from a peer-reviewed study concerning the economy earlier today. A follow-up briefing is expected to be held later this month. The decision follows months of deliberation among experts. Officials noted that the process will continue to be monitored closely over the coming weeks, with further updates expected to follow standard procedure. The matter has been documented and is available through official channels.",politicsNews,real
The reserve bank confirmed a revision in interest rates regarding a natural disaster,"The report, published on the official website, stated, the Reserve Bank confirmed a revision in interest rates concerning a natural disaster earlier today. The decision follows months of deliberation among experts. The decision follows months of deliberation among experts. Officials noted that the process will continue to be monitored closely over the coming weeks, with further updates expected to follow standard procedure. The matter has been documented and is available through official channels.",politicsNews,real
The ministry of finance scheduled a meeting with stakeholders regarding climate change,"Data verified by independent auditors shows, the Ministry of Finance scheduled a meeting with stakeholders concerning climate change earlier today. Stakeholders welcomed the move, citing its long-term benefits. The figures were cross-checked against previous quarterly data. Officials noted that the process will continue to be monitored closely over the coming weeks, with further updates expected to follow standard procedure. The matter has been documented and is available through official channels.",politicsNews,real
The central bank published updated guidelines regarding a political scandal,"The official spokesperson said, the central bank published updated guidelines concerning a political scandal earlier today. The figures were cross-checked against previous quarterly data. The figures were cross-checked against previous quarterly data. Officials noted that the process will continue to be monitored closely over the coming weeks, with further updates expected to follow standard procedure. The matter has been documented and is available through official channels.",politicsNews,real
The world health organization concluded an investigation into the matter regarding a natural disaster,"In a statement released on tuesday, the World Health Organization concluded an investigation into the matter concerning a natural disaster earlier today. Authorities emphasized that the implementation will be gradual. The report has been reviewed by independent analysts. Officials noted that the process will continue to be monitored closely over the coming weeks, with further updates expected to follow standard procedure. The matter has been documented and is available through official channels.",politicsNews,real
The election commission approved a new infrastructure project regarding a popular celebrity,"Sources within the department confirmed, the Election Commission approved a new infrastructure project concerning a popular celebrity earlier today. A follow-up briefing is expected to be held later this month. The report has been reviewed by independent analysts. Officials noted that the process will continue to be monitored closely over the coming weeks, with further updates expected to follow standard procedure. The matter has been documented and is available through official channels.",politicsNews,real
Nasa issued an official statement regarding a new technology,"The report, published on the official website, stated, NASA issued an official statement concerning a new technology earlier today. Authorities emphasized that the implementation will be gradual. The figures were cross-checked against previous quarterly data. Officials noted that the process will continue to be monitored closely over the coming weeks, with further updates expected to follow standard procedure. The matter has been documented and is available through official channels.",politicsNews,real
The city council confirmed a revision in interest rates regarding a political scandal,"Sources within the department confirmed, the city council confirmed a revision in interest rates concerning a political scandal earlier today. The report has been reviewed by independent analysts. The announcement comes after a series of consultations with industry leaders. Officials noted that the process will continue to be monitored closely over the coming weeks, with further updates expected to follow standard procedure. The matter has been documented and is available through official channels.",politicsNews,real
The city council confirmed a revision in interest rates regarding a major sports event,"As reported by multiple news agencies, the city council confirmed a revision in interest rates concerning a major sports event earlier today. The decision follows months of deliberation among experts. A follow-up briefing is expected to be held later this month. Officials noted that the process will continue to be monitored closely over the coming weeks, with further updates expected to follow standard procedure. The matter has been documented and is available through official channels.",politicsNews,real
The reserve bank approved a new infrastructure project regarding the stock market,"Sources within the department confirmed, the Reserve Bank approved a new infrastructure project concerning the stock market earlier today. Officials stated that further details will be released next week. The announcement comes after a series of consultations with industry leaders. Officials noted that the process will continue to be monitored closely over the coming weeks, with further updates expected to follow standard procedure. The matter has been documented and is available through official channels.",politicsNews,real
Local authorities concluded an investigation into the matter regarding the education system,"According to officials, local authorities concluded an investigation into the matter concerning the education system earlier today. Stakeholders welcomed the move, citing its long-term benefits. The report has been reviewed by independent analysts. Officials noted that the process will continue to be monitored closely over the coming weeks, with further updates expected to follow standard procedure. The matter has been documented and is available through official channels.",politicsNews,real
The election commission issued an official statement regarding the education system,"Data verified by independent auditors shows, the Election Commission issued an official statement concerning the education system earlier today. The decision follows months of deliberation among experts. A follow-up briefing is expected to be held later this month. Officials noted that the process will continue to be monitored closely over the coming weeks, with further updates expected to follow standard procedure. The matter has been documented and is available through official channels.",politicsNews,real
The world health organization concluded an investigation into the matter regarding the housing market,"Sources within the department confirmed, the World Health Organization concluded an investigation into the matter concerning the housing market earlier today. Officials stated that further details will be released next week. Stakeholders welcomed the move, citing its long-term benefits. Officials noted that the process will continue to be monitored closely over the coming weeks, with further updates expected to follow standard procedure. The matter has been documented and is available through official channels.",politicsNews,real
The reserve bank released its quarterly report regarding a major sports event,"Data verified by independent auditors shows, the Reserve Bank released its quarterly report concerning a major sports event earlier today. A follow-up briefing is expected to be held later this month. The report has been reviewed by independent analysts. Officials noted that the process will continue to be monitored closely over the coming weeks, with further updates expected to follow standard procedure. The matter has been documented and is available through official channels.",politicsNews,real
The prime minister's office held a press conference regarding climate change,"According to officials, the Prime Minister's Office held a press conference concerning climate change earlier today. The report has been reviewed by independent analysts. Stakeholders welcomed the move, citing its long-term benefits. Officials noted that the process will continue to be monitored closely over the coming weeks, with further updates expected to follow standard procedure. The matter has been documented and is available through official channels.",politicsNews,real
The election commission issued an official statement regarding a viral health trend,"Sources within the department confirmed, the Election Commission issued an official statement concerning a viral health trend earlier today. A follow-up briefing is expected to be held later this month. Authorities emphasized that the implementation will be gradual. Officials noted that the process will continue to be monitored closely over the coming weeks, with further updates expected to follow standard procedure. The matter has been documented and is available through official channels.",politicsNews,real
The prime minister's office confirmed a revision in interest rates regarding the economy,"As reported by multiple news agencies, the Prime Minister's Office confirmed a revision in interest rates concerning the economy earlier today. The announcement comes after a series of consultations with industry leaders. A follow-up briefing is expected to be held later this month. Officials noted that the process will continue to be monitored closely over the coming weeks, with further updates expected to follow standard procedure. The matter has been documented and is available through official channels.",politicsNews,real
The state government issued an official statement regarding the economy,"Citing official records, the state government issued an official statement concerning the economy earlier today. Authorities emphasized that the implementation will be gradual. The report has been reviewed by independent analysts. Officials noted that the process will continue to be monitored closely over the coming weeks, with further updates expected to follow standard procedure. The matter has been documented and is available through official channels.",politicsNews,real
The supreme court presented the annual budget regarding the stock market,"The official spokesperson said, the Supreme Court presented the annual budget concerning the stock market earlier today. The figures were cross-checked against previous quarterly data. Officials stated that further details will be released next week. Officials noted that the process will continue to be monitored closely over the coming weeks, with further updates expected to follow standard procedure. The matter has been documented and is available through official channels.",politicsNews,real
Local authorities released findings from a peer-reviewed study regarding a popular celebrity,"As reported by multiple news agencies, local authorities released findings from a peer-reviewed study concerning a popular celebrity earlier today. The announcement comes after a series of consultations with industry leaders. The figures were cross-checked against previous quarterly data. Officials noted that the process will continue to be monitored closely over the coming weeks, with further updates expected to follow standard procedure. The matter has been documented and is available through official channels.",politicsNews,real
The european central bank scheduled a meeting with stakeholders regarding climate change,"Data verified by independent auditors shows, the European Central Bank scheduled a meeting with stakeholders concerning climate change earlier today. Authorities emphasized that the implementation will be gradual. Authorities emphasized that the implementation will be gradual. Officials noted that the process will continue to be monitored closely over the coming weeks, with further updates expected to follow standard procedure. The matter has been documented and is available through official channels.",politicsNews,real
Researchers at a leading university scheduled a meeting with stakeholders regarding the upcoming election,"As reported by multiple news agencies, researchers at a leading university scheduled a meeting with stakeholders concerning the upcoming election earlier today. Officials stated that further details will be released next week. Officials stated that further details will be released next week. Officials noted that the process will continue to be monitored closely over the coming weeks, with further updates expected to follow standard procedure. The matter has been documented and is available through official channels.",politicsNews,real
The ministry of finance held a press conference regarding a political scandal,"In a statement released on tuesday, the Ministry of Finance held a press conference concerning a political scandal earlier today. The figures were cross-checked against previous quarterly data. Officials stated that further details will be released next week. Officials noted that the process will continue to be monitored closely over the coming weeks, with further updates expected to follow standard procedure. The matter has been documented and is available through official channels.",politicsNews,real
The department of health released findings from a peer-reviewed study regarding a viral health trend,"The report, published on the official website, stated, the Department of Health released findings from a peer-reviewed study concerning a viral health trend earlier today. The decision follows months of deliberation among experts. The report has been reviewed by independent analysts. Officials noted that the process will continue to be monitored closely over the coming weeks, with further updates expected to follow standard procedure. The matter has been documented and is available through official channels.",politicsNews,real
The united nations approved a new infrastructure project regarding a new technology,"Citing official records, the United Nations approved a new infrastructure project concerning a new technology earlier today. The announcement comes after a series of consultations with industry leaders. Stakeholders welcomed the move, citing its long-term benefits. Officials noted that the process will continue to be monitored closely over the coming weeks, with further updates expected to follow standard procedure. The matter has been documented and is available through official channels.",politicsNews,real
The european central bank announced a new policy regarding the upcoming election,"Sources within the department confirmed, the European Central Bank announced a new policy concerning the upcoming election earlier today. The decision follows months of deliberation among experts. The report has been reviewed by independent analysts. Officials noted that the process will continue to be monitored closely over the coming weeks, with further updates expected to follow standard procedure. The matter has been documented and is available through official channels.",politicsNews,real
The world health organization issued an official statement regarding the upcoming election,"Citing official records, the World Health Organization issued an official statement concerning the upcoming election earlier today. Stakeholders welcomed the move, citing its long-term benefits. A follow-up briefing is expected to be held later this month. Officials noted that the process will continue to be monitored closely over the coming weeks, with further updates expected to follow standard procedure. The matter has been documented and is available through official channels.",politicsNews,real
The department of health confirmed a revision in interest rates regarding a tech company's new product,"In a statement released on tuesday, the Department of Health confirmed a revision in interest rates concerning a tech company's new product earlier today. Officials stated that further details will be released next week. Officials stated that further details will be released next week. Officials noted that the process will continue to be monitored closely over the coming weeks, with further updates expected to follow standard procedure. The matter has been documented and is available through official channels.",politicsNews,real
The united nations announced a new policy regarding the economy,"The report, published on the official website, stated, the United Nations announced a new policy concerning the economy earlier today. Stakeholders welcomed the move, citing its long-term benefits. The announcement comes after a series of consultations with industry leaders. Officials noted that the process will continue to be monitored closely over the coming weeks, with further updates expected to follow standard procedure. The matter has been documented and is available through official channels.",politicsNews,real
The ministry of finance presented the annual budget regarding a tech company's new product,"The official spokesperson said, the Ministry of Finance presented the annual budget concerning a tech company's new product earlier today. The announcement comes after a series of consultations with industry leaders. The figures were cross-checked against previous quarterly data. Officials noted that the process will continue to be monitored closely over the coming weeks, with further updates expected to follow standard procedure. The matter has been documented and is available through official channels.",politicsNews,real
The state government announced a new policy regarding the stock market,"According to officials, the state government announced a new policy concerning the stock market earlier today. The figures were cross-checked against previous quarterly data. The announcement comes after a series of consultations with industry leaders. Officials noted that the process will continue to be monitored closely over the coming weeks, with further updates expected to follow standard procedure. The matter has been documented and is available through official channels.",politicsNews,real
The central bank released findings from a peer-reviewed study regarding the upcoming election,"According to officials, the central bank released findings from a peer-reviewed study concerning the upcoming election earlier today. A follow-up briefing is expected to be held later this month. Officials stated that further details will be released next week. Officials noted that the process will continue to be monitored closely over the coming weeks, with further updates expected to follow standard procedure. The matter has been documented and is available through official channels.",politicsNews,real
The european central bank scheduled a meeting with stakeholders regarding a global pandemic,"Sources within the department confirmed, the European Central Bank scheduled a meeting with stakeholders concerning a global pandemic earlier today. A follow-up briefing is expected to be held later this month. The report has been reviewed by independent analysts. Officials noted that the process will continue to be monitored closely over the coming weeks, with further updates expected to follow standard procedure. The matter has been documented and is available through official channels.",politicsNews,real
Nasa signed an agreement with neighboring countries regarding a major sports event,"The report, published on the official website, stated, NASA signed an agreement with neighboring countries concerning a major sports event earlier today. A follow-up briefing is expected to be held later this month. The announcement comes after a series of consultations with industry leaders. Officials noted that the process will continue to be monitored closely over the coming weeks, with further updates expected to follow standard procedure. The matter has been documented and is available through official channels.",politicsNews,real
The city council released findings from a peer-reviewed study regarding the housing market,"The official spokesperson said, the city council released findings from a peer-reviewed study concerning the housing market earlier today. The figures were cross-checked against previous quarterly data. The decision follows months of deliberation among experts. Officials noted that the process will continue to be monitored closely over the coming weeks, with further updates expected to follow standard procedure. The matter has been documented and is available through official channels.",politicsNews,real
The prime minister's office scheduled a meeting with stakeholders regarding the housing market,"In a statement released on tuesday, the Prime Minister's Office scheduled a meeting with stakeholders concerning the housing market earlier today. The report has been reviewed by independent analysts. Officials stated that further details will be released next week. Officials noted that the process will continue to be monitored closely over the coming weeks, with further updates expected to follow standard procedure. The matter has been documented and is available through official channels.",politicsNews,real
The prime minister's office announced a new policy regarding the upcoming election,"The official spokesperson said, the Prime Minister's Office announced a new policy concerning the upcoming election earlier today. Officials stated that further details will be released next week. The decision follows months of deliberation among experts. Officials noted that the process will continue to be monitored closely over the coming weeks, with further updates expected to follow standard procedure. The matter has been documented and is available through official channels.",politicsNews,real
Researchers at a leading university announced a new policy regarding the economy,"Sources within the department confirmed, researchers at a leading university announced a new policy concerning the economy earlier today. The report has been reviewed by independent analysts. A follow-up briefing is expected to be held later this month. Officials noted that the process will continue to be monitored closely over the coming weeks, with further updates expected to follow standard procedure. The matter has been documented and is available through official channels.",politicsNews,real
The election commission held a press conference regarding a new technology,"In a statement released on tuesday, the Election Commission held a press conference concerning a new technology earlier today. Officials stated that further details will be released next week. Officials stated that further details will be released next week. Officials noted that the process will continue to be monitored closely over the coming weeks, with further updates expected to follow standard procedure. The matter has been documented and is available through official channels.",politicsNews,real
The department of health scheduled a meeting with stakeholders regarding the stock market,"Data verified by independent auditors shows, the Department of Health scheduled a meeting with stakeholders concerning the stock market earlier today. The announcement comes after a series of consultations with industry leaders. Stakeholders welcomed the move, citing its long-term benefits. Officials noted that the process will continue to be monitored closely over the coming weeks, with further updates expected to follow standard procedure. The matter has been documented and is available through official channels.",politicsNews,real
The supreme court confirmed a revision in interest rates regarding a popular celebrity,"Citing official records, the Supreme Court confirmed a revision in interest rates concerning a popular celebrity earlier today. Officials stated that further details will be released next week. Stakeholders welcomed the move, citing its long-term benefits. Officials noted that the process will continue to be monitored closely over the coming weeks, with further updates expected to follow standard procedure. The matter has been documented and is available through official channels.",politicsNews,real
The supreme court scheduled a meeting with stakeholders regarding the economy,"As reported by multiple news agencies, the Supreme Court scheduled a meeting with stakeholders concerning the economy earlier today. Stakeholders welcomed the move, citing its long-term benefits. A follow-up briefing is expected to be held later this month. Officials noted that the process will continue to be monitored closely over the coming weeks, with further updates expected to follow standard procedure. The matter has been documented and is available through official channels.",politicsNews,real
The election commission approved a new infrastructure project regarding a popular celebrity,"In a statement released on tuesday, the Election Commission approved a new infrastructure project concerning a popular celebrity earlier today. Officials stated that further details will be released next week. The decision follows months of deliberation among experts. Officials noted that the process will continue to be monitored closely over the coming weeks, with further updates expected to follow standard procedure. The matter has been documented and is available through official channels.",politicsNews,real
The prime minister's office launched a public health initiative regarding the upcoming election,"According to officials, the Prime Minister's Office launched a public health initiative concerning the upcoming election earlier today. Stakeholders welcomed the move, citing its long-term benefits. The figures were cross-checked against previous quarterly data. Officials noted that the process will continue to be monitored closely over the coming weeks, with further updates expected to follow standard procedure. The matter has been documented and is available through official channels.",politicsNews,real
The reserve bank presented the annual budget regarding a global pandemic,"The report, published on the official website, stated, the Reserve Bank presented the annual budget concerning a global pandemic earlier today. The decision follows months of deliberation among experts. Authorities emphasized that the implementation will be gradual. Officials noted that the process will continue to be monitored closely over the coming weeks, with further updates expected to follow standard procedure. The matter has been documented and is available through official channels.",politicsNews,real
Local authorities concluded an investigation into the matter regarding a tech company's new product,"In a statement released on tuesday, local authorities concluded an investigation into the matter concerning a tech company's new product earlier today. The figures were cross-checked against previous quarterly data. The decision follows months of deliberation among experts. Officials noted that the process will continue to be monitored closely over the coming weeks, with further updates expected to follow standard procedure. The matter has been documented and is available through official channels.",politicsNews,real
The prime minister's office concluded an investigation into the matter regarding climate change,"Data verified by independent auditors shows, the Prime Minister's Office concluded an investigation into the matter concerning climate change earlier today. The figures were cross-checked against previous quarterly data. A follow-up briefing is expected to be held later this month. Officials noted that the process will continue to be monitored closely over the coming weeks, with further updates expected to follow standard procedure. The matter has been documented and is available through official channels.",politicsNews,real
The city council issued an official statement regarding the new vaccine,"Data verified by independent auditors shows, the city council issued an official statement concerning the new vaccine earlier today. Stakeholders welcomed the move, citing its long-term benefits. The announcement comes after a series of consultations with industry leaders. Officials noted that the process will continue to be monitored closely over the coming weeks, with further updates expected to follow standard procedure. The matter has been documented and is available through official channels.",politicsNews,real
The election commission issued an official statement regarding a political scandal,"Data verified by independent auditors shows, the Election Commission issued an official statement concerning a political scandal earlier today. The decision follows months of deliberation among experts. Officials stated that further details will be released next week. Officials noted that the process will continue to be monitored closely over the coming weeks, with further updates expected to follow standard procedure. The matter has been documented and is available through official channels.",politicsNews,real
The department of health launched a public health initiative regarding a new technology,"According to officials, the Department of Health launched a public health initiative concerning a new technology earlier today. The decision follows months of deliberation among experts. A follow-up briefing is expected to be held later this month. Officials noted that the process will continue to be monitored closely over the coming weeks, with further updates expected to follow standard procedure. The matter has been documented and is available through official channels.",politicsNews,real
The reserve bank concluded an investigation into the matter regarding a popular celebrity,"Sources within the department confirmed, the Reserve Bank concluded an investigation into the matter concerning a popular celebrity earlier today. Authorities emphasized that the implementation will be gradual. Officials stated that further details will be released next week. Officials noted that the process will continue to be monitored closely over the coming weeks, with further updates expected to follow standard procedure. The matter has been documented and is available through official channels.",politicsNews,real
Researchers at a leading university launched a public health initiative regarding the upcoming election,"As reported by multiple news agencies, researchers at a leading university launched a public health initiative concerning the upcoming election earlier today. The report has been reviewed by independent analysts. The report has been reviewed by independent analysts. Officials noted that the process will continue to be monitored closely over the coming weeks, with further updates expected to follow standard procedure. The matter has been documented and is available through official channels.",politicsNews,real
The world health organization issued an official statement regarding a viral health trend,"Citing official records, the World Health Organization issued an official statement concerning a viral health trend earlier today. Authorities emphasized that the implementation will be gradual. The decision follows months of deliberation among experts. Officials noted that the process will continue to be monitored closely over the coming weeks, with further updates expected to follow standard procedure. The matter has been documented and is available through official channels.",politicsNews,real
The reserve bank issued an official statement regarding the housing market,"The report, published on the official website, stated, the Reserve Bank issued an official statement concerning the housing market earlier today. The decision follows months of deliberation among experts. Stakeholders welcomed the move, citing its long-term benefits. Officials noted that the process will continue to be monitored closely over the coming weeks, with further updates expected to follow standard procedure. The matter has been documented and is available through official channels.",politicsNews,real
Nasa released its quarterly report regarding the upcoming election,"The official spokesperson said, NASA released its quarterly report concerning the upcoming election earlier today. Authorities emphasized that the implementation will be gradual. Authorities emphasized that the implementation will be gradual. Officials noted that the process will continue to be monitored closely over the coming weeks, with further updates expected to follow standard procedure. The matter has been documented and is available through official channels.",politicsNews,real
The world health organization announced a new policy regarding a viral health trend,"The report, published on the official website, stated, the World Health Organization announced a new policy concerning a viral health trend earlier today. Authorities emphasized that the implementation will be gradual. Authorities emphasized that the implementation will be gradual. Officials noted that the process will continue to be monitored closely over the coming weeks, with further updates expected to follow standard procedure. The matter has been documented and is available through official channels.",politicsNews,real
The world health organization published updated guidelines regarding a popular celebrity,"According to officials, the World Health Organization published updated guidelines concerning a popular celebrity earlier today. The report has been reviewed by independent analysts. The decision follows months of deliberation among experts. Officials noted that the process will continue to be monitored closely over the coming weeks, with further updates expected to follow standard procedure. The matter has been documented and is available through official channels.",politicsNews,real
The united nations confirmed a revision in interest rates regarding a natural disaster,"According to officials, the United Nations confirmed a revision in interest rates concerning a natural disaster earlier today. The report has been reviewed by independent analysts. The figures were cross-checked against previous quarterly data. Officials noted that the process will continue to be monitored closely over the coming weeks, with further updates expected to follow standard procedure. The matter has been documented and is available through official channels.",politicsNews,real
Nasa scheduled a meeting with stakeholders regarding a tech company's new product,"Sources within the department confirmed, NASA scheduled a meeting with stakeholders concerning a tech company's new product earlier today. The decision follows months of deliberation among experts. A follow-up briefing is expected to be held later this month. Officials noted that the process will continue to be monitored closely over the coming weeks, with further updates expected to follow standard procedure. The matter has been documented and is available through official channels.",politicsNews,real
Researchers at a leading university concluded an investigation into the matter regarding a global pandemic,"Data verified by independent auditors shows, researchers at a leading university concluded an investigation into the matter concerning a global pandemic earlier today. Stakeholders welcomed the move, citing its long-term benefits. Authorities emphasized that the implementation will be gradual. Officials noted that the process will continue to be monitored closely over the coming weeks, with further updates expected to follow standard procedure. The matter has been documented and is available through official channels.",politicsNews,real
Local authorities signed an agreement with neighboring countries regarding the education system,"Citing official records, local authorities signed an agreement with neighboring countries concerning the education system earlier today. The figures were cross-checked against previous quarterly data. Authorities emphasized that the implementation will be gradual. Officials noted that the process will continue to be monitored closely over the coming weeks, with further updates expected to follow standard procedure. The matter has been documented and is available through official channels.",politicsNews,real
The european central bank signed an agreement with neighboring countries regarding a political scandal,"Citing official records, the European Central Bank signed an agreement with neighboring countries concerning a political scandal earlier today. The figures were cross-checked against previous quarterly data. Stakeholders welcomed the move, citing its long-term benefits. Officials noted that the process will continue to be monitored closely over the coming weeks, with further updates expected to follow standard procedure. The matter has been documented and is available through official channels.",politicsNews,real
The european central bank approved a new infrastructure project regarding the stock market,"Data verified by independent auditors shows, the European Central Bank approved a new infrastructure project concerning the stock market earlier today. Authorities emphasized that the implementation will be gradual. Officials stated that further details will be released next week. Officials noted that the process will continue to be monitored closely over the coming weeks, with further updates expected to follow standard procedure. The matter has been documented and is available through official channels.",politicsNews,real
The state government released findings from a peer-reviewed study regarding a global pandemic,"The official spokesperson said, the state government released findings from a peer-reviewed study concerning a global pandemic earlier today. The report has been reviewed by independent analysts. A follow-up briefing is expected to be held later this month. Officials noted that the process will continue to be monitored closely over the coming weeks, with further updates expected to follow standard procedure. The matter has been documented and is available through official channels.",politicsNews,real
Local authorities released its quarterly report regarding a tech company's new product,"As reported by multiple news agencies, local authorities released its quarterly report concerning a tech company's new product earlier today. The decision follows months of deliberation among experts. The figures were cross-checked against previous quarterly data. Officials noted that the process will continue to be monitored closely over the coming weeks, with further updates expected to follow standard procedure. The matter has been documented and is available through official channels.",politicsNews,real
The central bank confirmed a revision in interest rates regarding climate change,"The report, published on the official website, stated, the central bank confirmed a revision in interest rates concerning climate change earlier today. The figures were cross-checked against previous quarterly data. Stakeholders welcomed the move, citing its long-term benefits. Officials noted that the process will continue to be monitored closely over the coming weeks, with further updates expected to follow standard procedure. The matter has been documented and is available through official channels.",politicsNews,real
Local authorities announced a new policy regarding the education system,"Sources within the department confirmed, local authorities announced a new policy concerning the education system earlier today. Authorities emphasized that the implementation will be gradual. A follow-up briefing is expected to be held later this month. Officials noted that the process will continue to be monitored closely over the coming weeks, with further updates expected to follow standard procedure. The matter has been documented and is available through official channels.",politicsNews,real
The city council launched a public health initiative regarding the education system,"As reported by multiple news agencies, the city council launched a public health initiative concerning the education system earlier today. The report has been reviewed by independent analysts. Officials stated that further details will be released next week. Officials noted that the process will continue to be monitored closely over the coming weeks, with further updates expected to follow standard procedure. The matter has been documented and is available through official channels.",politicsNews,real
The supreme court launched a public health initiative regarding the housing market,"As reported by multiple news agencies, the Supreme Court launched a public health initiative concerning the housing market earlier today. The announcement comes after a series of consultations with industry leaders. Officials stated that further details will be released next week. Officials noted that the process will continue to be monitored closely over the coming weeks, with further updates expected to follow standard procedure. The matter has been documented and is available through official channels.",politicsNews,real
The election commission published updated guidelines regarding the stock market,"In a statement released on tuesday, the Election Commission published updated guidelines concerning the stock market earlier today. The report has been reviewed by independent analysts. The report has been reviewed by independent analysts. Officials noted that the process will continue to be monitored closely over the coming weeks, with further updates expected to follow standard procedure. The matter has been documented and is available through official channels.",politicsNews,real
The ministry of finance published updated guidelines regarding climate change,"Data verified by independent auditors shows, the Ministry of Finance published updated guidelines concerning climate change earlier today. Officials stated that further details will be released next week. The announcement comes after a series of consultations with industry leaders. Officials noted that the process will continue to be monitored closely over the coming weeks, with further updates expected to follow standard procedure. The matter has been documented and is available through official channels.",politicsNews,real
The central bank approved a new infrastructure project regarding a global pandemic,"Sources within the department confirmed, the central bank approved a new infrastructure project concerning a global pandemic earlier today. Stakeholders welcomed the move, citing its long-term benefits. The announcement comes after a series of consultations with industry leaders. Officials noted that the process will continue to be monitored closely over the coming weeks, with further updates expected to follow standard procedure. The matter has been documented and is available through official channels.",politicsNews,real
The european central bank announced a new policy regarding the economy,"The official spokesperson said, the European Central Bank announced a new policy concerning the economy earlier today. A follow-up briefing is expected to be held later this month. The decision follows months of deliberation among experts. Officials noted that the process will continue to be monitored closely over the coming weeks, with further updates expected to follow standard procedure. The matter has been documented and is available through official channels.",politicsNews,real
Nasa held a press conference regarding a popular celebrity,"Citing official records, NASA held a press conference concerning a popular celebrity earlier today. Officials stated that further details will be released next week. Officials stated that further details will be released next week. Officials noted that the process will continue to be monitored closely over the coming weeks, with further updates expected to follow standard procedure. The matter has been documented and is available through official channels.",politicsNews,real
The election commission scheduled a meeting with stakeholders regarding the stock market,"Sources within the department confirmed, the Election Commission scheduled a meeting with stakeholders concerning the stock market earlier today. Officials stated that further details will be released next week. Stakeholders welcomed the move, citing its long-term benefits. Officials noted that the process will continue to be monitored closely over the coming weeks, with further updates expected to follow standard procedure. The matter has been documented and is available through official channels.",politicsNews,real
The department of health issued an official statement regarding the education system,"Sources within the department confirmed, the Department of Health issued an official statement concerning the education system earlier today. Authorities emphasized that the implementation will be gradual. The decision follows months of deliberation among experts. Officials noted that the process will continue to be monitored closely over the coming weeks, with further updates expected to follow standard procedure. The matter has been documented and is available through official channels.",politicsNews,real
The united nations held a press conference regarding a tech company's new product,"In a statement released on tuesday, the United Nations held a press conference concerning a tech company's new product earlier today. Stakeholders welcomed the move, citing its long-term benefits. Stakeholders welcomed the move, citing its long-term benefits. Officials noted that the process will continue to be monitored closely over the coming weeks, with further updates expected to follow standard procedure. The matter has been documented and is available through official channels.",politicsNews,real
The election commission held a press conference regarding a natural disaster,"The official spokesperson said, the Election Commission held a press conference concerning a natural disaster earlier today. Officials stated that further details will be released next week. Stakeholders welcomed the move, citing its long-term benefits. Officials noted that the process will continue to be monitored closely over the coming weeks, with further updates expected to follow standard procedure. The matter has been documented and is available through official channels.",politicsNews,real
The reserve bank confirmed a revision in interest rates regarding a viral health trend,"Data verified by independent auditors shows, the Reserve Bank confirmed a revision in interest rates concerning a viral health trend earlier today. The figures were cross-checked against previous quarterly data. Stakeholders welcomed the move, citing its long-term benefits. Officials noted that the process will continue to be monitored closely over the coming weeks, with further updates expected to follow standard procedure. The matter has been documented and is available through official channels.",politicsNews,real
Researchers at a leading university signed an agreement with neighboring countries regarding a natural disaster,"Data verified by independent auditors shows, researchers at a leading university signed an agreement with neighboring countries concerning a natural disaster earlier today. A follow-up briefing is expected to be held later this month. A follow-up briefing is expected to be held later this month. Officials noted that the process will continue to be monitored closely over the coming weeks, with further updates expected to follow standard procedure. The matter has been documented and is available through official channels.",politicsNews,real
The election commission released its quarterly report regarding the new vaccine,"The official spokesperson said, the Election Commission released its quarterly report concerning the new vaccine earlier today. The announcement comes after a series of consultations with industry leaders. The figures were cross-checked against previous quarterly data. Officials noted that the process will continue to be monitored closely over the coming weeks, with further updates expected to follow standard procedure. The matter has been documented and is available through official channels.",politicsNews,real
The world health organization launched a public health initiative regarding a natural disaster,"The report, published on the official website, stated, the World Health Organization launched a public health initiative concerning a natural disaster earlier today. Officials stated that further details will be released next week. Authorities emphasized that the implementation will be gradual. Officials noted that the process will continue to be monitored closely over the coming weeks, with further updates expected to follow standard procedure. The matter has been documented and is available through official channels.",politicsNews,real
The european central bank confirmed a revision in interest rates regarding the economy,"The official spokesperson said, the European Central Bank confirmed a revision in interest rates concerning the economy earlier today. The announcement comes after a series of consultations with industry leaders. The announcement comes after a series of consultations with industry leaders. Officials noted that the process will continue to be monitored closely over the coming weeks, with further updates expected to follow standard procedure. The matter has been documented and is available through official channels.",politicsNews,real
The state government published updated guidelines regarding a major sports event,"In a statement released on tuesday, the state government published updated guidelines concerning a major sports event earlier today. A follow-up briefing is expected to be held later this month. The figures were cross-checked against previous quarterly data. Officials noted that the process will continue to be monitored closely over the coming weeks, with further updates expected to follow standard procedure. The matter has been documented and is available through official channels.",politicsNews,real
The supreme court issued an official statement regarding a popular celebrity,"According to officials, the Supreme Court issued an official statement concerning a popular celebrity earlier today. A follow-up briefing is expected to be held later this month. The figures were cross-checked against previous quarterly data. Officials noted that the process will continue to be monitored closely over the coming weeks, with further updates expected to follow standard procedure. The matter has been documented and is available through official channels.",politicsNews,real
The european central bank concluded an investigation into the matter regarding climate change,"The report, published on the official website, stated, the European Central Bank concluded an investigation into the matter concerning climate change earlier today. The decision follows months of deliberation among experts. The decision follows months of deliberation among experts. Officials noted that the process will continue to be monitored closely over the coming weeks, with further updates expected to follow standard procedure. The matter has been documented and is available through official channels.",politicsNews,real
The city council released findings from a peer-reviewed study regarding a natural disaster,"Sources within the department confirmed, the city council released findings from a peer-reviewed study concerning a natural disaster earlier today. The decision follows months of deliberation among experts. Stakeholders welcomed the move, citing its long-term benefits. Officials noted that the process will continue to be monitored closely over the coming weeks, with further updates expected to follow standard procedure. The matter has been documented and is available through official channels.",politicsNews,real
The election commission released findings from a peer-reviewed study regarding a global pandemic,"As reported by multiple news agencies, the Election Commission released findings from a peer-reviewed study concerning a global pandemic earlier today. Authorities emphasized that the implementation will be gradual. Authorities emphasized that the implementation will be gradual. Officials noted that the process will continue to be monitored closely over the coming weeks, with further updates expected to follow standard procedure. The matter has been documented and is available through official channels.",politicsNews,real
The city council presented the annual budget regarding the housing market,"Sources within the department confirmed, the city council presented the annual budget concerning the housing market earlier today. The figures were cross-checked against previous quarterly data. A follow-up briefing is expected to be held later this month. Officials noted that the process will continue to be monitored closely over the coming weeks, with further updates expected to follow standard procedure. The matter has been documented and is available through official channels.",politicsNews,real
The state government released findings from a peer-reviewed study regarding the economy,"The official spokesperson said, the state government released findings from a peer-reviewed study concerning the economy earlier today. The announcement comes after a series of consultations with industry leaders. Officials stated that further details will be released next week. Officials noted that the process will continue to be monitored closely over the coming weeks, with further updates expected to follow standard procedure. The matter has been documented and is available through official channels.",politicsNews,real
The ministry of finance released its quarterly report regarding the economy,"In a statement released on tuesday, the Ministry of Finance released its quarterly report concerning the economy earlier today. The decision follows months of deliberation among experts. The report has been reviewed by independent analysts. Officials noted that the process will continue to be monitored closely over the coming weeks, with further updates expected to follow standard procedure. The matter has been documented and is available through official channels.",politicsNews,real
The prime minister's office presented the annual budget regarding a popular celebrity,"According to officials, the Prime Minister's Office presented the annual budget concerning a popular celebrity earlier today. The announcement comes after a series of consultations with industry leaders. A follow-up briefing is expected to be held later this month. Officials noted that the process will continue to be monitored closely over the coming weeks, with further updates expected to follow standard procedure. The matter has been documented and is available through official channels.",politicsNews,real
The election commission confirmed a revision in interest rates regarding the upcoming election,"Sources within the department confirmed, the Election Commission confirmed a revision in interest rates concerning the upcoming election earlier today. The figures were cross-checked against previous quarterly data. The announcement comes after a series of consultations with industry leaders. Officials noted that the process will continue to be monitored closely over the coming weeks, with further updates expected to follow standard procedure. The matter has been documented and is available through official channels.",politicsNews,real
Local authorities confirmed a revision in interest rates regarding a political scandal,"The report, published on the official website, stated, local authorities confirmed a revision in interest rates concerning a political scandal earlier today. Officials stated that further details will be released next week. A follow-up briefing is expected to be held later this month. Officials noted that the process will continue to be monitored closely over the coming weeks, with further updates expected to follow standard procedure. The matter has been documented and is available through official channels.",politicsNews,real
The supreme court launched a public health initiative regarding a natural disaster,"Sources within the department confirmed, the Supreme Court launched a public health initiative concerning a natural disaster earlier today. The announcement comes after a series of consultations with industry leaders. Authorities emphasized that the implementation will be gradual. Officials noted that the process will continue to be monitored closely over the coming weeks, with further updates expected to follow standard procedure. The matter has been documented and is available through official channels.",politicsNews,real
Researchers at a leading university launched a public health initiative regarding the new vaccine,"The official spokesperson said, researchers at a leading university launched a public health initiative concerning the new vaccine earlier today. The report has been reviewed by independent analysts. The figures were cross-checked against previous quarterly data. Officials noted that the process will continue to be monitored closely over the coming weeks, with further updates expected to follow standard procedure. The matter has been documented and is available through official channels.",politicsNews,real
The prime minister's office approved a new infrastructure project regarding a tech company's new product,"The report, published on the official website, stated, the Prime Minister's Office approved a new infrastructure project concerning a tech company's new product earlier today. The report has been reviewed by independent analysts. The decision follows months of deliberation among experts. Officials noted that the process will continue to be monitored closely over the coming weeks, with further updates expected to follow standard procedure. The matter has been documented and is available through official channels.",politicsNews,real
Local authorities signed an agreement with neighboring countries regarding the housing market,"Citing official records, local authorities signed an agreement with neighboring countries concerning the housing market earlier today. A follow-up briefing is expected to be held later this month. Authorities emphasized that the implementation will be gradual. Officials noted that the process will continue to be monitored closely over the coming weeks, with further updates expected to follow standard procedure. The matter has been documented and is available through official channels.",politicsNews,real
The central bank released its quarterly report regarding the education system,"In a statement released on tuesday, the central bank released its quarterly report concerning the education system earlier today. Officials stated that further details will be released next week. The figures were cross-checked against previous quarterly data. Officials noted that the process will continue to be monitored closely over the coming weeks, with further updates expected to follow standard procedure. The matter has been documented and is available through official channels.",politicsNews,real
The united nations launched a public health initiative regarding the economy,"Sources within the department confirmed, the United Nations launched a public health initiative concerning the economy earlier today. The figures were cross-checked against previous quarterly data. A follow-up briefing is expected to be held later this month. Officials noted that the process will continue to be monitored closely over the coming weeks, with further updates expected to follow standard procedure. The matter has been documented and is available through official channels.",politicsNews,real
The reserve bank approved a new infrastructure project regarding a major sports event,"Sources within the department confirmed, the Reserve Bank approved a new infrastructure project concerning a major sports event earlier today. The announcement comes after a series of consultations with industry leaders. The announcement comes after a series of consultations with industry leaders. Officials noted that the process will continue to be monitored closely over the coming weeks, with further updates expected to follow standard procedure. The matter has been documented and is available through official channels.",politicsNews,real
The election commission presented the annual budget regarding a political scandal,"The official spokesperson said, the Election Commission presented the annual budget concerning a political scandal earlier today. Authorities emphasized that the implementation will be gradual. The announcement comes after a series of consultations with industry leaders. Officials noted that the process will continue to be monitored closely over the coming weeks, with further updates expected to follow standard procedure. The matter has been documented and is available through official channels.",politicsNews,real
The world health organization presented the annual budget regarding the economy,"Citing official records, the World Health Organization presented the annual budget concerning the economy earlier today. Authorities emphasized that the implementation will be gradual. The figures were cross-checked against previous quarterly data. Officials noted that the process will continue to be monitored closely over the coming weeks, with further updates expected to follow standard procedure. The matter has been documented and is available through official channels.",politicsNews,real
Local authorities signed an agreement with neighboring countries regarding the education system,"The official spokesperson said, local authorities signed an agreement with neighboring countries concerning the education system earlier today. Officials stated that further details will be released next week. A follow-up briefing is expected to be held later this month. Officials noted that the process will continue to be monitored closely over the coming weeks, with further updates expected to follow standard procedure. The matter has been documented and is available through official channels.",politicsNews,real
The ministry of finance published updated guidelines regarding the stock market,"The official spokesperson said, the Ministry of Finance published updated guidelines concerning the stock market earlier today. The decision follows months of deliberation among experts. Stakeholders welcomed the move, citing its long-term benefits. Officials noted that the process will continue to be monitored closely over the coming weeks, with further updates expected to follow standard procedure. The matter has been documented and is available through official channels.",politicsNews,real
The european central bank released findings from a peer-reviewed study regarding a global pandemic,"In a statement released on tuesday, the European Central Bank released findings from a peer-reviewed study concerning a global pandemic earlier today. The announcement comes after a series of consultations with industry leaders. Stakeholders welcomed the move, citing its long-term benefits. Officials noted that the process will continue to be monitored closely over the coming weeks, with further updates expected to follow standard procedure. The matter has been documented and is available through official channels.",politicsNews,real
The world health organization approved a new infrastructure project regarding climate change,"Sources within the department confirmed, the World Health Organization approved a new infrastructure project concerning climate change earlier today. The figures were cross-checked against previous quarterly data. Authorities emphasized that the implementation will be gradual. Officials noted that the process will continue to be monitored closely over the coming weeks, with further updates expected to follow standard procedure. The matter has been documented and is available through official channels.",politicsNews,real
The world health organization announced a new policy regarding the upcoming election,"The official spokesperson said, the World Health Organization announced a new policy concerning the upcoming election earlier today. Officials stated that further details will be released next week. The report has been reviewed by independent analysts. Officials noted that the process will continue to be monitored closely over the coming weeks, with further updates expected to follow standard procedure. The matter has been documented and is available through official channels.",politicsNews,real
The ministry of finance announced a new policy regarding the housing market,"As reported by multiple news agencies, the Ministry of Finance announced a new policy concerning the housing market earlier today. A follow-up briefing is expected to be held later this month. The figures were cross-checked against previous quarterly data. Officials noted that the process will continue to be monitored closely over the coming weeks, with further updates expected to follow standard procedure. The matter has been documented and is available through official channels.",politicsNews,real
Nasa confirmed a revision in interest rates regarding a political scandal,"In a statement released on tuesday, NASA confirmed a revision in interest rates concerning a political scandal earlier today. The figures were cross-checked against previous quarterly data. A follow-up briefing is expected to be held later this month. Officials noted that the process will continue to be monitored closely over the coming weeks, with further updates expected to follow standard procedure. The matter has been documented and is available through official channels.",politicsNews,real
The world health organization issued an official statement regarding the education system,"Data verified by independent auditors shows, the World Health Organization issued an official statement concerning the education system earlier today. The report has been reviewed by independent analysts. The figures were cross-checked against previous quarterly data. Officials noted that the process will continue to be monitored closely over the coming weeks, with further updates expected to follow standard procedure. The matter has been documented and is available through official channels.",politicsNews,real
Nasa confirmed a revision in interest rates regarding climate change,"The report, published on the official website, stated, NASA confirmed a revision in interest rates concerning climate change earlier today. The decision follows months of deliberation among experts. Authorities emphasized that the implementation will be gradual. Officials noted that the process will continue to be monitored closely over the coming weeks, with further updates expected to follow standard procedure. The matter has been documented and is available through official channels.",politicsNews,real
The european central bank presented the annual budget regarding a major sports event,"The official spokesperson said, the European Central Bank presented the annual budget concerning a major sports event earlier today. Authorities emphasized that the implementation will be gradual. The report has been reviewed by independent analysts. Officials noted that the process will continue to be monitored closely over the coming weeks, with further updates expected to follow standard procedure. The matter has been documented and is available through official channels.",politicsNews,real
The reserve bank concluded an investigation into the matter regarding the stock market,"Data verified by independent auditors shows, the Reserve Bank concluded an investigation into the matter concerning the stock market earlier today. Officials stated that further details will be released next week. Authorities emphasized that the implementation will be gradual. Officials noted that the process will continue to be monitored closely over the coming weeks, with further updates expected to follow standard procedure. The matter has been documented and is available through official channels.",politicsNews,real
The state government approved a new infrastructure project regarding a major sports event,"Citing official records, the state government approved a new infrastructure project concerning a major sports event earlier today. The decision follows months of deliberation among experts. The announcement comes after a series of consultations with industry leaders. Officials noted that the process will continue to be monitored closely over the coming weeks, with further updates expected to follow standard procedure. The matter has been documented and is available through official channels.",politicsNews,real
The european central bank issued an official statement regarding a new technology,"Citing official records, the European Central Bank issued an official statement concerning a new technology earlier today. The report has been reviewed by independent analysts. A follow-up briefing is expected to be held later this month. Officials noted that the process will continue to be monitored closely over the coming weeks, with further updates expected to follow standard procedure. The matter has been documented and is available through official channels.",politicsNews,real
The european central bank scheduled a meeting with stakeholders regarding the education system,"As reported by multiple news agencies, the European Central Bank scheduled a meeting with stakeholders concerning the education system earlier today. The report has been reviewed by independent analysts. The report has been reviewed by independent analysts. Officials noted that the process will continue to be monitored closely over the coming weeks, with further updates expected to follow standard procedure. The matter has been documented and is available through official channels.",politicsNews,real
The supreme court released its quarterly report regarding a tech company's new product,"Data verified by independent auditors shows, the Supreme Court released its quarterly report concerning a tech company's new product earlier today. Stakeholders welcomed the move, citing its long-term benefits. The decision follows months of deliberation among experts. Officials noted that the process will continue to be monitored closely over the coming weeks, with further updates expected to follow standard procedure. The matter has been documented and is available through official channels.",politicsNews,real
Nasa announced a new policy regarding a major sports event,"In a statement released on tuesday, NASA announced a new policy concerning a major sports event earlier today. The decision follows months of deliberation among experts. Officials stated that further details will be released next week. Officials noted that the process will continue to be monitored closely over the coming weeks, with further updates expected to follow standard procedure. The matter has been documented and is available through official channels.",politicsNews,real
The world health organization launched a public health initiative regarding a popular celebrity,"According to officials, the World Health Organization launched a public health initiative concerning a popular celebrity earlier today. Stakeholders welcomed the move, citing its long-term benefits. The figures were cross-checked against previous quarterly data. Officials noted that the process will continue to be monitored closely over the coming weeks, with further updates expected to follow standard procedure. The matter has been documented and is available through official channels.",politicsNews,real
The ministry of finance published updated guidelines regarding a viral health trend,"Citing official records, the Ministry of Finance published updated guidelines concerning a viral health trend earlier today. Officials stated that further details will be released next week. A follow-up briefing is expected to be held later this month. Officials noted that the process will continue to be monitored closely over the coming weeks, with further updates expected to follow standard procedure. The matter has been documented and is available through official channels.",politicsNews,real
The supreme court concluded an investigation into the matter regarding a political scandal,"According to officials, the Supreme Court concluded an investigation into the matter concerning a political scandal earlier today. The report has been reviewed by independent analysts. The decision follows months of deliberation among experts. Officials noted that the process will continue to be monitored closely over the coming weeks, with further updates expected to follow standard procedure. The matter has been documented and is available through official channels.",politicsNews,real
The election commission issued an official statement regarding the education system,"The official spokesperson said, the Election Commission issued an official statement concerning the education system earlier today. The report has been reviewed by independent analysts. The announcement comes after a series of consultations with industry leaders. Officials noted that the process will continue to be monitored closely over the coming weeks, with further updates expected to follow standard procedure. The matter has been documented and is available through official channels.",politicsNews,real
The european central bank published updated guidelines regarding the upcoming election,"In a statement released on tuesday, the European Central Bank published updated guidelines concerning the upcoming election earlier today. Stakeholders welcomed the move, citing its long-term benefits. The announcement comes after a series of consultations with industry leaders. Officials noted that the process will continue to be monitored closely over the coming weeks, with further updates expected to follow standard procedure. The matter has been documented and is available through official channels.",politicsNews,real
The ministry of finance launched a public health initiative regarding a viral health trend,"The report, published on the official website, stated, the Ministry of Finance launched a public health initiative concerning a viral health trend earlier today. Authorities emphasized that the implementation will be gradual. Authorities emphasized that the implementation will be gradual. Officials noted that the process will continue to be monitored closely over the coming weeks, with further updates expected to follow standard procedure. The matter has been documented and is available through official channels.",politicsNews,real
Researchers at a leading university concluded an investigation into the matter regarding climate change,"In a statement released on tuesday, researchers at a leading university concluded an investigation into the matter concerning climate change earlier today. Stakeholders welcomed the move, citing its long-term benefits. The figures were cross-checked against previous quarterly data. Officials noted that the process will continue to be monitored closely over the coming weeks, with further updates expected to follow standard procedure. The matter has been documented and is available through official channels.",politicsNews,real
The ministry of finance presented the annual budget regarding a popular celebrity,"The official spokesperson said, the Ministry of Finance presented the annual budget concerning a popular celebrity earlier today. Stakeholders welcomed the move, citing its long-term benefits. A follow-up briefing is expected to be held later this month. Officials noted that the process will continue to be monitored closely over the coming weeks, with further updates expected to follow standard procedure. The matter has been documented and is available through official channels.",politicsNews,real
The world health organization launched a public health initiative regarding the stock market,"The report, published on the official website, stated, the World Health Organization launched a public health initiative concerning the stock market earlier today. The figures were cross-checked against previous quarterly data. The decision follows months of deliberation among experts. Officials noted that the process will continue to be monitored closely over the coming weeks, with further updates expected to follow standard procedure. The matter has been documented and is available through official channels.",politicsNews,real
The world health organization confirmed a revision in interest rates regarding the stock market,"Citing official records, the World Health Organization confirmed a revision in interest rates concerning the stock market earlier today. Authorities emphasized that the implementation will be gradual. Officials stated that further details will be released next week. Officials noted that the process will continue to be monitored closely over the coming weeks, with further updates expected to follow standard procedure. The matter has been documented and is available through official channels.",politicsNews,real
The city council announced a new policy regarding a political scandal,"Citing official records, the city council announced a new policy concerning a political scandal earlier today. A follow-up briefing is expected to be held later this month. The figures were cross-checked against previous quarterly data. Officials noted that the process will continue to be monitored closely over the coming weeks, with further updates expected to follow standard procedure. The matter has been documented and is available through official channels.",politicsNews,real
Local authorities published updated guidelines regarding a new technology,"The report, published on the official website, stated, local authorities published updated guidelines concerning a new technology earlier today. The figures were cross-checked against previous quarterly data. The announcement comes after a series of consultations with industry leaders. Officials noted that the process will continue to be monitored closely over the coming weeks, with further updates expected to follow standard procedure. The matter has been documented and is available through official channels.",politicsNews,real
The european central bank confirmed a revision in interest rates regarding climate change,"According to officials, the European Central Bank confirmed a revision in interest rates concerning climate change earlier today. The report has been reviewed by independent analysts. The announcement comes after a series of consultations with industry leaders. Officials noted that the process will continue to be monitored closely over the coming weeks, with further updates expected to follow standard procedure. The matter has been documented and is available through official channels.",politicsNews,real
The state government published updated guidelines regarding the new vaccine,"According to officials, the state government published updated guidelines concerning the new vaccine earlier today. The announcement comes after a series of consultations with industry leaders. The report has been reviewed by independent analysts. Officials noted that the process will continue to be monitored closely over the coming weeks, with further updates expected to follow standard procedure. The matter has been documented and is available through official channels.",politicsNews,real
The reserve bank issued an official statement regarding the upcoming election,"As reported by multiple news agencies, the Reserve Bank issued an official statement concerning the upcoming election earlier today. The report has been reviewed by independent analysts. The announcement comes after a series of consultations with industry leaders. Officials noted that the process will continue to be monitored closely over the coming weeks, with further updates expected to follow standard procedure. The matter has been documented and is available through official channels.",politicsNews,real
The ministry of finance scheduled a meeting with stakeholders regarding climate change,"The official spokesperson said, the Ministry of Finance scheduled a meeting with stakeholders concerning climate change earlier today. Authorities emphasized that the implementation will be gradual. The decision follows months of deliberation among experts. Officials noted that the process will continue to be monitored closely over the coming weeks, with further updates expected to follow standard procedure. The matter has been documented and is available through official channels.",politicsNews,real
Local authorities signed an agreement with neighboring countries regarding a natural disaster,"Citing official records, local authorities signed an agreement with neighboring countries concerning a natural disaster earlier today. The figures were cross-checked against previous quarterly data. A follow-up briefing is expected to be held later this month. Officials noted that the process will continue to be monitored closely over the coming weeks, with further updates expected to follow standard procedure. The matter has been documented and is available through official channels.",politicsNews,real
The city council held a press conference regarding a political scandal,"In a statement released on tuesday, the city council held a press conference concerning a political scandal earlier today. Authorities emphasized that the implementation will be gradual. The announcement comes after a series of consultations with industry leaders. Officials noted that the process will continue to be monitored closely over the coming weeks, with further updates expected to follow standard procedure. The matter has been documented and is available through official channels.",politicsNews,real
The supreme court launched a public health initiative regarding the upcoming election,"According to officials, the Supreme Court launched a public health initiative concerning the upcoming election earlier today. The report has been reviewed by independent analysts. Stakeholders welcomed the move, citing its long-term benefits. Officials noted that the process will continue to be monitored closely over the coming weeks, with further updates expected to follow standard procedure. The matter has been documented and is available through official channels.",politicsNews,real
The central bank released its quarterly report regarding climate change,"The official spokesperson said, the central bank released its quarterly report concerning climate change earlier today. A follow-up briefing is expected to be held later this month. Stakeholders welcomed the move, citing its long-term benefits. Officials noted that the process will continue to be monitored closely over the coming weeks, with further updates expected to follow standard procedure. The matter has been documented and is available through official channels.",politicsNews,real
The prime minister's office issued an official statement regarding a major sports event,"As reported by multiple news agencies, the Prime Minister's Office issued an official statement concerning a major sports event earlier today. The report has been reviewed by independent analysts. The announcement comes after a series of consultations with industry leaders. Officials noted that the process will continue to be monitored closely over the coming weeks, with further updates expected to follow standard procedure. The matter has been documented and is available through official channels.",politicsNews,real
The world health organization held a press conference regarding a natural disaster,"In a statement released on tuesday, the World Health Organization held a press conference concerning a natural disaster earlier today. Officials stated that further details will be released next week. A follow-up briefing is expected to be held later this month. Officials noted that the process will continue to be monitored closely over the coming weeks, with further updates expected to follow standard procedure. The matter has been documented and is available through official channels.",politicsNews,real
The city council released findings from a peer-reviewed study regarding climate change,"According to officials, the city council released findings from a peer-reviewed study concerning climate change earlier today. Authorities emphasized that the implementation will be gradual. The report has been reviewed by independent analysts. Officials noted that the process will continue to be monitored closely over the coming weeks, with further updates expected to follow standard procedure. The matter has been documented and is available through official channels.",politicsNews,real
The department of health issued an official statement regarding a major sports event,"In a statement released on tuesday, the Department of Health issued an official statement concerning a major sports event earlier today. The decision follows months of deliberation among experts. The announcement comes after a series of consultations with industry leaders. Officials noted that the process will continue to be monitored closely over the coming weeks, with further updates expected to follow standard procedure. The matter has been documented and is available through official channels.",politicsNews,real
The city council launched a public health initiative regarding a tech company's new product,"The report, published on the official website, stated, the city council launched a public health initiative concerning a tech company's new product earlier today. Authorities emphasized that the implementation will be gradual. Officials stated that further details will be released next week. Officials noted that the process will continue to be monitored closely over the coming weeks, with further updates expected to follow standard procedure. The matter has been documented and is available through official channels.",politicsNews,real
The world health organization announced a new policy regarding a global pandemic,"The report, published on the official website, stated, the World Health Organization announced a new policy concerning a global pandemic earlier today. The announcement comes after a series of consultations with industry leaders. Stakeholders welcomed the move, citing its long-term benefits. Officials noted that the process will continue to be monitored closely over the coming weeks, with further updates expected to follow standard procedure. The matter has been documented and is available through official channels.",politicsNews,real
The election commission announced a new policy regarding a tech company's new product,"Sources within the department confirmed, the Election Commission announced a new policy concerning a tech company's new product earlier today. A follow-up briefing is expected to be held later this month. A follow-up briefing is expected to be held later this month. Officials noted that the process will continue to be monitored closely over the coming weeks, with further updates expected to follow standard procedure. The matter has been documented and is available through official channels.",politicsNews,real
The state government approved a new infrastructure project regarding the housing market,"According to officials, the state government approved a new infrastructure project concerning the housing market earlier today. The announcement comes after a series of consultations with industry leaders. The report has been reviewed by independent analysts. Officials noted that the process will continue to be monitored closely over the coming weeks, with further updates expected to follow standard procedure. The matter has been documented and is available through official channels.",politicsNews,real
The election commission issued an official statement regarding a viral health trend,"According to officials, the Election Commission issued an official statement concerning a viral health trend earlier today. Officials stated that further details will be released next week. Authorities emphasized that the implementation will be gradual. Officials noted that the process will continue to be monitored closely over the coming weeks, with further updates expected to follow standard procedure. The matter has been documented and is available through official channels.",politicsNews,real
Nasa released its quarterly report regarding the education system,"As reported by multiple news agencies, NASA released its quarterly report concerning the education system earlier today. The report has been reviewed by independent analysts. A follow-up briefing is expected to be held later this month. Officials noted that the process will continue to be monitored closely over the coming weeks, with further updates expected to follow standard procedure. The matter has been documented and is available through official channels.",politicsNews,real
The reserve bank released its quarterly report regarding the stock market,"The report, published on the official website, stated, the Reserve Bank released its quarterly report concerning the stock market earlier today. The decision follows months of deliberation among experts. The report has been reviewed by independent analysts. Officials noted that the process will continue to be monitored closely over the coming weeks, with further updates expected to follow standard procedure. The matter has been documented and is available through official channels.",politicsNews,real
The central bank issued an official statement regarding a major sports event,"Data verified by independent auditors shows, the central bank issued an official statement concerning a major sports event earlier today. The figures were cross-checked against previous quarterly data. The decision follows months of deliberation among experts. Officials noted that the process will continue to be monitored closely over the coming weeks, with further updates expected to follow standard procedure. The matter has been documented and is available through official channels.",politicsNews,real
The ministry of finance released findings from a peer-reviewed study regarding a viral health trend,"The official spokesperson said, the Ministry of Finance released findings from a peer-reviewed study concerning a viral health trend earlier today. The announcement comes after a series of consultations with industry leaders. The announcement comes after a series of consultations with industry leaders. Officials noted that the process will continue to be monitored closely over the coming weeks, with further updates expected to follow standard procedure. The matter has been documented and is available through official channels.",politicsNews,real
The european central bank launched a public health initiative regarding a political scandal,"The official spokesperson said, the European Central Bank launched a public health initiative concerning a political scandal earlier today. The figures were cross-checked against previous quarterly data. The announcement comes after a series of consultations with industry leaders. Officials noted that the process will continue to be monitored closely over the coming weeks, with further updates expected to follow standard procedure. The matter has been documented and is available through official channels.",politicsNews,real
The central bank held a press conference regarding a popular celebrity,"Data verified by independent auditors shows, the central bank held a press conference concerning a popular celebrity earlier today. The decision follows months of deliberation among experts. The figures were cross-checked against previous quarterly data. Officials noted that the process will continue to be monitored closely over the coming weeks, with further updates expected to follow standard procedure. The matter has been documented and is available through official channels.",politicsNews,real
The election commission launched a public health initiative regarding the new vaccine,"The report, published on the official website, stated, the Election Commission launched a public health initiative concerning the new vaccine earlier today. Stakeholders welcomed the move, citing its long-term benefits. Stakeholders welcomed the move, citing its long-term benefits. Officials noted that the process will continue to be monitored closely over the coming weeks, with further updates expected to follow standard procedure. The matter has been documented and is available through official channels.",politicsNews,real
Local authorities scheduled a meeting with stakeholders regarding a viral health trend,"Citing official records, local authorities scheduled a meeting with stakeholders concerning a viral health trend earlier today. The figures were cross-checked against previous quarterly data. Authorities emphasized that the implementation will be gradual. Officials noted that the process will continue to be monitored closely over the coming weeks, with further updates expected to follow standard procedure. The matter has been documented and is available through official channels.",politicsNews,real
The supreme court published updated guidelines regarding a tech company's new product,"The report, published on the official website, stated, the Supreme Court published updated guidelines concerning a tech company's new product earlier today. A follow-up briefing is expected to be held later this month. The report has been reviewed by independent analysts. Officials noted that the process will continue to be monitored closely over the coming weeks, with further updates expected to follow standard procedure. The matter has been documented and is available through official channels.",politicsNews,real
The election commission confirmed a revision in interest rates regarding a natural disaster,"According to officials, the Election Commission confirmed a revision in interest rates concerning a natural disaster earlier today. Officials stated that further details will be released next week. A follow-up briefing is expected to be held later this month. Officials noted that the process will continue to be monitored closely over the coming weeks, with further updates expected to follow standard procedure. The matter has been documented and is available through official channels.",politicsNews,real
The election commission released findings from a peer-reviewed study regarding a new technology,"The report, published on the official website, stated, the Election Commission released findings from a peer-reviewed study concerning a new technology earlier today. A follow-up briefing is expected to be held later this month. The decision follows months of deliberation among experts. Officials noted that the process will continue to be monitored closely over the coming weeks, with further updates expected to follow standard procedure. The matter has been documented and is available through official channels.",politicsNews,real
The prime minister's office released findings from a peer-reviewed study regarding a political scandal,"According to officials, the Prime Minister's Office released findings from a peer-reviewed study concerning a political scandal earlier today. The announcement comes after a series of consultations with industry leaders. A follow-up briefing is expected to be held later this month. Officials noted that the process will continue to be monitored closely over the coming weeks, with further updates expected to follow standard procedure. The matter has been documented and is available through official channels.",politicsNews,real
The prime minister's office signed an agreement with neighboring countries regarding the new vaccine,"The official spokesperson said, the Prime Minister's Office signed an agreement with neighboring countries concerning the new vaccine earlier today. The announcement comes after a series of consultations with industry leaders. The report has been reviewed by independent analysts. Officials noted that the process will continue to be monitored closely over the coming weeks, with further updates expected to follow standard procedure. The matter has been documented and is available through official channels.",politicsNews,real
The city council signed an agreement with neighboring countries regarding a global pandemic,"In a statement released on tuesday, the city council signed an agreement with neighboring countries concerning a global pandemic earlier today. The announcement comes after a series of consultations with industry leaders. Authorities emphasized that the implementation will be gradual. Officials noted that the process will continue to be monitored closely over the coming weeks, with further updates expected to follow standard procedure. The matter has been documented and is available through official channels.",politicsNews,real
The united nations confirmed a revision in interest rates regarding a political scandal,"Citing official records, the United Nations confirmed a revision in interest rates concerning a political scandal earlier today. A follow-up briefing is expected to be held later this month. The announcement comes after a series of consultations with industry leaders. Officials noted that the process will continue to be monitored closely over the coming weeks, with further updates expected to follow standard procedure. The matter has been documented and is available through official channels.",politicsNews,real
Nasa published updated guidelines regarding a natural disaster,"Citing official records, NASA published updated guidelines concerning a natural disaster earlier today. The report has been reviewed by independent analysts. Officials stated that further details will be released next week. Officials noted that the process will continue to be monitored closely over the coming weeks, with further updates expected to follow standard procedure. The matter has been documented and is available through official channels.",politicsNews,real
The state government announced a new policy regarding climate change,"The official spokesperson said, the state government announced a new policy concerning climate change earlier today. Officials stated that further details will be released next week. The figures were cross-checked against previous quarterly data. Officials noted that the process will continue to be monitored closely over the coming weeks, with further updates expected to follow standard procedure. The matter has been documented and is available through official channels.",politicsNews,real
The supreme court announced a new policy regarding the housing market,"In a statement released on tuesday, the Supreme Court announced a new policy concerning the housing market earlier today. Stakeholders welcomed the move, citing its long-term benefits. The report has been reviewed by independent analysts. Officials noted that the process will continue to be monitored closely over the coming weeks, with further updates expected to follow standard procedure. The matter has been documented and is available through official channels.",politicsNews,real
The supreme court held a press conference regarding the new vaccine,"Data verified by independent auditors shows, the Supreme Court held a press conference concerning the new vaccine earlier today. The decision follows months of deliberation among experts. Stakeholders welcomed the move, citing its long-term benefits. Officials noted that the process will continue to be monitored closely over the coming weeks, with further updates expected to follow standard procedure. The matter has been documented and is available through official channels.",politicsNews,real
The city council held a press conference regarding the housing market,"Citing official records, the city council held a press conference concerning the housing market earlier today. Officials stated that further details will be released next week. Authorities emphasized that the implementation will be gradual. Officials noted that the process will continue to be monitored closely over the coming weeks, with further updates expected to follow standard procedure. The matter has been documented and is available through official channels.",politicsNews,real
Local authorities announced a new policy regarding a tech company's new product,"In a statement released on tuesday, local authorities announced a new policy concerning a tech company's new product earlier today. A follow-up briefing is expected to be held later this month. The figures were cross-checked against previous quarterly data. Officials noted that the process will continue to be monitored closely over the coming weeks, with further updates expected to follow standard procedure. The matter has been documented and is available through official channels.",politicsNews,real
The department of health launched a public health initiative regarding a popular celebrity,"According to officials, the Department of Health launched a public health initiative concerning a popular celebrity earlier today. The figures were cross-checked against previous quarterly data. The decision follows months of deliberation among experts. Officials noted that the process will continue to be monitored closely over the coming weeks, with further updates expected to follow standard procedure. The matter has been documented and is available through official channels.",politicsNews,real
The world health organization approved a new infrastructure project regarding the education system,"Sources within the department confirmed, the World Health Organization approved a new infrastructure project concerning the education system earlier today. The report has been reviewed by independent analysts. Authorities emphasized that the implementation will be gradual. Officials noted that the process will continue to be monitored closely over the coming weeks, with further updates expected to follow standard procedure. The matter has been documented and is available through official channels.",politicsNews,real
The united nations approved a new infrastructure project regarding the stock market,"Sources within the department confirmed, the United Nations approved a new infrastructure project concerning the stock market earlier today. Officials stated that further details will be released next week. A follow-up briefing is expected to be held later this month. Officials noted that the process will continue to be monitored closely over the coming weeks, with further updates expected to follow standard procedure. The matter has been documented and is available through official channels.",politicsNews,real
The election commission scheduled a meeting with stakeholders regarding the stock market,"Citing official records, the Election Commission scheduled a meeting with stakeholders concerning the stock market earlier today. A follow-up briefing is expected to be held later this month. The announcement comes after a series of consultations with industry leaders. Officials noted that the process will continue to be monitored closely over the coming weeks, with further updates expected to follow standard procedure. The matter has been documented and is available through official channels.",politicsNews,real
Nasa approved a new infrastructure project regarding the upcoming election,"According to officials, NASA approved a new infrastructure project concerning the upcoming election earlier today. Authorities emphasized that the implementation will be gradual. Authorities emphasized that the implementation will be gradual. Officials noted that the process will continue to be monitored closely over the coming weeks, with further updates expected to follow standard procedure. The matter has been documented and is available through official channels.",politicsNews,real
The department of health scheduled a meeting with stakeholders regarding a natural disaster,"Citing official records, the Department of Health scheduled a meeting with stakeholders concerning a natural disaster earlier today. The announcement comes after a series of consultations with industry leaders. The report has been reviewed by independent analysts. Officials noted that the process will continue to be monitored closely over the coming weeks, with further updates expected to follow standard procedure. The matter has been documented and is available through official channels.",politicsNews,real
The election commission issued an official statement regarding the economy,"The official spokesperson said, the Election Commission issued an official statement concerning the economy earlier today. Stakeholders welcomed the move, citing its long-term benefits. The announcement comes after a series of consultations with industry leaders. Officials noted that the process will continue to be monitored closely over the coming weeks, with further updates expected to follow standard procedure. The matter has been documented and is available through official channels.",politicsNews,real
The department of health concluded an investigation into the matter regarding the stock market,"As reported by multiple news agencies, the Department of Health concluded an investigation into the matter concerning the stock market earlier today. The report has been reviewed by independent analysts. Authorities emphasized that the implementation will be gradual. Officials noted that the process will continue to be monitored closely over the coming weeks, with further updates expected to follow standard procedure. The matter has been documented and is available through official channels.",politicsNews,real
Researchers at a leading university presented the annual budget regarding climate change,"Citing official records, researchers at a leading university presented the annual budget concerning climate change earlier today. A follow-up briefing is expected to be held later this month. The figures were cross-checked against previous quarterly data. Officials noted that the process will continue to be monitored closely over the coming weeks, with further updates expected to follow standard procedure. The matter has been documented and is available through official channels.",politicsNews,real
The united nations signed an agreement with neighboring countries regarding a popular celebrity,"As reported by multiple news agencies, the United Nations signed an agreement with neighboring countries concerning a popular celebrity earlier today. Officials stated that further details will be released next week. Stakeholders welcomed the move, citing its long-term benefits. Officials noted that the process will continue to be monitored closely over the coming weeks, with further updates expected to follow standard procedure. The matter has been documented and is available through official channels.",politicsNews,real
Local authorities signed an agreement with neighboring countries regarding a natural disaster,"The report, published on the official website, stated, local authorities signed an agreement with neighboring countries concerning a natural disaster earlier today. The decision follows months of deliberation among experts. The figures were cross-checked against previous quarterly data. Officials noted that the process will continue to be monitored closely over the coming weeks, with further updates expected to follow standard procedure. The matter has been documented and is available through official channels.",politicsNews,real
Nasa presented the annual budget regarding a political scandal,"Sources within the department confirmed, NASA presented the annual budget concerning a political scandal earlier today. The decision follows months of deliberation among experts. A follow-up briefing is expected to be held later this month. Officials noted that the process will continue to be monitored closely over the coming weeks, with further updates expected to follow standard procedure. The matter has been documented and is available through official channels.",politicsNews,real
Local authorities issued an official statement regarding the upcoming election,"The official spokesperson said, local authorities issued an official statement concerning the upcoming election earlier today. A follow-up briefing is expected to be held later this month. The report has been reviewed by independent analysts. Officials noted that the process will continue to be monitored closely over the coming weeks, with further updates expected to follow standard procedure. The matter has been documented and is available through official channels.",politicsNews,real
Local authorities signed an agreement with neighboring countries regarding a global pandemic,"Sources within the department confirmed, local authorities signed an agreement with neighboring countries concerning a global pandemic earlier today. The report has been reviewed by independent analysts. The announcement comes after a series of consultations with industry leaders. Officials noted that the process will continue to be monitored closely over the coming weeks, with further updates expected to follow standard procedure. The matter has been documented and is available through official channels.",politicsNews,real
The ministry of finance presented the annual budget regarding the stock market,"According to officials, the Ministry of Finance presented the annual budget concerning the stock market earlier today. Officials stated that further details will be released next week. Stakeholders welcomed the move, citing its long-term benefits. Officials noted that the process will continue to be monitored closely over the coming weeks, with further updates expected to follow standard procedure. The matter has been documented and is available through official channels.",politicsNews,real
The ministry of finance presented the annual budget regarding a viral health trend,"The official spokesperson said, the Ministry of Finance presented the annual budget concerning a viral health trend earlier today. A follow-up briefing is expected to be held later this month. The announcement comes after a series of consultations with industry leaders. Officials noted that the process will continue to be monitored closely over the coming weeks, with further updates expected to follow standard procedure. The matter has been documented and is available through official channels.",politicsNews,real
The city council issued an official statement regarding a viral health trend,"The official spokesperson said, the city council issued an official statement concerning a viral health trend earlier today. A follow-up briefing is expected to be held later this month. The decision follows months of deliberation among experts. Officials noted that the process will continue to be monitored closely over the coming weeks, with further updates expected to follow standard procedure. The matter has been documented and is available through official channels.",politicsNews,real
Nasa launched a public health initiative regarding a natural disaster,"Data verified by independent auditors shows, NASA launched a public health initiative concerning a natural disaster earlier today. The announcement comes after a series of consultations with industry leaders. The announcement comes after a series of consultations with industry leaders. Officials noted that the process will continue to be monitored closely over the coming weeks, with further updates expected to follow standard procedure. The matter has been documented and is available through official channels.",politicsNews,real
The ministry of finance released findings from a peer-reviewed study regarding a new technology,"As reported by multiple news agencies, the Ministry of Finance released findings from a peer-reviewed study concerning a new technology earlier today. The decision follows months of deliberation among experts. Authorities emphasized that the implementation will be gradual. Officials noted that the process will continue to be monitored closely over the coming weeks, with further updates expected to follow standard procedure. The matter has been documented and is available through official channels.",politicsNews,real
The city council confirmed a revision in interest rates regarding the new vaccine,"Data verified by independent auditors shows, the city council confirmed a revision in interest rates concerning the new vaccine earlier today. A follow-up briefing is expected to be held later this month. Authorities emphasized that the implementation will be gradual. Officials noted that the process will continue to be monitored closely over the coming weeks, with further updates expected to follow standard procedure. The matter has been documented and is available through official channels.",politicsNews,real
The united nations approved a new infrastructure project regarding the stock market,"Data verified by independent auditors shows, the United Nations approved a new infrastructure project concerning the stock market earlier today. A follow-up briefing is expected to be held later this month. Officials stated that further details will be released next week. Officials noted that the process will continue to be monitored closely over the coming weeks, with further updates expected to follow standard procedure. The matter has been documented and is available through official channels.",politicsNews,real
The world health organization signed an agreement with neighboring countries regarding a political scandal,"In a statement released on tuesday, the World Health Organization signed an agreement with neighboring countries concerning a political scandal earlier today. The report has been reviewed by independent analysts. The report has been reviewed by independent analysts. Officials noted that the process will continue to be monitored closely over the coming weeks, with further updates expected to follow standard procedure. The matter has been documented and is available through official channels.",politicsNews,real
The city council scheduled a meeting with stakeholders regarding the upcoming election,"Data verified by independent auditors shows, the city council scheduled a meeting with stakeholders concerning the upcoming election earlier today. The announcement comes after a series of consultations with industry leaders. A follow-up briefing is expected to be held later this month. Officials noted that the process will continue to be monitored closely over the coming weeks, with further updates expected to follow standard procedure. The matter has been documented and is available through official channels.",politicsNews,real
Researchers at a leading university scheduled a meeting with stakeholders regarding a new technology,"The report, published on the official website, stated, researchers at a leading university scheduled a meeting with stakeholders concerning a new technology earlier today. The announcement comes after a series of consultations with industry leaders. The figures were cross-checked against previous quarterly data. Officials noted that the process will continue to be monitored closely over the coming weeks, with further updates expected to follow standard procedure. The matter has been documented and is available through official channels.",politicsNews,real
The prime minister's office published updated guidelines regarding a new technology,"As reported by multiple news agencies, the Prime Minister's Office published updated guidelines concerning a new technology earlier today. The announcement comes after a series of consultations with industry leaders. The decision follows months of deliberation among experts. Officials noted that the process will continue to be monitored closely over the coming weeks, with further updates expected to follow standard procedure. The matter has been documented and is available through official channels.",politicsNews,real
Researchers at a leading university published updated guidelines regarding the stock market,"According to officials, researchers at a leading university published updated guidelines concerning the stock market earlier today. The figures were cross-checked against previous quarterly data. The figures were cross-checked against previous quarterly data. Officials noted that the process will continue to be monitored closely over the coming weeks, with further updates expected to follow standard procedure. The matter has been documented and is available through official channels.",politicsNews,real
Researchers at a leading university approved a new infrastructure project regarding the new vaccine,"Sources within the department confirmed, researchers at a leading university approved a new infrastructure project concerning the new vaccine earlier today. Stakeholders welcomed the move, citing its long-term benefits. The report has been reviewed by independent analysts. Officials noted that the process will continue to be monitored closely over the coming weeks, with further updates expected to follow standard procedure. The matter has been documented and is available through official channels.",politicsNews,real
The city council issued an official statement regarding the education system,"In a statement released on tuesday, the city council issued an official statement concerning the education system earlier today. A follow-up briefing is expected to be held later this month. Stakeholders welcomed the move, citing its long-term benefits. Officials noted that the process will continue to be monitored closely over the coming weeks, with further updates expected to follow standard procedure. The matter has been documented and is available through official channels.",politicsNews,real
The state government published updated guidelines regarding the housing market,"Data verified by independent auditors shows, the state government published updated guidelines concerning the housing market earlier today. Authorities emphasized that the implementation will be gradual. A follow-up briefing is expected to be held later this month. Officials noted that the process will continue to be monitored closely over the coming weeks, with further updates expected to follow standard procedure. The matter has been documented and is available through official channels.",politicsNews,real
The city council scheduled a meeting with stakeholders regarding a tech company's new product,"In a statement released on tuesday, the city council scheduled a meeting with stakeholders concerning a tech company's new product earlier today. The report has been reviewed by independent analysts. The report has been reviewed by independent analysts. Officials noted that the process will continue to be monitored closely over the coming weeks, with further updates expected to follow standard procedure. The matter has been documented and is available through official channels.",politicsNews,real
The united nations published updated guidelines regarding the housing market,"Data verified by independent auditors shows, the United Nations published updated guidelines concerning the housing market earlier today. The announcement comes after a series of consultations with industry leaders. The decision follows months of deliberation among experts. Officials noted that the process will continue to be monitored closely over the coming weeks, with further updates expected to follow standard procedure. The matter has been documented and is available through official channels.",politicsNews,real
Local authorities signed an agreement with neighboring countries regarding the stock market,"As reported by multiple news agencies, local authorities signed an agreement with neighboring countries concerning the stock market earlier today. A follow-up briefing is expected to be held later this month. Stakeholders welcomed the move, citing its long-term benefits. Officials noted that the process will continue to be monitored closely over the coming weeks, with further updates expected to follow standard procedure. The matter has been documented and is available through official channels.",politicsNews,real
The european central bank scheduled a meeting with stakeholders regarding climate change,"According to officials, the European Central Bank scheduled a meeting with stakeholders concerning climate change earlier today. Officials stated that further details will be released next week. The figures were cross-checked against previous quarterly data. Officials noted that the process will continue to be monitored closely over the coming weeks, with further updates expected to follow standard procedure. The matter has been documented and is available through official channels.",politicsNews,real
The central bank presented the annual budget regarding the economy,"The report, published on the official website, stated, the central bank presented the annual budget concerning the economy earlier today. The figures were cross-checked against previous quarterly data. The decision follows months of deliberation among experts. Officials noted that the process will continue to be monitored closely over the coming weeks, with further updates expected to follow standard procedure. The matter has been documented and is available through official channels.",politicsNews,real
Local authorities released its quarterly report regarding the housing market,"Sources within the department confirmed, local authorities released its quarterly report concerning the housing market earlier today. Officials stated that further details will be released next week. The report has been reviewed by independent analysts. Officials noted that the process will continue to be monitored closely over the coming weeks, with further updates expected to follow standard procedure. The matter has been documented and is available through official channels.",politicsNews,real
The city council released its quarterly report regarding a tech company's new product,"In a statement released on tuesday, the city council released its quarterly report concerning a tech company's new product earlier today. The announcement comes after a series of consultations with industry leaders. A follow-up briefing is expected to be held later this month. Officials noted that the process will continue to be monitored closely over the coming weeks, with further updates expected to follow standard procedure. The matter has been documented and is available through official channels.",politicsNews,real
The world health organization issued an official statement regarding a new technology,"The report, published on the official website, stated, the World Health Organization issued an official statement concerning a new technology earlier today. The figures were cross-checked against previous quarterly data. The decision follows months of deliberation among experts. Officials noted that the process will continue to be monitored closely over the coming weeks, with further updates expected to follow standard procedure. The matter has been documented and is available through official channels.",politicsNews,real
The reserve bank signed an agreement with neighboring countries regarding a major sports event,"The report, published on the official website, stated, the Reserve Bank signed an agreement with neighboring countries concerning a major sports event earlier today. The report has been reviewed by independent analysts. The announcement comes after a series of consultations with industry leaders. Officials noted that the process will continue to be monitored closely over the coming weeks, with further updates expected to follow standard procedure. The matter has been documented and is available through official channels.",politicsNews,real
The city council concluded an investigation into the matter regarding a global pandemic,"The report, published on the official website, stated, the city council concluded an investigation into the matter concerning a global pandemic earlier today. The report has been reviewed by independent analysts. Stakeholders welcomed the move, citing its long-term benefits. Officials noted that the process will continue to be monitored closely over the coming weeks, with further updates expected to follow standard procedure. The matter has been documented and is available through official channels.",politicsNews,real
The reserve bank presented the annual budget regarding a political scandal,"According to officials, the Reserve Bank presented the annual budget concerning a political scandal earlier today. The report has been reviewed by independent analysts. Authorities emphasized that the implementation will be gradual. Officials noted that the process will continue to be monitored closely over the coming weeks, with further updates expected to follow standard procedure. The matter has been documented and is available through official channels.",politicsNews,real
The united nations approved a new infrastructure project regarding a major sports event,"As reported by multiple news agencies, the United Nations approved a new infrastructure project concerning a major sports event earlier today. The announcement comes after a series of consultations with industry leaders. Stakeholders welcomed the move, citing its long-term benefits. Officials noted that the process will continue to be monitored closely over the coming weeks, with further updates expected to follow standard procedure. The matter has been documented and is available through official channels.",politicsNews,real
Researchers at a leading university confirmed a revision in interest rates regarding a new technology,"According to officials, researchers at a leading university confirmed a revision in interest rates concerning a new technology earlier today. Stakeholders welcomed the move, citing its long-term benefits. The figures were cross-checked against previous quarterly data. Officials noted that the process will continue to be monitored closely over the coming weeks, with further updates expected to follow standard procedure. The matter has been documented and is available through official channels.",politicsNews,real
The city council confirmed a revision in interest rates regarding the new vaccine,"Sources within the department confirmed, the city council confirmed a revision in interest rates concerning the new vaccine earlier today. The report has been reviewed by independent analysts. Officials stated that further details will be released next week. Officials noted that the process will continue to be monitored closely over the coming weeks, with further updates expected to follow standard procedure. The matter has been documented and is available through official channels.",politicsNews,real
The prime minister's office signed an agreement with neighboring countries regarding the new vaccine,"The official spokesperson said, the Prime Minister's Office signed an agreement with neighboring countries concerning the new vaccine earlier today. Authorities emphasized that the implementation will be gradual. A follow-up briefing is expected to be held later this month. Officials noted that the process will continue to be monitored closely over the coming weeks, with further updates expected to follow standard procedure. The matter has been documented and is available through official channels.",politicsNews,real
The prime minister's office released findings from a peer-reviewed study regarding a major sports event,"In a statement released on tuesday, the Prime Minister's Office released findings from a peer-reviewed study concerning a major sports event earlier today. Officials stated that further details will be released next week. Authorities emphasized that the implementation will be gradual. Officials noted that the process will continue to be monitored closely over the coming weeks, with further updates expected to follow standard procedure. The matter has been documented and is available through official channels.",politicsNews,real
Local authorities released its quarterly report regarding a global pandemic,"In a statement released on tuesday, local authorities released its quarterly report concerning a global pandemic earlier today. A follow-up briefing is expected to be held later this month. The decision follows months of deliberation among experts. Officials noted that the process will continue to be monitored closely over the coming weeks, with further updates expected to follow standard procedure. The matter has been documented and is available through official channels.",politicsNews,real
The world health organization concluded an investigation into the matter regarding climate change,"According to officials, the World Health Organization concluded an investigation into the matter concerning climate change earlier today. The report has been reviewed by independent analysts. The report has been reviewed by independent analysts. Officials noted that the process will continue to be monitored closely over the coming weeks, with further updates expected to follow standard procedure. The matter has been documented and is available through official channels.",politicsNews,real
The supreme court concluded an investigation into the matter regarding a tech company's new product,"In a statement released on tuesday, the Supreme Court concluded an investigation into the matter concerning a tech company's new product earlier today. The report has been reviewed by independent analysts. The figures were cross-checked against previous quarterly data. Officials noted that the process will continue to be monitored closely over the coming weeks, with further updates expected to follow standard procedure. The matter has been documented and is available through official channels.",politicsNews,real
The central bank released its quarterly report regarding the economy,"As reported by multiple news agencies, the central bank released its quarterly report concerning the economy earlier today. A follow-up briefing is expected to be held later this month. Stakeholders welcomed the move, citing its long-term benefits. Officials noted that the process will continue to be monitored closely over the coming weeks, with further updates expected to follow standard procedure. The matter has been documented and is available through official channels.",politicsNews,real
The reserve bank released findings from a peer-reviewed study regarding the stock market,"According to officials, the Reserve Bank released findings from a peer-reviewed study concerning the stock market earlier today. The decision follows months of deliberation among experts. A follow-up briefing is expected to be held later this month. Officials noted that the process will continue to be monitored closely over the coming weeks, with further updates expected to follow standard procedure. The matter has been documented and is available through official channels.",politicsNews,real
Nasa confirmed a revision in interest rates regarding climate change,"As reported by multiple news agencies, NASA confirmed a revision in interest rates concerning climate change earlier today. Officials stated that further details will be released next week. The decision follows months of deliberation among experts. Officials noted that the process will continue to be monitored closely over the coming weeks, with further updates expected to follow standard procedure. The matter has been documented and is available through official channels.",politicsNews,real
The department of health launched a public health initiative regarding a tech company's new product,"In a statement released on tuesday, the Department of Health launched a public health initiative concerning a tech company's new product earlier today. A follow-up briefing is expected to be held later this month. The report has been reviewed by independent analysts. Officials noted that the process will continue to be monitored closely over the coming weeks, with further updates expected to follow standard procedure. The matter has been documented and is available through official channels.",politicsNews,real
The central bank approved a new infrastructure project regarding the stock market,"As reported by multiple news agencies, the central bank approved a new infrastructure project concerning the stock market earlier today. Authorities emphasized that the implementation will be gradual. Officials stated that further details will be released next week. Officials noted that the process will continue to be monitored closely over the coming weeks, with further updates expected to follow standard procedure. The matter has been documented and is available through official channels.",politicsNews,real
The city council held a press conference regarding a natural disaster,"The official spokesperson said, the city council held a press conference concerning a natural disaster earlier today. Officials stated that further details will be released next week. Officials stated that further details will be released next week. Officials noted that the process will continue to be monitored closely over the coming weeks, with further updates expected to follow standard procedure. The matter has been documented and is available through official channels.",politicsNews,real
The united nations approved a new infrastructure project regarding the education system,"As reported by multiple news agencies, the United Nations approved a new infrastructure project concerning the education system earlier today. The announcement comes after a series of consultations with industry leaders. Authorities emphasized that the implementation will be gradual. Officials noted that the process will continue to be monitored closely over the coming weeks, with further updates expected to follow standard procedure. The matter has been documented and is available through official channels.",politicsNews,real
The prime minister's office published updated guidelines regarding a viral health trend,"As reported by multiple news agencies, the Prime Minister's Office published updated guidelines concerning a viral health trend earlier today. The decision follows months of deliberation among experts. The figures were cross-checked against previous quarterly data. Officials noted that the process will continue to be monitored closely over the coming weeks, with further updates expected to follow standard procedure. The matter has been documented and is available through official channels.",politicsNews,real
The state government announced a new policy regarding climate change,"The official spokesperson said, the state government announced a new policy concerning climate change earlier today. The figures were cross-checked against previous quarterly data. Authorities emphasized that the implementation will be gradual. Officials noted that the process will continue to be monitored closely over the coming weeks, with further updates expected to follow standard procedure. The matter has been documented and is available through official channels.",politicsNews,real
The state government concluded an investigation into the matter regarding a new technology,"In a statement released on tuesday, the state government concluded an investigation into the matter concerning a new technology earlier today. Stakeholders welcomed the move, citing its long-term benefits. A follow-up briefing is expected to be held later this month. Officials noted that the process will continue to be monitored closely over the coming weeks, with further updates expected to follow standard procedure. The matter has been documented and is available through official channels.",politicsNews,real
The supreme court held a press conference regarding the stock market,"Data verified by independent auditors shows, the Supreme Court held a press conference concerning the stock market earlier today. A follow-up briefing is expected to be held later this month. A follow-up briefing is expected to be held later this month. Officials noted that the process will continue to be monitored closely over the coming weeks, with further updates expected to follow standard procedure. The matter has been documented and is available through official channels.",politicsNews,real
The city council published updated guidelines regarding a natural disaster,"In a statement released on tuesday, the city council published updated guidelines concerning a natural disaster earlier today. The decision follows months of deliberation among experts. The report has been reviewed by independent analysts. Officials noted that the process will continue to be monitored closely over the coming weeks, with further updates expected to follow standard procedure. The matter has been documented and is available through official channels.",politicsNews,real
Nasa scheduled a meeting with stakeholders regarding climate change,"Data verified by independent auditors shows, NASA scheduled a meeting with stakeholders concerning climate change earlier today. Authorities emphasized that the implementation will be gradual. The announcement comes after a series of consultations with industry leaders. Officials noted that the process will continue to be monitored closely over the coming weeks, with further updates expected to follow standard procedure. The matter has been documented and is available through official channels.",politicsNews,real
Researchers at a leading university presented the annual budget regarding climate change,"The official spokesperson said, researchers at a leading university presented the annual budget concerning climate change earlier today. Stakeholders welcomed the move, citing its long-term benefits. The decision follows months of deliberation among experts. Officials noted that the process will continue to be monitored closely over the coming weeks, with further updates expected to follow standard procedure. The matter has been documented and is available through official channels.",politicsNews,real
The city council presented the annual budget regarding the housing market,"The report, published on the official website, stated, the city council presented the annual budget concerning the housing market earlier today. Stakeholders welcomed the move, citing its long-term benefits. The report has been reviewed by independent analysts. Officials noted that the process will continue to be monitored closely over the coming weeks, with further updates expected to follow standard procedure. The matter has been documented and is available through official channels.",politicsNews,real
Researchers at a leading university released findings from a peer-reviewed study regarding the housing market,"As reported by multiple news agencies, researchers at a leading university released findings from a peer-reviewed study concerning the housing market earlier today. The figures were cross-checked against previous quarterly data. Stakeholders welcomed the move, citing its long-term benefits. Officials noted that the process will continue to be monitored closely over the coming weeks, with further updates expected to follow standard procedure. The matter has been documented and is available through official channels.",politicsNews,real
The central bank launched a public health initiative regarding the stock market,"Citing official records, the central bank launched a public health initiative concerning the stock market earlier today. The report has been reviewed by independent analysts. The announcement comes after a series of consultations with industry leaders. Officials noted that the process will continue to be monitored closely over the coming weeks, with further updates expected to follow standard procedure. The matter has been documented and is available through official channels.",politicsNews,real
The central bank scheduled a meeting with stakeholders regarding the economy,"Sources within the department confirmed, the central bank scheduled a meeting with stakeholders concerning the economy earlier today. The figures were cross-checked against previous quarterly data. The report has been reviewed by independent analysts. Officials noted that the process will continue to be monitored closely over the coming weeks, with further updates expected to follow standard procedure. The matter has been documented and is available through official channels.",politicsNews,real
The city council held a press conference regarding a major sports event,"In a statement released on tuesday, the city council held a press conference concerning a major sports event earlier today. Stakeholders welcomed the move, citing its long-term benefits. Stakeholders welcomed the move, citing its long-term benefits. Officials noted that the process will continue to be monitored closely over the coming weeks, with further updates expected to follow standard procedure. The matter has been documented and is available through official channels.",politicsNews,real
The ministry of finance scheduled a meeting with stakeholders regarding the upcoming election,"As reported by multiple news agencies, the Ministry of Finance scheduled a meeting with stakeholders concerning the upcoming election earlier today. A follow-up briefing is expected to be held later this month. The report has been reviewed by independent analysts. Officials noted that the process will continue to be monitored closely over the coming weeks, with further updates expected to follow standard procedure. The matter has been documented and is available through official channels.",politicsNews,real
Nasa released its quarterly report regarding the upcoming election,"Citing official records, NASA released its quarterly report concerning the upcoming election earlier today. A follow-up briefing is expected to be held later this month. The announcement comes after a series of consultations with industry leaders. Officials noted that the process will continue to be monitored closely over the coming weeks, with further updates expected to follow standard procedure. The matter has been documented and is available through official channels.",politicsNews,real
The central bank approved a new infrastructure project regarding a major sports event,"According to officials, the central bank approved a new infrastructure project concerning a major sports event earlier today. The announcement comes after a series of consultations with industry leaders. Officials stated that further details will be released next week. Officials noted that the process will continue to be monitored closely over the coming weeks, with further updates expected to follow standard procedure. The matter has been documented and is available through official channels.",politicsNews,real
The city council approved a new infrastructure project regarding the housing market,"The official spokesperson said, the city council approved a new infrastructure project concerning the housing market earlier today. Officials stated that further details will be released next week. Officials stated that further details will be released next week. Officials noted that the process will continue to be monitored closely over the coming weeks, with further updates expected to follow standard procedure. The matter has been documented and is available through official channels.",politicsNews,real
The prime minister's office announced a new policy regarding a tech company's new product,"Sources within the department confirmed, the Prime Minister's Office announced a new policy concerning a tech company's new product earlier today. The announcement comes after a series of consultations with industry leaders. The announcement comes after a series of consultations with industry leaders. Officials noted that the process will continue to be monitored closely over the coming weeks, with further updates expected to follow standard procedure. The matter has been documented and is available through official channels.",politicsNews,real
The ministry of finance announced a new policy regarding the education system,"Sources within the department confirmed, the Ministry of Finance announced a new policy concerning the education system earlier today. A follow-up briefing is expected to be held later this month. Stakeholders welcomed the move, citing its long-term benefits. Officials noted that the process will continue to be monitored closely over the coming weeks, with further updates expected to follow standard procedure. The matter has been documented and is available through official channels.",politicsNews,real
The ministry of finance released findings from a peer-reviewed study regarding the housing market,"Citing official records, the Ministry of Finance released findings from a peer-reviewed study concerning the housing market earlier today. The figures were cross-checked against previous quarterly data. The figures were cross-checked against previous quarterly data. Officials noted that the process will continue to be monitored closely over the coming weeks, with further updates expected to follow standard procedure. The matter has been documented and is available through official channels.",politicsNews,real
The ministry of finance released findings from a peer-reviewed study regarding the stock market,"The official spokesperson said, the Ministry of Finance released findings from a peer-reviewed study concerning the stock market earlier today. The figures were cross-checked against previous quarterly data. The figures were cross-checked against previous quarterly data. Officials noted that the process will continue to be monitored closely over the coming weeks, with further updates expected to follow standard procedure. The matter has been documented and is available through official channels.",politicsNews,real
The european central bank presented the annual budget regarding a major sports event,"According to officials, the European Central Bank presented the annual budget concerning a major sports event earlier today. The figures were cross-checked against previous quarterly data. The decision follows months of deliberation among experts. Officials noted that the process will continue to be monitored closely over the coming weeks, with further updates expected to follow standard procedure. The matter has been documented and is available through official channels.",politicsNews,real
The election commission confirmed a revision in interest rates regarding the education system,"According to officials, the Election Commission confirmed a revision in interest rates concerning the education system earlier today. A follow-up briefing is expected to be held later this month. The announcement comes after a series of consultations with industry leaders. Officials noted that the process will continue to be monitored closely over the coming weeks, with further updates expected to follow standard procedure. The matter has been documented and is available through official channels.",politicsNews,real
The department of health released findings from a peer-reviewed study regarding the stock market,"According to officials, the Department of Health released findings from a peer-reviewed study concerning the stock market earlier today. A follow-up briefing is expected to be held later this month. The announcement comes after a series of consultations with industry leaders. Officials noted that the process will continue to be monitored closely over the coming weeks, with further updates expected to follow standard procedure. The matter has been documented and is available through official channels.",politicsNews,real
The city council published updated guidelines regarding a tech company's new product,"As reported by multiple news agencies, the city council published updated guidelines concerning a tech company's new product earlier today. A follow-up briefing is expected to be held later this month. Officials stated that further details will be released next week. Officials noted that the process will continue to be monitored closely over the coming weeks, with further updates expected to follow standard procedure. The matter has been documented and is available through official channels.",politicsNews,real
The central bank scheduled a meeting with stakeholders regarding a natural disaster,"Sources within the department confirmed, the central bank scheduled a meeting with stakeholders concerning a natural disaster earlier today. The figures were cross-checked against previous quarterly data. Authorities emphasized that the implementation will be gradual. Officials noted that the process will continue to be monitored closely over the coming weeks, with further updates expected to follow standard procedure. The matter has been documented and is available through official channels.",politicsNews,real
The election commission scheduled a meeting with stakeholders regarding the stock market,"Citing official records, the Election Commission scheduled a meeting with stakeholders concerning the stock market earlier today. Authorities emphasized that the implementation will be gradual. A follow-up briefing is expected to be held later this month. Officials noted that the process will continue to be monitored closely over the coming weeks, with further updates expected to follow standard procedure. The matter has been documented and is available through official channels.",politicsNews,real
The united nations concluded an investigation into the matter regarding a global pandemic,"Data verified by independent auditors shows, the United Nations concluded an investigation into the matter concerning a global pandemic earlier today. The announcement comes after a series of consultations with industry leaders. The report has been reviewed by independent analysts. Officials noted that the process will continue to be monitored closely over the coming weeks, with further updates expected to follow standard procedure. The matter has been documented and is available through official channels.",politicsNews,real
Local authorities concluded an investigation into the matter regarding a tech company's new product,"In a statement released on tuesday, local authorities concluded an investigation into the matter concerning a tech company's new product earlier today. The announcement comes after a series of consultations with industry leaders. The report has been reviewed by independent analysts. Officials noted that the process will continue to be monitored closely over the coming weeks, with further updates expected to follow standard procedure. The matter has been documented and is available through official channels.",politicsNews,real
The ministry of finance scheduled a meeting with stakeholders regarding a viral health trend,"Data verified by independent auditors shows, the Ministry of Finance scheduled a meeting with stakeholders concerning a viral health trend earlier today. Officials stated that further details will be released next week. Authorities emphasized that the implementation will be gradual. Officials noted that the process will continue to be monitored closely over the coming weeks, with further updates expected to follow standard procedure. The matter has been documented and is available through official channels.",politicsNews,real
The reserve bank launched a public health initiative regarding a tech company's new product,"The official spokesperson said, the Reserve Bank launched a public health initiative concerning a tech company's new product earlier today. Stakeholders welcomed the move, citing its long-term benefits. Stakeholders welcomed the move, citing its long-term benefits. Officials noted that the process will continue to be monitored closely over the coming weeks, with further updates expected to follow standard procedure. The matter has been documented and is available through official channels.",politicsNews,real
The united nations announced a new policy regarding a tech company's new product,"Citing official records, the United Nations announced a new policy concerning a tech company's new product earlier today. A follow-up briefing is expected to be held later this month. The figures were cross-checked against previous quarterly data. Officials noted that the process will continue to be monitored closely over the coming weeks, with further updates expected to follow standard procedure. The matter has been documented and is available through official channels.",politicsNews,real
The state government concluded an investigation into the matter regarding the education system,"In a statement released on tuesday, the state government concluded an investigation into the matter concerning the education system earlier today. The announcement comes after a series of consultations with industry leaders. Authorities emphasized that the implementation will be gradual. Officials noted that the process will continue to be monitored closely over the coming weeks, with further updates expected to follow standard procedure. The matter has been documented and is available through official channels.",politicsNews,real
The supreme court presented the annual budget regarding the new vaccine,"The report, published on the official website, stated, the Supreme Court presented the annual budget concerning the new vaccine earlier today. The report has been reviewed by independent analysts. Authorities emphasized that the implementation will be gradual. Officials noted that the process will continue to be monitored closely over the coming weeks, with further updates expected to follow standard procedure. The matter has been documented and is available through official channels.",politicsNews,real
The ministry of finance released findings from a peer-reviewed study regarding the education system,"The official spokesperson said, the Ministry of Finance released findings from a peer-reviewed study concerning the education system earlier today. Authorities emphasized that the implementation will be gradual. Stakeholders welcomed the move, citing its long-term benefits. Officials noted that the process will continue to be monitored closely over the coming weeks, with further updates expected to follow standard procedure. The matter has been documented and is available through official channels.",politicsNews,real
The european central bank confirmed a revision in interest rates regarding climate change,"Sources within the department confirmed, the European Central Bank confirmed a revision in interest rates concerning climate change earlier today. The decision follows months of deliberation among experts. A follow-up briefing is expected to be held later this month. Officials noted that the process will continue to be monitored closely over the coming weeks, with further updates expected to follow standard procedure. The matter has been documented and is available through official channels.",politicsNews,real
Researchers at a leading university scheduled a meeting with stakeholders regarding the new vaccine,"As reported by multiple news agencies, researchers at a leading university scheduled a meeting with stakeholders concerning the new vaccine earlier today. Authorities emphasized that the implementation will be gradual. Officials stated that further details will be released next week. Officials noted that the process will continue to be monitored closely over the coming weeks, with further updates expected to follow standard procedure. The matter has been documented and is available through official channels.",politicsNews,real
The prime minister's office scheduled a meeting with stakeholders regarding a major sports event,"As reported by multiple news agencies, the Prime Minister's Office scheduled a meeting with stakeholders concerning a major sports event earlier today. Stakeholders welcomed the move, citing its long-term benefits. A follow-up briefing is expected to be held later this month. Officials noted that the process will continue to be monitored closely over the coming weeks, with further updates expected to follow standard procedure. The matter has been documented and is available through official channels.",politicsNews,real
The world health organization released findings from a peer-reviewed study regarding a tech company's new product,"The report, published on the official website, stated, the World Health Organization released findings from a peer-reviewed study concerning a tech company's new product earlier today. The decision follows months of deliberation among experts. The decision follows months of deliberation among experts. Officials noted that the process will continue to be monitored closely over the coming weeks, with further updates expected to follow standard procedure. The matter has been documented and is available through official channels.",politicsNews,real
Nasa confirmed a revision in interest rates regarding the education system,"As reported by multiple news agencies, NASA confirmed a revision in interest rates concerning the education system earlier today. Stakeholders welcomed the move, citing its long-term benefits. Stakeholders welcomed the move, citing its long-term benefits. Officials noted that the process will continue to be monitored closely over the coming weeks, with further updates expected to follow standard procedure. The matter has been documented and is available through official channels.",politicsNews,real
The supreme court released its quarterly report regarding a major sports event,"Sources within the department confirmed, the Supreme Court released its quarterly report concerning a major sports event earlier today. The figures were cross-checked against previous quarterly data. The figures were cross-checked against previous quarterly data. Officials noted that the process will continue to be monitored closely over the coming weeks, with further updates expected to follow standard procedure. The matter has been documented and is available through official channels.",politicsNews,real
The ministry of finance approved a new infrastructure project regarding climate change,"The report, published on the official website, stated, the Ministry of Finance approved a new infrastructure project concerning climate change earlier today. The figures were cross-checked against previous quarterly data. The announcement comes after a series of consultations with industry leaders. Officials noted that the process will continue to be monitored closely over the coming weeks, with further updates expected to follow standard procedure. The matter has been documented and is available through official channels.",politicsNews,real
The united nations published updated guidelines regarding the stock market,"Sources within the department confirmed, the United Nations published updated guidelines concerning the stock market earlier today. A follow-up briefing is expected to be held later this month. Officials stated that further details will be released next week. Officials noted that the process will continue to be monitored closely over the coming weeks, with further updates expected to follow standard procedure. The matter has been documented and is available through official channels.",politicsNews,real
The state government published updated guidelines regarding climate change,"Sources within the department confirmed, the state government published updated guidelines concerning climate change earlier today. The decision follows months of deliberation among experts. The decision follows months of deliberation among experts. Officials noted that the process will continue to be monitored closely over the coming weeks, with further updates expected to follow standard procedure. The matter has been documented and is available through official channels.",politicsNews,real
Researchers at a leading university released its quarterly report regarding the upcoming election,"As reported by multiple news agencies, researchers at a leading university released its quarterly report concerning the upcoming election earlier today. A follow-up briefing is expected to be held later this month. The report has been reviewed by independent analysts. Officials noted that the process will continue to be monitored closely over the coming weeks, with further updates expected to follow standard procedure. The matter has been documented and is available through official channels.",politicsNews,real
The european central bank held a press conference regarding the education system,"Citing official records, the European Central Bank held a press conference concerning the education system earlier today. The report has been reviewed by independent analysts. The report has been reviewed by independent analysts. Officials noted that the process will continue to be monitored closely over the coming weeks, with further updates expected to follow standard procedure. The matter has been documented and is available through official channels.",politicsNews,real
The central bank approved a new infrastructure project regarding the stock market,"Sources within the department confirmed, the central bank approved a new infrastructure project concerning the stock market earlier today. The report has been reviewed by independent analysts. The report has been reviewed by independent analysts. Officials noted that the process will continue to be monitored closely over the coming weeks, with further updates expected to follow standard procedure. The matter has been documented and is available through official channels.",politicsNews,real
The department of health issued an official statement regarding a political scandal,"In a statement released on tuesday, the Department of Health issued an official statement concerning a political scandal earlier today. A follow-up briefing is expected to be held later this month. Officials stated that further details will be released next week. Officials noted that the process will continue to be monitored closely over the coming weeks, with further updates expected to follow standard procedure. The matter has been documented and is available through official channels.",politicsNews,real
The world health organization signed an agreement with neighboring countries regarding the upcoming election,"Citing official records, the World Health Organization signed an agreement with neighboring countries concerning the upcoming election earlier today. The figures were cross-checked against previous quarterly data. The decision follows months of deliberation among experts. Officials noted that the process will continue to be monitored closely over the coming weeks, with further updates expected to follow standard procedure. The matter has been documented and is available through official channels.",politicsNews,real
The state government issued an official statement regarding a global pandemic,"The report, published on the official website, stated, the state government issued an official statement concerning a global pandemic earlier today. The figures were cross-checked against previous quarterly data. Stakeholders welcomed the move, citing its long-term benefits. Officials noted that the process will continue to be monitored closely over the coming weeks, with further updates expected to follow standard procedure. The matter has been documented and is available through official channels.",politicsNews,real
The state government confirmed a revision in interest rates regarding a major sports event,"In a statement released on tuesday, the state government confirmed a revision in interest rates concerning a major sports event earlier today. The figures were cross-checked against previous quarterly data. Officials stated that further details will be released next week. Officials noted that the process will continue to be monitored closely over the coming weeks, with further updates expected to follow standard procedure. The matter has been documented and is available through official channels.",politicsNews,real
The european central bank confirmed a revision in interest rates regarding a new technology,"Data verified by independent auditors shows, the European Central Bank confirmed a revision in interest rates concerning a new technology earlier today. The announcement comes after a series of consultations with industry leaders. The decision follows months of deliberation among experts. Officials noted that the process will continue to be monitored closely over the coming weeks, with further updates expected to follow standard procedure. The matter has been documented and is available through official channels.",politicsNews,real
The state government published updated guidelines regarding the housing market,"According to officials, the state government published updated guidelines concerning the housing market earlier today. The decision follows months of deliberation among experts. The decision follows months of deliberation among experts. Officials noted that the process will continue to be monitored closely over the coming weeks, with further updates expected to follow standard procedure. The matter has been documented and is available through official channels.",politicsNews,real
Local authorities presented the annual budget regarding the housing market,"As reported by multiple news agencies, local authorities presented the annual budget concerning the housing market earlier today. Authorities emphasized that the implementation will be gradual. The decision follows months of deliberation among experts. Officials noted that the process will continue to be monitored closely over the coming weeks, with further updates expected to follow standard procedure. The matter has been documented and is available through official channels.",politicsNews,real
The ministry of finance scheduled a meeting with stakeholders regarding a new technology,"The official spokesperson said, the Ministry of Finance scheduled a meeting with stakeholders concerning a new technology earlier today. Stakeholders welcomed the move, citing its long-term benefits. The decision follows months of deliberation among experts. Officials noted that the process will continue to be monitored closely over the coming weeks, with further updates expected to follow standard procedure. The matter has been documented and is available through official channels.",politicsNews,real
The reserve bank signed an agreement with neighboring countries regarding climate change,"The report, published on the official website, stated, the Reserve Bank signed an agreement with neighboring countries concerning climate change earlier today. The figures were cross-checked against previous quarterly data. Stakeholders welcomed the move, citing its long-term benefits. Officials noted that the process will continue to be monitored closely over the coming weeks, with further updates expected to follow standard procedure. The matter has been documented and is available through official channels.",politicsNews,real
The european central bank issued an official statement regarding a global pandemic,"Data verified by independent auditors shows, the European Central Bank issued an official statement concerning a global pandemic earlier today. The figures were cross-checked against previous quarterly data. The announcement comes after a series of consultations with industry leaders. Officials noted that the process will continue to be monitored closely over the coming weeks, with further updates expected to follow standard procedure. The matter has been documented and is available through official channels.",politicsNews,real
Researchers at a leading university confirmed a revision in interest rates regarding a popular celebrity,"In a statement released on tuesday, researchers at a leading university confirmed a revision in interest rates concerning a popular celebrity earlier today. Stakeholders welcomed the move, citing its long-term benefits. A follow-up briefing is expected to be held later this month. Officials noted that the process will continue to be monitored closely over the coming weeks, with further updates expected to follow standard procedure. The matter has been documented and is available through official channels.",politicsNews,real
Local authorities released findings from a peer-reviewed study regarding climate change,"Citing official records, local authorities released findings from a peer-reviewed study concerning climate change earlier today. Stakeholders welcomed the move, citing its long-term benefits. Officials stated that further details will be released next week. Officials noted that the process will continue to be monitored closely over the coming weeks, with further updates expected to follow standard procedure. The matter has been documented and is available through official channels.",politicsNews,real
The world health organization presented the annual budget regarding climate change,"The report, published on the official website, stated, the World Health Organization presented the annual budget concerning climate change earlier today. The announcement comes after a series of consultations with industry leaders. The figures were cross-checked against previous quarterly data. Officials noted that the process will continue to be monitored closely over the coming weeks, with further updates expected to follow standard procedure. The matter has been documented and is available through official channels.",politicsNews,real
The city council released its quarterly report regarding a tech company's new product,"In a statement released on tuesday, the city council released its quarterly report concerning a tech company's new product earlier today. Stakeholders welcomed the move, citing its long-term benefits. Officials stated that further details will be released next week. Officials noted that the process will continue to be monitored closely over the coming weeks, with further updates expected to follow standard procedure. The matter has been documented and is available through official channels.",politicsNews,real
The department of health released its quarterly report regarding the upcoming election,"Sources within the department confirmed, the Department of Health released its quarterly report concerning the upcoming election earlier today. The decision follows months of deliberation among experts. The figures were cross-checked against previous quarterly data. Officials noted that the process will continue to be monitored closely over the coming weeks, with further updates expected to follow standard procedure. The matter has been documented and is available through official channels.",politicsNews,real
The department of health scheduled a meeting with stakeholders regarding a new technology,"As reported by multiple news agencies, the Department of Health scheduled a meeting with stakeholders concerning a new technology earlier today. The decision follows months of deliberation among experts. Stakeholders welcomed the move, citing its long-term benefits. Officials noted that the process will continue to be monitored closely over the coming weeks, with further updates expected to follow standard procedure. The matter has been documented and is available through official channels.",politicsNews,real
The supreme court approved a new infrastructure project regarding the stock market,"As reported by multiple news agencies, the Supreme Court approved a new infrastructure project concerning the stock market earlier today. A follow-up briefing is expected to be held later this month. Stakeholders welcomed the move, citing its long-term benefits. Officials noted that the process will continue to be monitored closely over the coming weeks, with further updates expected to follow standard procedure. The matter has been documented and is available through official channels.",politicsNews,real
Nasa released its quarterly report regarding climate change,"The official spokesperson said, NASA released its quarterly report concerning climate change earlier today. Stakeholders welcomed the move, citing its long-term benefits. Authorities emphasized that the implementation will be gradual. Officials noted that the process will continue to be monitored closely over the coming weeks, with further updates expected to follow standard procedure. The matter has been documented and is available through official channels.",politicsNews,real
Researchers at a leading university signed an agreement with neighboring countries regarding the housing market,"Data verified by independent auditors shows, researchers at a leading university signed an agreement with neighboring countries concerning the housing market earlier today. The report has been reviewed by independent analysts. The report has been reviewed by independent analysts. Officials noted that the process will continue to be monitored closely over the coming weeks, with further updates expected to follow standard procedure. The matter has been documented and is available through official channels.",politicsNews,real
Nasa presented the annual budget regarding a viral health trend,"According to officials, NASA presented the annual budget concerning a viral health trend earlier today. The report has been reviewed by independent analysts. Authorities emphasized that the implementation will be gradual. Officials noted that the process will continue to be monitored closely over the coming weeks, with further updates expected to follow standard procedure. The matter has been documented and is available through official channels.",politicsNews,real
The reserve bank confirmed a revision in interest rates regarding a viral health trend,"According to officials, the Reserve Bank confirmed a revision in interest rates concerning a viral health trend earlier today. The decision follows months of deliberation among experts. The figures were cross-checked against previous quarterly data. Officials noted that the process will continue to be monitored closely over the coming weeks, with further updates expected to follow standard procedure. The matter has been documented and is available through official channels.",politicsNews,real
The european central bank presented the annual budget regarding the economy,"Sources within the department confirmed, the European Central Bank presented the annual budget concerning the economy earlier today. A follow-up briefing is expected to be held later this month. The figures were cross-checked against previous quarterly data. Officials noted that the process will continue to be monitored closely over the coming weeks, with further updates expected to follow standard procedure. The matter has been documented and is available through official channels.",politicsNews,real
The european central bank approved a new infrastructure project regarding a natural disaster,"The report, published on the official website, stated, the European Central Bank approved a new infrastructure project concerning a natural disaster earlier today. A follow-up briefing is expected to be held later this month. A follow-up briefing is expected to be held later this month. Officials noted that the process will continue to be monitored closely over the coming weeks, with further updates expected to follow standard procedure. The matter has been documented and is available through official channels.",politicsNews,real
The state government scheduled a meeting with stakeholders regarding a major sports event,"As reported by multiple news agencies, the state government scheduled a meeting with stakeholders concerning a major sports event earlier today. The announcement comes after a series of consultations with industry leaders. The report has been reviewed by independent analysts. Officials noted that the process will continue to be monitored closely over the coming weeks, with further updates expected to follow standard procedure. The matter has been documented and is available through official channels.",politicsNews,real
The reserve bank launched a public health initiative regarding the education system,"In a statement released on tuesday, the Reserve Bank launched a public health initiative concerning the education system earlier today. Stakeholders welcomed the move, citing its long-term benefits. The figures were cross-checked against previous quarterly data. Officials noted that the process will continue to be monitored closely over the coming weeks, with further updates expected to follow standard procedure. The matter has been documented and is available through official channels.",politicsNews,real
The central bank confirmed a revision in interest rates regarding the education system,"Citing official records, the central bank confirmed a revision in interest rates concerning the education system earlier today. A follow-up briefing is expected to be held later this month. A follow-up briefing is expected to be held later this month. Officials noted that the process will continue to be monitored closely over the coming weeks, with further updates expected to follow standard procedure. The matter has been documented and is available through official channels.",politicsNews,real
The world health organization scheduled a meeting with stakeholders regarding the upcoming election,"The official spokesperson said, the World Health Organization scheduled a meeting with stakeholders concerning the upcoming election earlier today. Stakeholders welcomed the move, citing its long-term benefits. Stakeholders welcomed the move, citing its long-term benefits. Officials noted that the process will continue to be monitored closely over the coming weeks, with further updates expected to follow standard procedure. The matter has been documented and is available through official channels.",politicsNews,real
The supreme court issued an official statement regarding the upcoming election,"Data verified by independent auditors shows, the Supreme Court issued an official statement concerning the upcoming election earlier today. The figures were cross-checked against previous quarterly data. The report has been reviewed by independent analysts. Officials noted that the process will continue to be monitored closely over the coming weeks, with further updates expected to follow standard procedure. The matter has been documented and is available through official channels.",politicsNews,real
The united nations signed an agreement with neighboring countries regarding the housing market,"The report, published on the official website, stated, the United Nations signed an agreement with neighboring countries concerning the housing market earlier today. The report has been reviewed by independent analysts. The figures were cross-checked against previous quarterly data. Officials noted that the process will continue to be monitored closely over the coming weeks, with further updates expected to follow standard procedure. The matter has been documented and is available through official channels.",politicsNews,real
The prime minister's office concluded an investigation into the matter regarding a popular celebrity,"As reported by multiple news agencies, the Prime Minister's Office concluded an investigation into the matter concerning a popular celebrity earlier today. The report has been reviewed by independent analysts. The figures were cross-checked against previous quarterly data. Officials noted that the process will continue to be monitored closely over the coming weeks, with further updates expected to follow standard procedure. The matter has been documented and is available through official channels.",politicsNews,real
The united nations scheduled a meeting with stakeholders regarding a political scandal,"As reported by multiple news agencies, the United Nations scheduled a meeting with stakeholders concerning a political scandal earlier today. A follow-up briefing is expected to be held later this month. Authorities emphasized that the implementation will be gradual. Officials noted that the process will continue to be monitored closely over the coming weeks, with further updates expected to follow standard procedure. The matter has been documented and is available through official channels.",politicsNews,real
The ministry of finance announced a new policy regarding a global pandemic,"According to officials, the Ministry of Finance announced a new policy concerning a global pandemic earlier today. The decision follows months of deliberation among experts. Authorities emphasized that the implementation will be gradual. Officials noted that the process will continue to be monitored closely over the coming weeks, with further updates expected to follow standard procedure. The matter has been documented and is available through official channels.",politicsNews,real
The election commission released its quarterly report regarding a viral health trend,"The report, published on the official website, stated, the Election Commission released its quarterly report concerning a viral health trend earlier today. Authorities emphasized that the implementation will be gradual. A follow-up briefing is expected to be held later this month. Officials noted that the process will continue to be monitored closely over the coming weeks, with further updates expected to follow standard procedure. The matter has been documented and is available through official channels.",politicsNews,real
The city council presented the annual budget regarding a global pandemic,"As reported by multiple news agencies, the city council presented the annual budget concerning a global pandemic earlier today. The report has been reviewed by independent analysts. The report has been reviewed by independent analysts. Officials noted that the process will continue to be monitored closely over the coming weeks, with further updates expected to follow standard procedure. The matter has been documented and is available through official channels.",politicsNews,real
Local authorities signed an agreement with neighboring countries regarding a natural disaster,"Sources within the department confirmed, local authorities signed an agreement with neighboring countries concerning a natural disaster earlier today. The report has been reviewed by independent analysts. A follow-up briefing is expected to be held later this month. Officials noted that the process will continue to be monitored closely over the coming weeks, with further updates expected to follow standard procedure. The matter has been documented and is available through official channels.",politicsNews,real
The prime minister's office launched a public health initiative regarding a political scandal,"As reported by multiple news agencies, the Prime Minister's Office launched a public health initiative concerning a political scandal earlier today. The decision follows months of deliberation among experts. Authorities emphasized that the implementation will be gradual. Officials noted that the process will continue to be monitored closely over the coming weeks, with further updates expected to follow standard procedure. The matter has been documented and is available through official channels.",politicsNews,real
The state government concluded an investigation into the matter regarding a global pandemic,"The report, published on the official website, stated, the state government concluded an investigation into the matter concerning a global pandemic earlier today. Authorities emphasized that the implementation will be gradual. Officials stated that further details will be released next week. Officials noted that the process will continue to be monitored closely over the coming weeks, with further updates expected to follow standard procedure. The matter has been documented and is available through official channels.",politicsNews,real
The central bank held a press conference regarding a global pandemic,"Sources within the department confirmed, the central bank held a press conference concerning a global pandemic earlier today. Stakeholders welcomed the move, citing its long-term benefits. Authorities emphasized that the implementation will be gradual. Officials noted that the process will continue to be monitored closely over the coming weeks, with further updates expected to follow standard procedure. The matter has been documented and is available through official channels.",politicsNews,real
The european central bank concluded an investigation into the matter regarding climate change,"In a statement released on tuesday, the European Central Bank concluded an investigation into the matter concerning climate change earlier today. Authorities emphasized that the implementation will be gradual. The announcement comes after a series of consultations with industry leaders. Officials noted that the process will continue to be monitored closely over the coming weeks, with further updates expected to follow standard procedure. The matter has been documented and is available through official channels.",politicsNews,real
The supreme court held a press conference regarding a natural disaster,"According to officials, the Supreme Court held a press conference concerning a natural disaster earlier today. Stakeholders welcomed the move, citing its long-term benefits. The announcement comes after a series of consultations with industry leaders. Officials noted that the process will continue to be monitored closely over the coming weeks, with further updates expected to follow standard procedure. The matter has been documented and is available through official channels.",politicsNews,real
Local authorities released findings from a peer-reviewed study regarding a natural disaster,"Citing official records, local authorities released findings from a peer-reviewed study concerning a natural disaster earlier today. Officials stated that further details will be released next week. Authorities emphasized that the implementation will be gradual. Officials noted that the process will continue to be monitored closely over the coming weeks, with further updates expected to follow standard procedure. The matter has been documented and is available through official channels.",politicsNews,real
The election commission confirmed a revision in interest rates regarding a global pandemic,"The official spokesperson said, the Election Commission confirmed a revision in interest rates concerning a global pandemic earlier today. A follow-up briefing is expected to be held later this month. The figures were cross-checked against previous quarterly data. Officials noted that the process will continue to be monitored closely over the coming weeks, with further updates expected to follow standard procedure. The matter has been documented and is available through official channels.",politicsNews,real
The supreme court released findings from a peer-reviewed study regarding a major sports event,"In a statement released on tuesday, the Supreme Court released findings from a peer-reviewed study concerning a major sports event earlier today. Authorities emphasized that the implementation will be gradual. The report has been reviewed by independent analysts. Officials noted that the process will continue to be monitored closely over the coming weeks, with further updates expected to follow standard procedure. The matter has been documented and is available through official channels.",politicsNews,real
The election commission approved a new infrastructure project regarding a global pandemic,"Sources within the department confirmed, the Election Commission approved a new infrastructure project concerning a global pandemic earlier today. A follow-up briefing is expected to be held later this month. Officials stated that further details will be released next week. Officials noted that the process will continue to be monitored closely over the coming weeks, with further updates expected to follow standard procedure. The matter has been documented and is available through official channels.",politicsNews,real
The city council held a press conference regarding the upcoming election,"Sources within the department confirmed, the city council held a press conference concerning the upcoming election earlier today. Officials stated that further details will be released next week. The report has been reviewed by independent analysts. Officials noted that the process will continue to be monitored closely over the coming weeks, with further updates expected to follow standard procedure. The matter has been documented and is available through official channels.",politicsNews,real
Researchers at a leading university released its quarterly report regarding the education system,"According to officials, researchers at a leading university released its quarterly report concerning the education system earlier today. The decision follows months of deliberation among experts. Authorities emphasized that the implementation will be gradual. Officials noted that the process will continue to be monitored closely over the coming weeks, with further updates expected to follow standard procedure. The matter has been documented and is available through official channels.",politicsNews,real
The city council issued an official statement regarding a viral health trend,"Sources within the department confirmed, the city council issued an official statement concerning a viral health trend earlier today. Officials stated that further details will be released next week. The decision follows months of deliberation among experts. Officials noted that the process will continue to be monitored closely over the coming weeks, with further updates expected to follow standard procedure. The matter has been documented and is available through official channels.",politicsNews,real
The ministry of finance scheduled a meeting with stakeholders regarding the economy,"Sources within the department confirmed, the Ministry of Finance scheduled a meeting with stakeholders concerning the economy earlier today. The figures were cross-checked against previous quarterly data. Stakeholders welcomed the move, citing its long-term benefits. Officials noted that the process will continue to be monitored closely over the coming weeks, with further updates expected to follow standard procedure. The matter has been documented and is available through official channels.",politicsNews,real
The department of health signed an agreement with neighboring countries regarding a viral health trend,"Citing official records, the Department of Health signed an agreement with neighboring countries concerning a viral health trend earlier today. The report has been reviewed by independent analysts. A follow-up briefing is expected to be held later this month. Officials noted that the process will continue to be monitored closely over the coming weeks, with further updates expected to follow standard procedure. The matter has been documented and is available through official channels.",politicsNews,real
The ministry of finance held a press conference regarding a popular celebrity,"The official spokesperson said, the Ministry of Finance held a press conference concerning a popular celebrity earlier today. The report has been reviewed by independent analysts. Stakeholders welcomed the move, citing its long-term benefits. Officials noted that the process will continue to be monitored closely over the coming weeks, with further updates expected to follow standard procedure. The matter has been documented and is available through official channels.",politicsNews,real
The city council signed an agreement with neighboring countries regarding a major sports event,"As reported by multiple news agencies, the city council signed an agreement with neighboring countries concerning a major sports event earlier today. The announcement comes after a series of consultations with industry leaders. The figures were cross-checked against previous quarterly data. Officials noted that the process will continue to be monitored closely over the coming weeks, with further updates expected to follow standard procedure. The matter has been documented and is available through official channels.",politicsNews,real
Researchers at a leading university published updated guidelines regarding the housing market,"The official spokesperson said, researchers at a leading university published updated guidelines concerning the housing market earlier today. The decision follows months of deliberation among experts. The announcement comes after a series of consultations with industry leaders. Officials noted that the process will continue to be monitored closely over the coming weeks, with further updates expected to follow standard procedure. The matter has been documented and is available through official channels.",politicsNews,real
The supreme court scheduled a meeting with stakeholders regarding a viral health trend,"According to officials, the Supreme Court scheduled a meeting with stakeholders concerning a viral health trend earlier today. The figures were cross-checked against previous quarterly data. Officials stated that further details will be released next week. Officials noted that the process will continue to be monitored closely over the coming weeks, with further updates expected to follow standard procedure. The matter has been documented and is available through official channels.",politicsNews,real
The european central bank released findings from a peer-reviewed study regarding the education system,"The report, published on the official website, stated, the European Central Bank released findings from a peer-reviewed study concerning the education system earlier today. Officials stated that further details will be released next week. The announcement comes after a series of consultations with industry leaders. Officials noted that the process will continue to be monitored closely over the coming weeks, with further updates expected to follow standard procedure. The matter has been documented and is available through official channels.",politicsNews,real
The department of health approved a new infrastructure project regarding the stock market,"Citing official records, the Department of Health approved a new infrastructure project concerning the stock market earlier today. Stakeholders welcomed the move, citing its long-term benefits. Stakeholders welcomed the move, citing its long-term benefits. Officials noted that the process will continue to be monitored closely over the coming weeks, with further updates expected to follow standard procedure. The matter has been documented and is available through official channels.",politicsNews,real
The department of health launched a public health initiative regarding a global pandemic,"The report, published on the official website, stated, the Department of Health launched a public health initiative concerning a global pandemic earlier today. The figures were cross-checked against previous quarterly data. A follow-up briefing is expected to be held later this month. Officials noted that the process will continue to be monitored closely over the coming weeks, with further updates expected to follow standard procedure. The matter has been documented and is available through official channels.",politicsNews,real
The reserve bank held a press conference regarding a major sports event,"The report, published on the official website, stated, the Reserve Bank held a press conference concerning a major sports event earlier today. The report has been reviewed by independent analysts. The figures were cross-checked against previous quarterly data. Officials noted that the process will continue to be monitored closely over the coming weeks, with further updates expected to follow standard procedure. The matter has been documented and is available through official channels.",politicsNews,real
The european central bank held a press conference regarding the new vaccine,"The official spokesperson said, the European Central Bank held a press conference concerning the new vaccine earlier today. The decision follows months of deliberation among experts. The figures were cross-checked against previous quarterly data. Officials noted that the process will continue to be monitored closely over the coming weeks, with further updates expected to follow standard procedure. The matter has been documented and is available through official channels.",politicsNews,real
The department of health confirmed a revision in interest rates regarding a popular celebrity,"As reported by multiple news agencies, the Department of Health confirmed a revision in interest rates concerning a popular celebrity earlier today. The announcement comes after a series of consultations with industry leaders. Stakeholders welcomed the move, citing its long-term benefits. Officials noted that the process will continue to be monitored closely over the coming weeks, with further updates expected to follow standard procedure. The matter has been documented and is available through official channels.",politicsNews,real
The department of health issued an official statement regarding the stock market,"According to officials, the Department of Health issued an official statement concerning the stock market earlier today. Officials stated that further details will be released next week. Officials stated that further details will be released next week. Officials noted that the process will continue to be monitored closely over the coming weeks, with further updates expected to follow standard procedure. The matter has been documented and is available through official channels.",politicsNews,real
The united nations presented the annual budget regarding a political scandal,"Citing official records, the United Nations presented the annual budget concerning a political scandal earlier today. Stakeholders welcomed the move, citing its long-term benefits. The figures were cross-checked against previous quarterly data. Officials noted that the process will continue to be monitored closely over the coming weeks, with further updates expected to follow standard procedure. The matter has been documented and is available through official channels.",politicsNews,real
The state government approved a new infrastructure project regarding a viral health trend,"In a statement released on tuesday, the state government approved a new infrastructure project concerning a viral health trend earlier today. Officials stated that further details will be released next week. The report has been reviewed by independent analysts. Officials noted that the process will continue to be monitored closely over the coming weeks, with further updates expected to follow standard procedure. The matter has been documented and is available through official channels.",politicsNews,real
The supreme court concluded an investigation into the matter regarding the new vaccine,"Citing official records, the Supreme Court concluded an investigation into the matter concerning the new vaccine earlier today. The decision follows months of deliberation among experts. A follow-up briefing is expected to be held later this month. Officials noted that the process will continue to be monitored closely over the coming weeks, with further updates expected to follow standard procedure. The matter has been documented and is available through official channels.",politicsNews,real
The central bank published updated guidelines regarding a political scandal,"Citing official records, the central bank published updated guidelines concerning a political scandal earlier today. The announcement comes after a series of consultations with industry leaders. Authorities emphasized that the implementation will be gradual. Officials noted that the process will continue to be monitored closely over the coming weeks, with further updates expected to follow standard procedure. The matter has been documented and is available through official channels.",politicsNews,real
The city council issued an official statement regarding the education system,"The official spokesperson said, the city council issued an official statement concerning the education system earlier today. Stakeholders welcomed the move, citing its long-term benefits. Stakeholders welcomed the move, citing its long-term benefits. Officials noted that the process will continue to be monitored closely over the coming weeks, with further updates expected to follow standard procedure. The matter has been documented and is available through official channels.",politicsNews,real
Nasa released its quarterly report regarding a political scandal,"In a statement released on tuesday, NASA released its quarterly report concerning a political scandal earlier today. The report has been reviewed by independent analysts. Authorities emphasized that the implementation will be gradual. Officials noted that the process will continue to be monitored closely over the coming weeks, with further updates expected to follow standard procedure. The matter has been documented and is available through official channels.",politicsNews,real
The department of health confirmed a revision in interest rates regarding a political scandal,"The official spokesperson said, the Department of Health confirmed a revision in interest rates concerning a political scandal earlier today. The announcement comes after a series of consultations with industry leaders. The report has been reviewed by independent analysts. Officials noted that the process will continue to be monitored closely over the coming weeks, with further updates expected to follow standard procedure. The matter has been documented and is available through official channels.",politicsNews,real
The supreme court published updated guidelines regarding the housing market,"Citing official records, the Supreme Court published updated guidelines concerning the housing market earlier today. The report has been reviewed by independent analysts. The announcement comes after a series of consultations with industry leaders. Officials noted that the process will continue to be monitored closely over the coming weeks, with further updates expected to follow standard procedure. The matter has been documented and is available through official channels.",politicsNews,real
The central bank concluded an investigation into the matter regarding a popular celebrity,"Sources within the department confirmed, the central bank concluded an investigation into the matter concerning a popular celebrity earlier today. The decision follows months of deliberation among experts. Stakeholders welcomed the move, citing its long-term benefits. Officials noted that the process will continue to be monitored closely over the coming weeks, with further updates expected to follow standard procedure. The matter has been documented and is available through official channels.",politicsNews,real
Local authorities announced a new policy regarding a popular celebrity,"Data verified by independent auditors shows, local authorities announced a new policy concerning a popular celebrity earlier today. Stakeholders welcomed the move, citing its long-term benefits. The report has been reviewed by independent analysts. Officials noted that the process will continue to be monitored closely over the coming weeks, with further updates expected to follow standard procedure. The matter has been documented and is available through official channels.",politicsNews,real
The supreme court launched a public health initiative regarding a new technology,"As reported by multiple news agencies, the Supreme Court launched a public health initiative concerning a new technology earlier today. The figures were cross-checked against previous quarterly data. The report has been reviewed by independent analysts. Officials noted that the process will continue to be monitored closely over the coming weeks, with further updates expected to follow standard procedure. The matter has been documented and is available through official channels.",politicsNews,real
The election commission signed an agreement with neighboring countries regarding a popular celebrity,"Citing official records, the Election Commission signed an agreement with neighboring countries concerning a popular celebrity earlier today. The report has been reviewed by independent analysts. The report has been reviewed by independent analysts. Officials noted that the process will continue to be monitored closely over the coming weeks, with further updates expected to follow standard procedure. The matter has been documented and is available through official channels.",politicsNews,real
The supreme court held a press conference regarding a tech company's new product,"The report, published on the official website, stated, the Supreme Court held a press conference concerning a tech company's new product earlier today. The figures were cross-checked against previous quarterly data. The decision follows months of deliberation among experts. Officials noted that the process will continue to be monitored closely over the coming weeks, with further updates expected to follow standard procedure. The matter has been documented and is available through official channels.",politicsNews,real
The european central bank released findings from a peer-reviewed study regarding a natural disaster,"According to officials, the European Central Bank released findings from a peer-reviewed study concerning a natural disaster earlier today. The announcement comes after a series of consultations with industry leaders. Authorities emphasized that the implementation will be gradual. Officials noted that the process will continue to be monitored closely over the coming weeks, with further updates expected to follow standard procedure. The matter has been documented and is available through official channels.",politicsNews,real
The department of health released its quarterly report regarding climate change,"Sources within the department confirmed, the Department of Health released its quarterly report concerning climate change earlier today. The report has been reviewed by independent analysts. Officials stated that further details will be released next week. Officials noted that the process will continue to be monitored closely over the coming weeks, with further updates expected to follow standard procedure. The matter has been documented and is available through official channels.",politicsNews,real
The supreme court released its quarterly report regarding the stock market,"In a statement released on tuesday, the Supreme Court released its quarterly report concerning the stock market earlier today. Officials stated that further details will be released next week. A follow-up briefing is expected to be held later this month. Officials noted that the process will continue to be monitored closely over the coming weeks, with further updates expected to follow standard procedure. The matter has been documented and is available through official channels.",politicsNews,real
Local authorities held a press conference regarding a tech company's new product,"Sources within the department confirmed, local authorities held a press conference concerning a tech company's new product earlier today. Stakeholders welcomed the move, citing its long-term benefits. A follow-up briefing is expected to be held later this month. Officials noted that the process will continue to be monitored closely over the coming weeks, with further updates expected to follow standard procedure. The matter has been documented and is available through official channels.",politicsNews,real
The state government issued an official statement regarding the economy,"According to officials, the state government issued an official statement concerning the economy earlier today. Stakeholders welcomed the move, citing its long-term benefits. A follow-up briefing is expected to be held later this month. Officials noted that the process will continue to be monitored closely over the coming weeks, with further updates expected to follow standard procedure. The matter has been documented and is available through official channels.",politicsNews,real
Researchers at a leading university held a press conference regarding the stock market,"The report, published on the official website, stated, researchers at a leading university held a press conference concerning the stock market earlier today. The figures were cross-checked against previous quarterly data. The figures were cross-checked against previous quarterly data. Officials noted that the process will continue to be monitored closely over the coming weeks, with further updates expected to follow standard procedure. The matter has been documented and is available through official channels.",politicsNews,real
Nasa released its quarterly report regarding the upcoming election,"According to officials, NASA released its quarterly report concerning the upcoming election earlier today. The decision follows months of deliberation among experts. Stakeholders welcomed the move, citing its long-term benefits. Officials noted that the process will continue to be monitored closely over the coming weeks, with further updates expected to follow standard procedure. The matter has been documented and is available through official channels.",politicsNews,real
The european central bank published updated guidelines regarding a major sports event,"As reported by multiple news agencies, the European Central Bank published updated guidelines concerning a major sports event earlier today. Stakeholders welcomed the move, citing its long-term benefits. The report has been reviewed by independent analysts. Officials noted that the process will continue to be monitored closely over the coming weeks, with further updates expected to follow standard procedure. The matter has been documented and is available through official channels.",politicsNews,real
The world health organization signed an agreement with neighboring countries regarding the stock market,"Data verified by independent auditors shows, the World Health Organization signed an agreement with neighboring countries concerning the stock market earlier today. Stakeholders welcomed the move, citing its long-term benefits. Authorities emphasized that the implementation will be gradual. Officials noted that the process will continue to be monitored closely over the coming weeks, with further updates expected to follow standard procedure. The matter has been documented and is available through official channels.",politicsNews,real
The reserve bank launched a public health initiative regarding the upcoming election,"In a statement released on tuesday, the Reserve Bank launched a public health initiative concerning the upcoming election earlier today. The report has been reviewed by independent analysts. Officials stated that further details will be released next week. Officials noted that the process will continue to be monitored closely over the coming weeks, with further updates expected to follow standard procedure. The matter has been documented and is available through official channels.",politicsNews,real
The city council concluded an investigation into the matter regarding a tech company's new product,"Data verified by independent auditors shows, the city council concluded an investigation into the matter concerning a tech company's new product earlier today. Stakeholders welcomed the move, citing its long-term benefits. The announcement comes after a series of consultations with industry leaders. Officials noted that the process will continue to be monitored closely over the coming weeks, with further updates expected to follow standard procedure. The matter has been documented and is available through official channels.",politicsNews,real
The united nations presented the annual budget regarding a popular celebrity,"According to officials, the United Nations presented the annual budget concerning a popular celebrity earlier today. The decision follows months of deliberation among experts. Stakeholders welcomed the move, citing its long-term benefits. Officials noted that the process will continue to be monitored closely over the coming weeks, with further updates expected to follow standard procedure. The matter has been documented and is available through official channels.",politicsNews,real
The department of health confirmed a revision in interest rates regarding a global pandemic,"As reported by multiple news agencies, the Department of Health confirmed a revision in interest rates concerning a global pandemic earlier today. A follow-up briefing is expected to be held later this month. A follow-up briefing is expected to be held later this month. Officials noted that the process will continue to be monitored closely over the coming weeks, with further updates expected to follow standard procedure. The matter has been documented and is available through official channels.",politicsNews,real
The european central bank released its quarterly report regarding a tech company's new product,"According to officials, the European Central Bank released its quarterly report concerning a tech company's new product earlier today. The decision follows months of deliberation among experts. The decision follows months of deliberation among experts. Officials noted that the process will continue to be monitored closely over the coming weeks, with further updates expected to follow standard procedure. The matter has been documented and is available through official channels.",politicsNews,real
Local authorities concluded an investigation into the matter regarding the new vaccine,"As reported by multiple news agencies, local authorities concluded an investigation into the matter concerning the new vaccine earlier today. The decision follows months of deliberation among experts. Authorities emphasized that the implementation will be gradual. Officials noted that the process will continue to be monitored closely over the coming weeks, with further updates expected to follow standard procedure. The matter has been documented and is available through official channels.",politicsNews,real
The election commission confirmed a revision in interest rates regarding a popular celebrity,"According to officials, the Election Commission confirmed a revision in interest rates concerning a popular celebrity earlier today. The decision follows months of deliberation among experts. Officials stated that further details will be released next week. Officials noted that the process will continue to be monitored closely over the coming weeks, with further updates expected to follow standard procedure. The matter has been documented and is available through official channels.",politicsNews,real
The central bank issued an official statement regarding a global pandemic,"According to officials, the central bank issued an official statement concerning a global pandemic earlier today. A follow-up briefing is expected to be held later this month. The report has been reviewed by independent analysts. Officials noted that the process will continue to be monitored closely over the coming weeks, with further updates expected to follow standard procedure. The matter has been documented and is available through official channels.",politicsNews,real
Researchers at a leading university concluded an investigation into the matter regarding a popular celebrity,"Data verified by independent auditors shows, researchers at a leading university concluded an investigation into the matter concerning a popular celebrity earlier today. The decision follows months of deliberation among experts. A follow-up briefing is expected to be held later this month. Officials noted that the process will continue to be monitored closely over the coming weeks, with further updates expected to follow standard procedure. The matter has been documented and is available through official channels.",politicsNews,real
The state government confirmed a revision in interest rates regarding the economy,"According to officials, the state government confirmed a revision in interest rates concerning the economy earlier today. A follow-up briefing is expected to be held later this month. The figures were cross-checked against previous quarterly data. Officials noted that the process will continue to be monitored closely over the coming weeks, with further updates expected to follow standard procedure. The matter has been documented and is available through official channels.",politicsNews,real
The city council approved a new infrastructure project regarding the education system,"Data verified by independent auditors shows, the city council approved a new infrastructure project concerning the education system earlier today. A follow-up briefing is expected to be held later this month. Stakeholders welcomed the move, citing its long-term benefits. Officials noted that the process will continue to be monitored closely over the coming weeks, with further updates expected to follow standard procedure. The matter has been documented and is available through official channels.",politicsNews,real
The united nations scheduled a meeting with stakeholders regarding a political scandal,"Citing official records, the United Nations scheduled a meeting with stakeholders concerning a political scandal earlier today. The decision follows months of deliberation among experts. The decision follows months of deliberation among experts. Officials noted that the process will continue to be monitored closely over the coming weeks, with further updates expected to follow standard procedure. The matter has been documented and is available through official channels.",politicsNews,real
The election commission published updated guidelines regarding a viral health trend,"Sources within the department confirmed, the Election Commission published updated guidelines concerning a viral health trend earlier today. Authorities emphasized that the implementation will be gradual. A follow-up briefing is expected to be held later this month. Officials noted that the process will continue to be monitored closely over the coming weeks, with further updates expected to follow standard procedure. The matter has been documented and is available through official channels.",politicsNews,real
The supreme court scheduled a meeting with stakeholders regarding a major sports event,"The report, published on the official website, stated, the Supreme Court scheduled a meeting with stakeholders concerning a major sports event earlier today. The report has been reviewed by independent analysts. The figures were cross-checked against previous quarterly data. Officials noted that the process will continue to be monitored closely over the coming weeks, with further updates expected to follow standard procedure. The matter has been documented and is available through official channels.",politicsNews,real
Researchers at a leading university issued an official statement regarding a natural disaster,"Citing official records, researchers at a leading university issued an official statement concerning a natural disaster earlier today. The figures were cross-checked against previous quarterly data. Authorities emphasized that the implementation will be gradual. Officials noted that the process will continue to be monitored closely over the coming weeks, with further updates expected to follow standard procedure. The matter has been documented and is available through official channels.",politicsNews,real
The central bank published updated guidelines regarding a new technology,"Citing official records, the central bank published updated guidelines concerning a new technology earlier today. The report has been reviewed by independent analysts. The decision follows months of deliberation among experts. Officials noted that the process will continue to be monitored closely over the coming weeks, with further updates expected to follow standard procedure. The matter has been documented and is available through official channels.",politicsNews,real
Researchers at a leading university released findings from a peer-reviewed study regarding a tech company's new product,"As reported by multiple news agencies, researchers at a leading university released findings from a peer-reviewed study concerning a tech company's new product earlier today. Stakeholders welcomed the move, citing its long-term benefits. The figures were cross-checked against previous quarterly data. Officials noted that the process will continue to be monitored closely over the coming weeks, with further updates expected to follow standard procedure. The matter has been documented and is available through official channels.",politicsNews,real
The european central bank announced a new policy regarding a global pandemic,"Data verified by independent auditors shows, the European Central Bank announced a new policy concerning a global pandemic earlier today. The report has been reviewed by independent analysts. Stakeholders welcomed the move, citing its long-term benefits. Officials noted that the process will continue to be monitored closely over the coming weeks, with further updates expected to follow standard procedure. The matter has been documented and is available through official channels.",politicsNews,real
Local authorities released findings from a peer-reviewed study regarding the housing market,"The report, published on the official website, stated, local authorities released findings from a peer-reviewed study concerning the housing market earlier today. The figures were cross-checked against previous quarterly data. The figures were cross-checked against previous quarterly data. Officials noted that the process will continue to be monitored closely over the coming weeks, with further updates expected to follow standard procedure. The matter has been documented and is available through official channels.",politicsNews,real
The united nations issued an official statement regarding climate change,"Citing official records, the United Nations issued an official statement concerning climate change earlier today. Stakeholders welcomed the move, citing its long-term benefits. The decision follows months of deliberation among experts. Officials noted that the process will continue to be monitored closely over the coming weeks, with further updates expected to follow standard procedure. The matter has been documented and is available through official channels.",politicsNews,real
Local authorities approved a new infrastructure project regarding a political scandal,"The official spokesperson said, local authorities approved a new infrastructure project concerning a political scandal earlier today. The figures were cross-checked against previous quarterly data. The announcement comes after a series of consultations with industry leaders. Officials noted that the process will continue to be monitored closely over the coming weeks, with further updates expected to follow standard procedure. The matter has been documented and is available through official channels.",politicsNews,real
The reserve bank announced a new policy regarding the new vaccine,"Data verified by independent auditors shows, the Reserve Bank announced a new policy concerning the new vaccine earlier today. Stakeholders welcomed the move, citing its long-term benefits. The report has been reviewed by independent analysts. Officials noted that the process will continue to be monitored closely over the coming weeks, with further updates expected to follow standard procedure. The matter has been documented and is available through official channels.",politicsNews,real
The ministry of finance confirmed a revision in interest rates regarding a natural disaster,"The report, published on the official website, stated, the Ministry of Finance confirmed a revision in interest rates concerning a natural disaster earlier today. The figures were cross-checked against previous quarterly data. The decision follows months of deliberation among experts. Officials noted that the process will continue to be monitored closely over the coming weeks, with further updates expected to follow standard procedure. The matter has been documented and is available through official channels.",politicsNews,real
The united nations approved a new infrastructure project regarding a viral health trend,"In a statement released on tuesday, the United Nations approved a new infrastructure project concerning a viral health trend earlier today. A follow-up briefing is expected to be held later this month. The decision follows months of deliberation among experts. Officials noted that the process will continue to be monitored closely over the coming weeks, with further updates expected to follow standard procedure. The matter has been documented and is available through official channels.",politicsNews,real
The reserve bank approved a new infrastructure project regarding a tech company's new product,"Citing official records, the Reserve Bank approved a new infrastructure project concerning a tech company's new product earlier today. The figures were cross-checked against previous quarterly data. Officials stated that further details will be released next week. Officials noted that the process will continue to be monitored closely over the coming weeks, with further updates expected to follow standard procedure. The matter has been documented and is available through official channels.",politicsNews,real
The prime minister's office announced a new policy regarding a political scandal,"Citing official records, the Prime Minister's Office announced a new policy concerning a political scandal earlier today. Officials stated that further details will be released next week. A follow-up briefing is expected to be held later this month. Officials noted that the process will continue to be monitored closely over the coming weeks, with further updates expected to follow standard procedure. The matter has been documented and is available through official channels.",politicsNews,real
The department of health confirmed a revision in interest rates regarding the upcoming election,"The report, published on the official website, stated, the Department of Health confirmed a revision in interest rates concerning the upcoming election earlier today. A follow-up briefing is expected to be held later this month. The decision follows months of deliberation among experts. Officials noted that the process will continue to be monitored closely over the coming weeks, with further updates expected to follow standard procedure. The matter has been documented and is available through official channels.",politicsNews,real
The reserve bank issued an official statement regarding a viral health trend,"As reported by multiple news agencies, the Reserve Bank issued an official statement concerning a viral health trend earlier today. The decision follows months of deliberation among experts. A follow-up briefing is expected to be held later this month. Officials noted that the process will continue to be monitored closely over the coming weeks, with further updates expected to follow standard procedure. The matter has been documented and is available through official channels.",politicsNews,real
The city council presented the annual budget regarding a popular celebrity,"According to officials, the city council presented the annual budget concerning a popular celebrity earlier today. Officials stated that further details will be released next week. A follow-up briefing is expected to be held later this month. Officials noted that the process will continue to be monitored closely over the coming weeks, with further updates expected to follow standard procedure. The matter has been documented and is available through official channels.",politicsNews,real
The election commission concluded an investigation into the matter regarding a major sports event,"The report, published on the official website, stated, the Election Commission concluded an investigation into the matter concerning a major sports event earlier today. Officials stated that further details will be released next week. The report has been reviewed by independent analysts. Officials noted that the process will continue to be monitored closely over the coming weeks, with further updates expected to follow standard procedure. The matter has been documented and is available through official channels.",politicsNews,real
The prime minister's office released findings from a peer-reviewed study regarding a political scandal,"As reported by multiple news agencies, the Prime Minister's Office released findings from a peer-reviewed study concerning a political scandal earlier today. The figures were cross-checked against previous quarterly data. The decision follows months of deliberation among experts. Officials noted that the process will continue to be monitored closely over the coming weeks, with further updates expected to follow standard procedure. The matter has been documented and is available through official channels.",politicsNews,real
Local authorities launched a public health initiative regarding the new vaccine,"Sources within the department confirmed, local authorities launched a public health initiative concerning the new vaccine earlier today. The report has been reviewed by independent analysts. The report has been reviewed by independent analysts. Officials noted that the process will continue to be monitored closely over the coming weeks, with further updates expected to follow standard procedure. The matter has been documented and is available through official channels.",politicsNews,real
The city council scheduled a meeting with stakeholders regarding the economy,"In a statement released on tuesday, the city council scheduled a meeting with stakeholders concerning the economy earlier today. Authorities emphasized that the implementation will be gradual. Officials stated that further details will be released next week. Officials noted that the process will continue to be monitored closely over the coming weeks, with further updates expected to follow standard procedure. The matter has been documented and is available through official channels.",politicsNews,real
The ministry of finance released its quarterly report regarding a popular celebrity,"Sources within the department confirmed, the Ministry of Finance released its quarterly report concerning a popular celebrity earlier today. Authorities emphasized that the implementation will be gradual. A follow-up briefing is expected to be held later this month. Officials noted that the process will continue to be monitored closely over the coming weeks, with further updates expected to follow standard procedure. The matter has been documented and is available through official channels.",politicsNews,real
The reserve bank held a press conference regarding a viral health trend,"Sources within the department confirmed, the Reserve Bank held a press conference concerning a viral health trend earlier today. The report has been reviewed by independent analysts. Stakeholders welcomed the move, citing its long-term benefits. Officials noted that the process will continue to be monitored closely over the coming weeks, with further updates expected to follow standard procedure. The matter has been documented and is available through official channels.",politicsNews,real
The ministry of finance released findings from a peer-reviewed study regarding a viral health trend,"As reported by multiple news agencies, the Ministry of Finance released findings from a peer-reviewed study concerning a viral health trend earlier today. The figures were cross-checked against previous quarterly data. Officials stated that further details will be released next week. Officials noted that the process will continue to be monitored closely over the coming weeks, with further updates expected to follow standard procedure. The matter has been documented and is available through official channels.",politicsNews,real
The world health organization scheduled a meeting with stakeholders regarding the economy,"In a statement released on tuesday, the World Health Organization scheduled a meeting with stakeholders concerning the economy earlier today. Authorities emphasized that the implementation will be gradual. The decision follows months of deliberation among experts. Officials noted that the process will continue to be monitored closely over the coming weeks, with further updates expected to follow standard procedure. The matter has been documented and is available through official channels.",politicsNews,real
The election commission released findings from a peer-reviewed study regarding the stock market,"As reported by multiple news agencies, the Election Commission released findings from a peer-reviewed study concerning the stock market earlier today. Stakeholders welcomed the move, citing its long-term benefits. A follow-up briefing is expected to be held later this month. Officials noted that the process will continue to be monitored closely over the coming weeks, with further updates expected to follow standard procedure. The matter has been documented and is available through official channels.",politicsNews,real
The department of health signed an agreement with neighboring countries regarding climate change,"Sources within the department confirmed, the Department of Health signed an agreement with neighboring countries concerning climate change earlier today. The figures were cross-checked against previous quarterly data. Officials stated that further details will be released next week. Officials noted that the process will continue to be monitored closely over the coming weeks, with further updates expected to follow standard procedure. The matter has been documented and is available through official channels.",politicsNews,real
The department of health presented the annual budget regarding a viral health trend,"Sources within the department confirmed, the Department of Health presented the annual budget concerning a viral health trend earlier today. The report has been reviewed by independent analysts. Stakeholders welcomed the move, citing its long-term benefits. Officials noted that the process will continue to be monitored closely over the coming weeks, with further updates expected to follow standard procedure. The matter has been documented and is available through official channels.",politicsNews,real
The reserve bank released findings from a peer-reviewed study regarding the economy,"In a statement released on tuesday, the Reserve Bank released findings from a peer-reviewed study concerning the economy earlier today. Authorities emphasized that the implementation will be gradual. The figures were cross-checked against previous quarterly data. Officials noted that the process will continue to be monitored closely over the coming weeks, with further updates expected to follow standard procedure. The matter has been documented and is available through official channels.",politicsNews,real
Local authorities held a press conference regarding a viral health trend,"Citing official records, local authorities held a press conference concerning a viral health trend earlier today. The figures were cross-checked against previous quarterly data. The report has been reviewed by independent analysts. Officials noted that the process will continue to be monitored closely over the coming weeks, with further updates expected to follow standard procedure. The matter has been documented and is available through official channels.",politicsNews,real
The european central bank announced a new policy regarding the new vaccine,"In a statement released on tuesday, the European Central Bank announced a new policy concerning the new vaccine earlier today. Officials stated that further details will be released next week. The report has been reviewed by independent analysts. Officials noted that the process will continue to be monitored closely over the coming weeks, with further updates expected to follow standard procedure. The matter has been documented and is available through official channels.",politicsNews,real
The election commission launched a public health initiative regarding a popular celebrity,"The report, published on the official website, stated, the Election Commission launched a public health initiative concerning a popular celebrity earlier today. Authorities emphasized that the implementation will be gradual. The announcement comes after a series of consultations with industry leaders. Officials noted that the process will continue to be monitored closely over the coming weeks, with further updates expected to follow standard procedure. The matter has been documented and is available through official channels.",politicsNews,real
The supreme court released its quarterly report regarding the stock market,"Citing official records, the Supreme Court released its quarterly report concerning the stock market earlier today. Officials stated that further details will be released next week. The announcement comes after a series of consultations with industry leaders. Officials noted that the process will continue to be monitored closely over the coming weeks, with further updates expected to follow standard procedure. The matter has been documented and is available through official channels.",politicsNews,real
The supreme court published updated guidelines regarding a viral health trend,"The official spokesperson said, the Supreme Court published updated guidelines concerning a viral health trend earlier today. Stakeholders welcomed the move, citing its long-term benefits. Authorities emphasized that the implementation will be gradual. Officials noted that the process will continue to be monitored closely over the coming weeks, with further updates expected to follow standard procedure. The matter has been documented and is available through official channels.",politicsNews,real
The election commission concluded an investigation into the matter regarding a natural disaster,"In a statement released on tuesday, the Election Commission concluded an investigation into the matter concerning a natural disaster earlier today. Stakeholders welcomed the move, citing its long-term benefits. The report has been reviewed by independent analysts. Officials noted that the process will continue to be monitored closely over the coming weeks, with further updates expected to follow standard procedure. The matter has been documented and is available through official channels.",politicsNews,real
The united nations released findings from a peer-reviewed study regarding a viral health trend,"Citing official records, the United Nations released findings from a peer-reviewed study concerning a viral health trend earlier today. The report has been reviewed by independent analysts. Officials stated that further details will be released next week. Officials noted that the process will continue to be monitored closely over the coming weeks, with further updates expected to follow standard procedure. The matter has been documented and is available through official channels.",politicsNews,real
The european central bank released findings from a peer-reviewed study regarding climate change,"The report, published on the official website, stated, the European Central Bank released findings from a peer-reviewed study concerning climate change earlier today. A follow-up briefing is expected to be held later this month. Authorities emphasized that the implementation will be gradual. Officials noted that the process will continue to be monitored closely over the coming weeks, with further updates expected to follow standard procedure. The matter has been documented and is available through official channels.",politicsNews,real
Nasa published updated guidelines regarding a popular celebrity,"As reported by multiple news agencies, NASA published updated guidelines concerning a popular celebrity earlier today. Officials stated that further details will be released next week. The announcement comes after a series of consultations with industry leaders. Officials noted that the process will continue to be monitored closely over the coming weeks, with further updates expected to follow standard procedure. The matter has been documented and is available through official channels.",politicsNews,real
The city council approved a new infrastructure project regarding a new technology,"Citing official records, the city council approved a new infrastructure project concerning a new technology earlier today. The announcement comes after a series of consultations with industry leaders. The figures were cross-checked against previous quarterly data. Officials noted that the process will continue to be monitored closely over the coming weeks, with further updates expected to follow standard procedure. The matter has been documented and is available through official channels.",politicsNews,real
The department of health confirmed a revision in interest rates regarding the stock market,"In a statement released on tuesday, the Department of Health confirmed a revision in interest rates concerning the stock market earlier today. Officials stated that further details will be released next week. The report has been reviewed by independent analysts. Officials noted that the process will continue to be monitored closely over the coming weeks, with further updates expected to follow standard procedure. The matter has been documented and is available through official channels.",politicsNews,real
Researchers at a leading university released its quarterly report regarding the new vaccine,"Data verified by independent auditors shows, researchers at a leading university released its quarterly report concerning the new vaccine earlier today. The announcement comes after a series of consultations with industry leaders. The report has been reviewed by independent analysts. Officials noted that the process will continue to be monitored closely over the coming weeks, with further updates expected to follow standard procedure. The matter has been documented and is available through official channels.",politicsNews,real
The reserve bank released its quarterly report regarding a viral health trend,"The report, published on the official website, stated, the Reserve Bank released its quarterly report concerning a viral health trend earlier today. The announcement comes after a series of consultations with industry leaders. The announcement comes after a series of consultations with industry leaders. Officials noted that the process will continue to be monitored closely over the coming weeks, with further updates expected to follow standard procedure. The matter has been documented and is available through official channels.",politicsNews,real
Researchers at a leading university signed an agreement with neighboring countries regarding the economy,"As reported by multiple news agencies, researchers at a leading university signed an agreement with neighboring countries concerning the economy earlier today. Authorities emphasized that the implementation will be gradual. Stakeholders welcomed the move, citing its long-term benefits. Officials noted that the process will continue to be monitored closely over the coming weeks, with further updates expected to follow standard procedure. The matter has been documented and is available through official channels.",politicsNews,real
The ministry of finance concluded an investigation into the matter regarding a political scandal,"Data verified by independent auditors shows, the Ministry of Finance concluded an investigation into the matter concerning a political scandal earlier today. A follow-up briefing is expected to be held later this month. Officials stated that further details will be released next week. Officials noted that the process will continue to be monitored closely over the coming weeks, with further updates expected to follow standard procedure. The matter has been documented and is available through official channels.",politicsNews,real
The european central bank held a press conference regarding a global pandemic,"As reported by multiple news agencies, the European Central Bank held a press conference concerning a global pandemic earlier today. Stakeholders welcomed the move, citing its long-term benefits. The announcement comes after a series of consultations with industry leaders. Officials noted that the process will continue to be monitored closely over the coming weeks, with further updates expected to follow standard procedure. The matter has been documented and is available through official channels.",politicsNews,real
The european central bank concluded an investigation into the matter regarding a new technology,"In a statement released on tuesday, the European Central Bank concluded an investigation into the matter concerning a new technology earlier today. Stakeholders welcomed the move, citing its long-term benefits. Stakeholders welcomed the move, citing its long-term benefits. Officials noted that the process will continue to be monitored closely over the coming weeks, with further updates expected to follow standard procedure. The matter has been documented and is available through official channels.",politicsNews,real
The world health organization scheduled a meeting with stakeholders regarding a tech company's new product,"In a statement released on tuesday, the World Health Organization scheduled a meeting with stakeholders concerning a tech company's new product earlier today. The figures were cross-checked against previous quarterly data. The decision follows months of deliberation among experts. Officials noted that the process will continue to be monitored closely over the coming weeks, with further updates expected to follow standard procedure. The matter has been documented and is available through official channels.",politicsNews,real
The city council presented the annual budget regarding the stock market,"The report, published on the official website, stated, the city council presented the annual budget concerning the stock market earlier today. The decision follows months of deliberation among experts. A follow-up briefing is expected to be held later this month. Officials noted that the process will continue to be monitored closely over the coming weeks, with further updates expected to follow standard procedure. The matter has been documented and is available through official channels.",politicsNews,real
The supreme court held a press conference regarding a viral health trend,"Sources within the department confirmed, the Supreme Court held a press conference concerning a viral health trend earlier today. The figures were cross-checked against previous quarterly data. The report has been reviewed by independent analysts. Officials noted that the process will continue to be monitored closely over the coming weeks, with further updates expected to follow standard procedure. The matter has been documented and is available through official channels.",politicsNews,real
The prime minister's office approved a new infrastructure project regarding the education system,"The official spokesperson said, the Prime Minister's Office approved a new infrastructure project concerning the education system earlier today. The announcement comes after a series of consultations with industry leaders. Stakeholders welcomed the move, citing its long-term benefits. Officials noted that the process will continue to be monitored closely over the coming weeks, with further updates expected to follow standard procedure. The matter has been documented and is available through official channels.",politicsNews,real
The department of health scheduled a meeting with stakeholders regarding a major sports event,"According to officials, the Department of Health scheduled a meeting with stakeholders concerning a major sports event earlier today. Authorities emphasized that the implementation will be gradual. Authorities emphasized that the implementation will be gradual. Officials noted that the process will continue to be monitored closely over the coming weeks, with further updates expected to follow standard procedure. The matter has been documented and is available through official channels.",politicsNews,real
The ministry of finance confirmed a revision in interest rates regarding the stock market,"Data verified by independent auditors shows, the Ministry of Finance confirmed a revision in interest rates concerning the stock market earlier today. Stakeholders welcomed the move, citing its long-term benefits. The announcement comes after a series of consultations with industry leaders. Officials noted that the process will continue to be monitored closely over the coming weeks, with further updates expected to follow standard procedure. The matter has been documented and is available through official channels.",politicsNews,real
Researchers at a leading university concluded an investigation into the matter regarding a tech company's new product,"The official spokesperson said, researchers at a leading university concluded an investigation into the matter concerning a tech company's new product earlier today. The decision follows months of deliberation among experts. The figures were cross-checked against previous quarterly data. Officials noted that the process will continue to be monitored closely over the coming weeks, with further updates expected to follow standard procedure. The matter has been documented and is available through official channels.",politicsNews,real
The european central bank scheduled a meeting with stakeholders regarding a popular celebrity,"According to officials, the European Central Bank scheduled a meeting with stakeholders concerning a popular celebrity earlier today. Officials stated that further details will be released next week. The announcement comes after a series of consultations with industry leaders. Officials noted that the process will continue to be monitored closely over the coming weeks, with further updates expected to follow standard procedure. The matter has been documented and is available through official channels.",politicsNews,real
Researchers at a leading university held a press conference regarding a major sports event,"The official spokesperson said, researchers at a leading university held a press conference concerning a major sports event earlier today. The announcement comes after a series of consultations with industry leaders. The report has been reviewed by independent analysts. Officials noted that the process will continue to be monitored closely over the coming weeks, with further updates expected to follow standard procedure. The matter has been documented and is available through official channels.",politicsNews,real
The european central bank issued an official statement regarding a popular celebrity,"As reported by multiple news agencies, the European Central Bank issued an official statement concerning a popular celebrity earlier today. A follow-up briefing is expected to be held later this month. The figures were cross-checked against previous quarterly data. Officials noted that the process will continue to be monitored closely over the coming weeks, with further updates expected to follow standard procedure. The matter has been documented and is available through official channels.",politicsNews,real
The ministry of finance released findings from a peer-reviewed study regarding a popular celebrity,"Sources within the department confirmed, the Ministry of Finance released findings from a peer-reviewed study concerning a popular celebrity earlier today. The report has been reviewed by independent analysts. Officials stated that further details will be released next week. Officials noted that the process will continue to be monitored closely over the coming weeks, with further updates expected to follow standard procedure. The matter has been documented and is available through official channels.",politicsNews,real
Nasa held a press conference regarding a political scandal,"The official spokesperson said, NASA held a press conference concerning a political scandal earlier today. The decision follows months of deliberation among experts. Authorities emphasized that the implementation will be gradual. Officials noted that the process will continue to be monitored closely over the coming weeks, with further updates expected to follow standard procedure. The matter has been documented and is available through official channels.",politicsNews,real
The world health organization held a press conference regarding a new technology,"According to officials, the World Health Organization held a press conference concerning a new technology earlier today. The report has been reviewed by independent analysts. The report has been reviewed by independent analysts. Officials noted that the process will continue to be monitored closely over the coming weeks, with further updates expected to follow standard procedure. The matter has been documented and is available through official channels.",politicsNews,real
The united nations launched a public health initiative regarding the education system,"As reported by multiple news agencies, the United Nations launched a public health initiative concerning the education system earlier today. Officials stated that further details will be released next week. Stakeholders welcomed the move, citing its long-term benefits. Officials noted that the process will continue to be monitored closely over the coming weeks, with further updates expected to follow standard procedure. The matter has been documented and is available through official channels.",politicsNews,real
The reserve bank approved a new infrastructure project regarding the housing market,"Citing official records, the Reserve Bank approved a new infrastructure project concerning the housing market earlier today. A follow-up briefing is expected to be held later this month. The figures were cross-checked against previous quarterly data. Officials noted that the process will continue to be monitored closely over the coming weeks, with further updates expected to follow standard procedure. The matter has been documented and is available through official channels.",politicsNews,real
The city council concluded an investigation into the matter regarding a political scandal,"In a statement released on tuesday, the city council concluded an investigation into the matter concerning a political scandal earlier today. The announcement comes after a series of consultations with industry leaders. The figures were cross-checked against previous quarterly data. Officials noted that the process will continue to be monitored closely over the coming weeks, with further updates expected to follow standard procedure. The matter has been documented and is available through official channels.",politicsNews,real
The ministry of finance concluded an investigation into the matter regarding a tech company's new product,"The report, published on the official website, stated, the Ministry of Finance concluded an investigation into the matter concerning a tech company's new product earlier today. The announcement comes after a series of consultations with industry leaders. Officials stated that further details will be released next week. Officials noted that the process will continue to be monitored closely over the coming weeks, with further updates expected to follow standard procedure. The matter has been documented and is available through official channels.",politicsNews,real
The reserve bank published updated guidelines regarding the upcoming election,"Citing official records, the Reserve Bank published updated guidelines concerning the upcoming election earlier today. The decision follows months of deliberation among experts. Stakeholders welcomed the move, citing its long-term benefits. Officials noted that the process will continue to be monitored closely over the coming weeks, with further updates expected to follow standard procedure. The matter has been documented and is available through official channels.",politicsNews,real
The prime minister's office signed an agreement with neighboring countries regarding the economy,"As reported by multiple news agencies, the Prime Minister's Office signed an agreement with neighboring countries concerning the economy earlier today. Stakeholders welcomed the move, citing its long-term benefits. A follow-up briefing is expected to be held later this month. Officials noted that the process will continue to be monitored closely over the coming weeks, with further updates expected to follow standard procedure. The matter has been documented and is available through official channels.",politicsNews,real
The central bank signed an agreement with neighboring countries regarding climate change,"Citing official records, the central bank signed an agreement with neighboring countries concerning climate change earlier today. The figures were cross-checked against previous quarterly data. The decision follows months of deliberation among experts. Officials noted that the process will continue to be monitored closely over the coming weeks, with further updates expected to follow standard procedure. The matter has been documented and is available through official channels.",politicsNews,real
The supreme court launched a public health initiative regarding a global pandemic,"In a statement released on tuesday, the Supreme Court launched a public health initiative concerning a global pandemic earlier today. The figures were cross-checked against previous quarterly data. Officials stated that further details will be released next week. Officials noted that the process will continue to be monitored closely over the coming weeks, with further updates expected to follow standard procedure. The matter has been documented and is available through official channels.",politicsNews,real
The central bank launched a public health initiative regarding the stock market,"Sources within the department confirmed, the central bank launched a public health initiative concerning the stock market earlier today. Authorities emphasized that the implementation will be gradual. Stakeholders welcomed the move, citing its long-term benefits. Officials noted that the process will continue to be monitored closely over the coming weeks, with further updates expected to follow standard procedure. The matter has been documented and is available through official channels.",politicsNews,real
Local authorities scheduled a meeting with stakeholders regarding the economy,"Data verified by independent auditors shows, local authorities scheduled a meeting with stakeholders concerning the economy earlier today. The decision follows months of deliberation among experts. Stakeholders welcomed the move, citing its long-term benefits. Officials noted that the process will continue to be monitored closely over the coming weeks, with further updates expected to follow standard procedure. The matter has been documented and is available through official channels.",politicsNews,real
The supreme court released findings from a peer-reviewed study regarding the stock market,"Citing official records, the Supreme Court released findings from a peer-reviewed study concerning the stock market earlier today. Authorities emphasized that the implementation will be gradual. The announcement comes after a series of consultations with industry leaders. Officials noted that the process will continue to be monitored closely over the coming weeks, with further updates expected to follow standard procedure. The matter has been documented and is available through official channels.",politicsNews,real
The prime minister's office released findings from a peer-reviewed study regarding a natural disaster,"According to officials, the Prime Minister's Office released findings from a peer-reviewed study concerning a natural disaster earlier today. Officials stated that further details will be released next week. The report has been reviewed by independent analysts. Officials noted that the process will continue to be monitored closely over the coming weeks, with further updates expected to follow standard procedure. The matter has been documented and is available through official channels.",politicsNews,real
The world health organization released findings from a peer-reviewed study regarding the new vaccine,"The official spokesperson said, the World Health Organization released findings from a peer-reviewed study concerning the new vaccine earlier today. The figures were cross-checked against previous quarterly data. The announcement comes after a series of consultations with industry leaders. Officials noted that the process will continue to be monitored closely over the coming weeks, with further updates expected to follow standard procedure. The matter has been documented and is available through official channels.",politicsNews,real
The world health organization signed an agreement with neighboring countries regarding a viral health trend,"In a statement released on tuesday, the World Health Organization signed an agreement with neighboring countries concerning a viral health trend earlier today. Stakeholders welcomed the move, citing its long-term benefits. The figures were cross-checked against previous quarterly data. Officials noted that the process will continue to be monitored closely over the coming weeks, with further updates expected to follow standard procedure. The matter has been documented and is available through official channels.",politicsNews,real
The reserve bank released its quarterly report regarding a tech company's new product,"As reported by multiple news agencies, the Reserve Bank released its quarterly report concerning a tech company's new product earlier today. The decision follows months of deliberation among experts. The announcement comes after a series of consultations with industry leaders. Officials noted that the process will continue to be monitored closely over the coming weeks, with further updates expected to follow standard procedure. The matter has been documented and is available through official channels.",politicsNews,real
The central bank issued an official statement regarding the new vaccine,"Citing official records, the central bank issued an official statement concerning the new vaccine earlier today. Officials stated that further details will be released next week. A follow-up briefing is expected to be held later this month. Officials noted that the process will continue to be monitored closely over the coming weeks, with further updates expected to follow standard procedure. The matter has been documented and is available through official channels.",politicsNews,real
The european central bank presented the annual budget regarding a natural disaster,"The report, published on the official website, stated, the European Central Bank presented the annual budget concerning a natural disaster earlier today. Authorities emphasized that the implementation will be gradual. The report has been reviewed by independent analysts. Officials noted that the process will continue to be monitored closely over the coming weeks, with further updates expected to follow standard procedure. The matter has been documented and is available through official channels.",politicsNews,real
Researchers at a leading university announced a new policy regarding a new technology,"In a statement released on tuesday, researchers at a leading university announced a new policy concerning a new technology earlier today. The announcement comes after a series of consultations with industry leaders. Authorities emphasized that the implementation will be gradual. Officials noted that the process will continue to be monitored closely over the coming weeks, with further updates expected to follow standard procedure. The matter has been documented and is available through official channels.",politicsNews,real
The european central bank approved a new infrastructure project regarding the new vaccine,"Data verified by independent auditors shows, the European Central Bank approved a new infrastructure project concerning the new vaccine earlier today. The report has been reviewed by independent analysts. Stakeholders welcomed the move, citing its long-term benefits. Officials noted that the process will continue to be monitored closely over the coming weeks, with further updates expected to follow standard procedure. The matter has been documented and is available through official channels.",politicsNews,real
Local authorities presented the annual budget regarding a major sports event,"The report, published on the official website, stated, local authorities presented the annual budget concerning a major sports event earlier today. The figures were cross-checked against previous quarterly data. The figures were cross-checked against previous quarterly data. Officials noted that the process will continue to be monitored closely over the coming weeks, with further updates expected to follow standard procedure. The matter has been documented and is available through official channels.",politicsNews,real
The european central bank launched a public health initiative regarding a political scandal,"Sources within the department confirmed, the European Central Bank launched a public health initiative concerning a political scandal earlier today. Authorities emphasized that the implementation will be gradual. The decision follows months of deliberation among experts. Officials noted that the process will continue to be monitored closely over the coming weeks, with further updates expected to follow standard procedure. The matter has been documented and is available through official channels.",politicsNews,real
The reserve bank published updated guidelines regarding the new vaccine,"The report, published on the official website, stated, the Reserve Bank published updated guidelines concerning the new vaccine earlier today. The announcement comes after a series of consultations with industry leaders. Stakeholders welcomed the move, citing its long-term benefits. Officials noted that the process will continue to be monitored closely over the coming weeks, with further updates expected to follow standard procedure. The matter has been documented and is available through official channels.",politicsNews,real
The prime minister's office signed an agreement with neighboring countries regarding the upcoming election,"Data verified by independent auditors shows, the Prime Minister's Office signed an agreement with neighboring countries concerning the upcoming election earlier today. The report has been reviewed by independent analysts. Authorities emphasized that the implementation will be gradual. Officials noted that the process will continue to be monitored closely over the coming weeks, with further updates expected to follow standard procedure. The matter has been documented and is available through official channels.",politicsNews,real
The ministry of finance released its quarterly report regarding a political scandal,"Sources within the department confirmed, the Ministry of Finance released its quarterly report concerning a political scandal earlier today. The decision follows months of deliberation among experts. The report has been reviewed by independent analysts. Officials noted that the process will continue to be monitored closely over the coming weeks, with further updates expected to follow standard procedure. The matter has been documented and is available through official channels.",politicsNews,real
The reserve bank announced a new policy regarding climate change,"Citing official records, the Reserve Bank announced a new policy concerning climate change earlier today. The decision follows months of deliberation among experts. The report has been reviewed by independent analysts. Officials noted that the process will continue to be monitored closely over the coming weeks, with further updates expected to follow standard procedure. The matter has been documented and is available through official channels.",politicsNews,real
The world health organization approved a new infrastructure project regarding the new vaccine,"The report, published on the official website, stated, the World Health Organization approved a new infrastructure project concerning the new vaccine earlier today. The decision follows months of deliberation among experts. Officials stated that further details will be released next week. Officials noted that the process will continue to be monitored closely over the coming weeks, with further updates expected to follow standard procedure. The matter has been documented and is available through official channels.",politicsNews,real
The central bank confirmed a revision in interest rates regarding the new vaccine,"Citing official records, the central bank confirmed a revision in interest rates concerning the new vaccine earlier today. The announcement comes after a series of consultations with industry leaders. The announcement comes after a series of consultations with industry leaders. Officials noted that the process will continue to be monitored closely over the coming weeks, with further updates expected to follow standard procedure. The matter has been documented and is available through official channels.",politicsNews,real
The ministry of finance launched a public health initiative regarding climate change,"Data verified by independent auditors shows, the Ministry of Finance launched a public health initiative concerning climate change earlier today. Officials stated that further details will be released next week. A follow-up briefing is expected to be held later this month. Officials noted that the process will continue to be monitored closely over the coming weeks, with further updates expected to follow standard procedure. The matter has been documented and is available through official channels.",politicsNews,real
The state government held a press conference regarding a political scandal,"Citing official records, the state government held a press conference concerning a political scandal earlier today. A follow-up briefing is expected to be held later this month. Authorities emphasized that the implementation will be gradual. Officials noted that the process will continue to be monitored closely over the coming weeks, with further updates expected to follow standard procedure. The matter has been documented and is available through official channels.",politicsNews,real
The city council signed an agreement with neighboring countries regarding a natural disaster,"Data verified by independent auditors shows, the city council signed an agreement with neighboring countries concerning a natural disaster earlier today. Authorities emphasized that the implementation will be gradual. Stakeholders welcomed the move, citing its long-term benefits. Officials noted that the process will continue to be monitored closely over the coming weeks, with further updates expected to follow standard procedure. The matter has been documented and is available through official channels.",politicsNews,real
The ministry of finance announced a new policy regarding climate change,"Sources within the department confirmed, the Ministry of Finance announced a new policy concerning climate change earlier today. Officials stated that further details will be released next week. A follow-up briefing is expected to be held later this month. Officials noted that the process will continue to be monitored closely over the coming weeks, with further updates expected to follow standard procedure. The matter has been documented and is available through official channels.",politicsNews,real
The european central bank signed an agreement with neighboring countries regarding a major sports event,"Citing official records, the European Central Bank signed an agreement with neighboring countries concerning a major sports event earlier today. The figures were cross-checked against previous quarterly data. Officials stated that further details will be released next week. Officials noted that the process will continue to be monitored closely over the coming weeks, with further updates expected to follow standard procedure. The matter has been documented and is available through official channels.",politicsNews,real
The state government announced a new policy regarding climate change,"The report, published on the official website, stated, the state government announced a new policy concerning climate change earlier today. The figures were cross-checked against previous quarterly data. Stakeholders welcomed the move, citing its long-term benefits. Officials noted that the process will continue to be monitored closely over the coming weeks, with further updates expected to follow standard procedure. The matter has been documented and is available through official channels.",politicsNews,real
The world health organization launched a public health initiative regarding a natural disaster,"Citing official records, the World Health Organization launched a public health initiative concerning a natural disaster earlier today. The figures were cross-checked against previous quarterly data. Authorities emphasized that the implementation will be gradual. Officials noted that the process will continue to be monitored closely over the coming weeks, with further updates expected to follow standard procedure. The matter has been documented and is available through official channels.",politicsNews,real
The central bank released findings from a peer-reviewed study regarding the economy,"As reported by multiple news agencies, the central bank released findings from a peer-reviewed study concerning the economy earlier today. The report has been reviewed by independent analysts. The announcement comes after a series of consultations with industry leaders. Officials noted that the process will continue to be monitored closely over the coming weeks, with further updates expected to follow standard procedure. The matter has been documented and is available through official channels.",politicsNews,real
The reserve bank held a press conference regarding the housing market,"The official spokesperson said, the Reserve Bank held a press conference concerning the housing market earlier today. A follow-up briefing is expected to be held later this month. The announcement comes after a series of consultations with industry leaders. Officials noted that the process will continue to be monitored closely over the coming weeks, with further updates expected to follow standard procedure. The matter has been documented and is available through official channels.",politicsNews,real
The state government published updated guidelines regarding a political scandal,"The report, published on the official website, stated, the state government published updated guidelines concerning a political scandal earlier today. Authorities emphasized that the implementation will be gradual. Authorities emphasized that the implementation will be gradual. Officials noted that the process will continue to be monitored closely over the coming weeks, with further updates expected to follow standard procedure. The matter has been documented and is available through official channels.",politicsNews,real
The world health organization published updated guidelines regarding the housing market,"Data verified by independent auditors shows, the World Health Organization published updated guidelines concerning the housing market earlier today. The figures were cross-checked against previous quarterly data. Stakeholders welcomed the move, citing its long-term benefits. Officials noted that the process will continue to be monitored closely over the coming weeks, with further updates expected to follow standard procedure. The matter has been documented and is available through official channels.",politicsNews,real
The reserve bank approved a new infrastructure project regarding the economy,"The report, published on the official website, stated, the Reserve Bank approved a new infrastructure project concerning the economy earlier today. The figures were cross-checked against previous quarterly data. Officials stated that further details will be released next week. Officials noted that the process will continue to be monitored closely over the coming weeks, with further updates expected to follow standard procedure. The matter has been documented and is available through official channels.",politicsNews,real
Researchers at a leading university concluded an investigation into the matter regarding a new technology,"The official spokesperson said, researchers at a leading university concluded an investigation into the matter concerning a new technology earlier today. The announcement comes after a series of consultations with industry leaders. The announcement comes after a series of consultations with industry leaders. Officials noted that the process will continue to be monitored closely over the coming weeks, with further updates expected to follow standard procedure. The matter has been documented and is available through official channels.",politicsNews,real
The election commission announced a new policy regarding the economy,"The official spokesperson said, the Election Commission announced a new policy concerning the economy earlier today. Stakeholders welcomed the move, citing its long-term benefits. A follow-up briefing is expected to be held later this month. Officials noted that the process will continue to be monitored closely over the coming weeks, with further updates expected to follow standard procedure. The matter has been documented and is available through official channels.",politicsNews,real
The city council released findings from a peer-reviewed study regarding the housing market,"Data verified by independent auditors shows, the city council released findings from a peer-reviewed study concerning the housing market earlier today. The figures were cross-checked against previous quarterly data. The decision follows months of deliberation among experts. Officials noted that the process will continue to be monitored closely over the coming weeks, with further updates expected to follow standard procedure. The matter has been documented and is available through official channels.",politicsNews,real
The european central bank signed an agreement with neighboring countries regarding a political scandal,"Data verified by independent auditors shows, the European Central Bank signed an agreement with neighboring countries concerning a political scandal earlier today. Officials stated that further details will be released next week. Stakeholders welcomed the move, citing its long-term benefits. Officials noted that the process will continue to be monitored closely over the coming weeks, with further updates expected to follow standard procedure. The matter has been documented and is available through official channels.",politicsNews,real
The state government confirmed a revision in interest rates regarding the stock market,"Sources within the department confirmed, the state government confirmed a revision in interest rates concerning the stock market earlier today. Stakeholders welcomed the move, citing its long-term benefits. A follow-up briefing is expected to be held later this month. Officials noted that the process will continue to be monitored closely over the coming weeks, with further updates expected to follow standard procedure. The matter has been documented and is available through official channels.",politicsNews,real
The state government approved a new infrastructure project regarding a major sports event,"Data verified by independent auditors shows, the state government approved a new infrastructure project concerning a major sports event earlier today. The report has been reviewed by independent analysts. The figures were cross-checked against previous quarterly data. Officials noted that the process will continue to be monitored closely over the coming weeks, with further updates expected to follow standard procedure. The matter has been documented and is available through official channels.",politicsNews,real
The election commission presented the annual budget regarding the new vaccine,"Sources within the department confirmed, the Election Commission presented the annual budget concerning the new vaccine earlier today. The report has been reviewed by independent analysts. Officials stated that further details will be released next week. Officials noted that the process will continue to be monitored closely over the coming weeks, with further updates expected to follow standard procedure. The matter has been documented and is available through official channels.",politicsNews,real
The ministry of finance released findings from a peer-reviewed study regarding the stock market,"Citing official records, the Ministry of Finance released findings from a peer-reviewed study concerning the stock market earlier today. Officials stated that further details will be released next week. A follow-up briefing is expected to be held later this month. Officials noted that the process will continue to be monitored closely over the coming weeks, with further updates expected to follow standard procedure. The matter has been documented and is available through official channels.",politicsNews,real
The supreme court released findings from a peer-reviewed study regarding the stock market,"Sources within the department confirmed, the Supreme Court released findings from a peer-reviewed study concerning the stock market earlier today. The report has been reviewed by independent analysts. The figures were cross-checked against previous quarterly data. Officials noted that the process will continue to be monitored closely over the coming weeks, with further updates expected to follow standard procedure. The matter has been documented and is available through official channels.",politicsNews,real
The ministry of finance held a press conference regarding the stock market,"As reported by multiple news agencies, the Ministry of Finance held a press conference concerning the stock market earlier today. The report has been reviewed by independent analysts. Stakeholders welcomed the move, citing its long-term benefits. Officials noted that the process will continue to be monitored closely over the coming weeks, with further updates expected to follow standard procedure. The matter has been documented and is available through official channels.",politicsNews,real
The city council released findings from a peer-reviewed study regarding the new vaccine,"In a statement released on tuesday, the city council released findings from a peer-reviewed study concerning the new vaccine earlier today. The figures were cross-checked against previous quarterly data. Stakeholders welcomed the move, citing its long-term benefits. Officials noted that the process will continue to be monitored closely over the coming weeks, with further updates expected to follow standard procedure. The matter has been documented and is available through official channels.",politicsNews,real
Researchers at a leading university issued an official statement regarding the housing market,"Citing official records, researchers at a leading university issued an official statement concerning the housing market earlier today. A follow-up briefing is expected to be held later this month. The figures were cross-checked against previous quarterly data. Officials noted that the process will continue to be monitored closely over the coming weeks, with further updates expected to follow standard procedure. The matter has been documented and is available through official channels.",politicsNews,real
The department of health signed an agreement with neighboring countries regarding a viral health trend,"According to officials, the Department of Health signed an agreement with neighboring countries concerning a viral health trend earlier today. Authorities emphasized that the implementation will be gradual. The decision follows months of deliberation among experts. Officials noted that the process will continue to be monitored closely over the coming weeks, with further updates expected to follow standard procedure. The matter has been documented and is available through official channels.",politicsNews,real
